observation_date,window,ust_3m,ust_2y,ust_5y,ust_10y,ust_30y,curve_spread_10y_2y,curve_spread_10y_3m,fed_funds_eff,cpi_yoy,core_cpi_yoy,pce_yoy,core_pce_yoy,ppi_yoy,ahe_yoy,gdp_growth_yoy,indprod_yoy,retail_sales_yoy,unemployment_rate,u6_rate,participation_rate,unemp_duration_weeks,initial_claims_k,continuing_claims_k,payroll_chg_k,jolts_openings_k,housing_starts_k,consumer_sentiment_idx,ism_pmi_idx,ig_oas,hy_oas,gold_usd_oz,silver_usd_oz,oil_wti_usd_bbl,beef_usd_lb,tech_sector_idx,ai_sector_idx,tech_co_1_px,tech_co_2_px,tech_co_3_px,tech_co_4_px,tech_co_5_px,ai_co_1_px,ai_co_2_px,ai_co_3_px,ai_co_4_px,ai_co_5_px,source,value_class
2018-01-31,03M,,,,,,,,,,,,,,,,,,,,,,,,,,,,,,,,,,,,,,,,,,,,,,,SYNTHETIC,MARKET_DATA
2018-02-28,03M,,,,,,,,,,,,,,,,,,,,,,,,,,,,,,,,,,,,,,,,,,,,,,,SYNTHETIC,MARKET_DATA
2018-03-31,03M,2.0896,1.92,2.4185,2.8742,3.3095,0.9541,0.7846,2.0745,2.0508,2.0826,1.6812,1.6372,2.3094,3.3403,1.168,0.1992,0.8482,4.9632,9.3025,62.368,9.1807,498.1745,3106.9561,185.7489,5212.2482,1071.0877,78.8978,49.378,1.787,5.737,1465.8787,21.0693,25.5216,3.6907,95.9734,98.7082,45.2516,132.0729,50.6289,207.4411,179.8277,77.2269,88.0942,87.9171,113.2574,77.3529,SYNTHETIC,MARKET_DATA
2018-04-30,03M,2.1335,2.1742,2.6454,3.1296,3.5462,0.9554,0.9961,2.1558,2.7677,2.6806,2.4119,2.2381,3.3091,3.3346,0.5453,-0.5177,-0.42,5.9645,11.0611,62.1025,11.0373,920.5412,3868.3445,-295.6251,4953.7389,901.7282,69.4169,48.3567,2.0524,6.4901,1558.8199,23.0911,22.607,3.6751,94.4395,98.8514,45.6735,130.6935,49.5018,201.3902,169.4018,73.4769,84.1343,79.1598,119.4654,83.8754,SYNTHETIC,MARKET_DATA
2018-05-31,03M,2.1694,2.3316,2.7904,3.251,3.6522,0.9194,1.0816,2.2332,2.8573,2.7952,2.498,2.3814,3.6356,3.3807,0.4985,-0.4334,-0.6371,5.9816,11.0387,62.0619,12.829,931.6865,4769.0672,-316.5292,4984.1158,856.5848,68.9491,48.3891,2.0876,6.528,1606.7667,24.1412,22.8346,3.6561,91.3975,100.7142,47.8151,121.3762,47.7894,199.209,153.7935,78.1619,83.9097,73.391,127.8633,86.7305,SYNTHETIC,MARKET_DATA
2018-06-30,03M,2.2119,2.3747,2.8409,3.2375,3.628,0.8629,1.0256,2.2754,2.8182,2.7849,2.4218,2.348,3.7312,3.3146,0.4061,-0.3807,-1.0128,6.1678,11.3331,62.0255,14.5991,1017.344,4756.7467,-405.3811,4939.4958,834.1558,68.0023,47.9772,2.1597,6.6837,1666.8231,24.7358,18.488,3.671,92.7866,101.2419,51.8121,116.5697,48.8434,201.4749,153.6092,77.8139,86.1404,68.9569,134.8846,84.3362,SYNTHETIC,MARKET_DATA
2018-07-31,03M,2.2719,2.2625,2.8383,3.2694,3.683,1.0068,0.9974,2.3198,2.2954,2.3875,1.8539,1.9183,2.9703,3.4092,0.8619,0.2119,-0.1809,5.2981,9.713,62.2313,16.8726,606.5258,4861.3773,524.1403,5145.7018,911.325,76.1528,48.4526,1.9372,5.9607,1618.4121,23.5606,18.488,3.6886,95.1672,103.2602,55.4194,113.5787,50.0898,201.1929,153.1076,86.4948,94.2513,69.8523,142.1051,82.8627,SYNTHETIC,MARKET_DATA
2018-08-31,03M,2.3967,2.2312,2.6972,3.0396,3.4968,0.8084,0.6429,2.4043,1.7372,1.9448,1.2845,1.4764,1.9238,3.3773,0.8604,0.2,-0.1028,5.3223,9.7224,62.2253,16.8399,608.7294,4043.5701,546.2367,5206.783,966.876,76.5291,47.703,1.9167,5.9248,1618.8302,23.0228,16.8494,3.7382,98.7815,104.671,57.5596,120.8093,51.2966,200.3526,159.7239,89.9624,103.7095,71.8197,149.9456,80.105,SYNTHETIC,MARKET_DATA
2018-09-30,03M,2.5109,2.1415,2.6864,3.1396,3.6109,0.9981,0.6288,2.4794,1.6614,1.8569,1.2207,1.4124,1.5998,3.4499,1.0856,0.3257,0.4668,4.887,8.8784,62.2871,17.2128,493.448,4068.3603,867.0007,5569.2689,1032.2336,79.6609,47.6762,1.7777,5.5569,1569.3167,22.1726,25.6039,3.7545,100.1154,108.37,57.9748,128.8822,51.6685,202.8143,158.3452,96.8482,108.558,79.7495,146.3821,80.667,SYNTHETIC,MARKET_DATA
2018-10-31,03M,2.5753,2.1974,2.7687,3.2206,3.6559,1.0233,0.6453,2.513,1.6973,1.8539,1.2505,1.4309,1.5445,3.4704,1.1512,0.262,0.6706,4.8285,8.7867,62.2788,15.0167,484.0384,3704.1998,483.2412,5679.3551,1041.4552,80.0818,47.4945,1.7707,5.5576,1565.1631,21.812,27.2913,3.7575,99.2411,109.1778,56.8309,133.2122,51.3871,205.3061,160.9003,99.1495,106.5192,82.3317,145.8678,77.8104,SYNTHETIC,MARKET_DATA
2018-11-30,03M,2.5628,2.2933,3.0017,3.5202,3.886,1.2269,0.9574,2.4974,2.8659,2.7049,2.4337,2.2924,3.2369,3.5557,1.3393,0.1296,0.9098,4.4013,8.0237,62.3719,15.0049,414.4062,3658.0771,708.8955,5957.8818,1029.9767,79.3917,47.9579,1.6673,5.2883,1533.1938,21.1909,40.3494,3.749,97.7858,105.8354,54.9179,139.4902,51.1992,207.2958,169.785,95.5608,101.1103,81.1059,133.7326,79.3349,SYNTHETIC,MARKET_DATA
2018-12-31,03M,2.5413,2.309,2.987,3.4455,3.7604,1.1365,0.9042,2.482,2.8216,2.6958,2.4152,2.3307,3.3797,3.5527,1.2799,0.0081,0.863,4.4248,8.1385,62.3763,13.9862,414.499,3263.651,461.8244,5798.2012,1030.3966,79.2053,48.2548,1.7226,5.4714,1535.7019,20.9185,39.0194,3.7582,98.4593,100.4041,52.9802,142.674,51.3162,211.9765,186.2624,91.7723,93.6386,76.1856,124.5567,80.3457,SYNTHETIC,MARKET_DATA
2019-01-31,03M,2.4948,2.3206,2.9667,3.4206,3.7092,1.1,0.9258,2.4545,2.886,2.7811,2.5167,2.4563,3.7543,3.6122,1.4483,-0.0286,1.4364,4.0515,7.5323,62.4747,14.0578,358.7953,3276.453,598.589,5865.6513,1066.4455,80.8922,48.4556,1.6363,5.2348,1518.1415,20.4256,47.3295,3.778,102.1143,93.5828,53.1694,149.7171,50.9396,228.2144,215.0565,87.6075,85.2618,72.5931,107.7149,76.0374,SYNTHETIC,MARKET_DATA
2019-02-28,03M,2.4019,2.0992,2.7596,3.253,3.5267,1.1537,0.851,2.369,2.2199,2.331,1.8864,2.0398,2.8352,3.5873,1.343,-0.0363,1.6505,4.3079,8.0336,62.3961,13.2168,465.0461,2938.0462,239.3266,5565.6181,1092.9756,82.0613,48.1174,1.722,5.4597,1545.4589,20.4527,39.7991,3.7849,104.5755,92.0695,52.8232,155.9185,50.2434,237.9622,238.0228,90.7856,79.1504,69.071,102.1681,76.3268,SYNTHETIC,MARKET_DATA
2019-03-31,03M,2.2617,2.1246,2.6368,3.0245,3.3191,0.8999,0.7628,2.2332,1.9595,2.1455,1.6512,1.8826,2.5144,3.4945,0.9504,-0.5722,0.7714,5.0734,9.4895,62.1983,13.3052,780.3543,3138.0654,-151.2851,5179.5605,1071.9695,78.4849,47.4279,1.9107,6.0382,1601.5634,20.8441,32.3746,3.7927,104.8388,94.513,51.4442,158.2472,49.3562,248.4562,244.5319,99.5136,78.723,69.3389,98.7504,80.5793,SYNTHETIC,MARKET_DATA
2019-04-30,03M,2.1094,1.8988,2.5265,2.981,3.2995,1.0823,0.8716,2.0651,2.1838,2.2708,1.8816,2.0394,2.9549,3.5483,1.2878,-0.147,1.1199,4.6588,8.7976,62.2947,12.2683,740.693,3814.3509,-180.2306,5510.4782,1139.9643,80.0255,48.5618,1.8322,5.6443,1524.7151,19.6387,41.9085,3.8314,104.2107,102.0608,50.4794,160.4028,50.8444,245.8001,236.5215,106.7214,83.9482,71.6273,98.3324,92.7212,SYNTHETIC,MARKET_DATA
2019-05-31,03M,1.9955,1.7982,2.4815,2.9325,3.2638,1.1343,0.9371,1.9331,2.3936,2.4163,2.0838,2.1872,3.3536,3.5753,1.2622,-0.4737,1.3179,4.8401,9.2182,62.2614,12.5593,751.5011,3434.5178,-188.3194,5340.8845,1110.2976,78.287,49.2852,1.9088,5.8068,1516.781,19.5658,39.8619,3.8431,106.5401,113.5462,50.9331,159.9168,56.2725,253.6039,237.5573,123.3754,94.5364,82.3489,102.2616,100.5236,SYNTHETIC,MARKET_DATA
2019-06-30,03M,1.9695,1.7609,2.5578,3.0579,3.3877,1.2969,1.0884,1.8827,2.9162,2.8264,2.5762,2.5335,4.12,3.8028,1.9314,0.3263,2.9246,3.6619,7.1453,62.5637,14.165,388.5331,3601.0431,763.6711,5995.9654,1186.375,83.6814,51.0327,1.5902,4.7694,1414.25,18.5995,56.3533,3.8538,114.4346,117.1057,52.2521,165.8934,65.8061,263.4497,261.446,133.2105,104.0276,90.0201,105.0078,98.4403,SYNTHETIC,MARKET_DATA
2019-07-31,03M,1.936,1.7805,2.4138,2.801,3.123,1.0206,0.865,1.8184,2.369,2.4841,2.0322,2.1439,3.1233,3.7736,1.6622,0.2686,2.8125,4.0805,7.9768,62.4804,13.1669,575.9799,2530.9156,357.9389,5665.9955,1193.6098,83.4319,51.171,1.6542,5.0871,1446.2322,19.1601,46.8528,3.822,119.9603,121.1891,52.1244,170.4345,73.5392,278.5279,279.1999,150.8921,115.2828,103.4039,118.7006,101.138,SYNTHETIC,MARKET_DATA
2019-08-31,03M,1.8797,1.8995,2.383,2.685,3.015,0.7855,0.8054,1.7382,2.5425,2.6332,2.2016,2.2445,3.2361,3.7746,1.5811,0.5047,2.7458,4.2013,8.2198,62.4771,13.5776,577.134,2900.0041,406.6754,5638.6049,1211.0626,81.7939,51.4086,1.624,5.1599,1441.8253,19.3868,44.9389,3.834,123.6109,117.3323,52.5356,173.3871,76.8448,287.4676,286.0355,146.5168,115.372,107.9839,122.5203,94.543,SYNTHETIC,MARKET_DATA
2019-09-30,03M,1.8467,1.742,2.216,2.5405,2.9107,0.7985,0.6938,1.704,1.9577,2.2147,1.6262,1.8339,2.2026,3.6743,1.3872,0.5475,2.6782,4.7044,9.146,62.3842,10.961,799.0272,2998.4715,-449.0383,5302.3408,1198.9771,80.7025,51.1443,1.7685,5.7423,1473.1215,20.0665,34.6316,3.8159,115.4117,117.3785,51.4421,159.5758,69.3531,274.1071,266.684,148.2185,122.4501,114.9151,127.7211,91.029,SYNTHETIC,MARKET_DATA
2019-10-31,03M,1.8007,1.7297,2.3585,2.7548,3.1795,1.0251,0.9541,1.6971,2.3567,2.4977,2.0072,2.0854,2.8083,3.7188,1.5838,0.8733,3.3701,4.5226,8.7204,62.4546,12.0285,647.5103,3438.6057,-161.5893,5459.9894,1154.251,81.1126,51.2944,1.7838,5.8086,1458.7442,20.6583,39.4433,3.7915,108.2756,111.7513,50.762,151.2784,64.1294,257.7692,251.845,137.612,116.3487,117.552,116.0861,75.9917,SYNTHETIC,MARKET_DATA
2019-11-30,03M,1.8121,1.6736,2.5213,3.0454,3.5014,1.3717,1.2332,1.7494,2.5668,2.6465,2.2231,2.2305,3.1466,3.7544,1.9691,1.4367,4.0154,3.9814,7.6835,62.6031,12.3463,544.8766,3285.8756,174.8392,5849.5262,1160.8351,84.3661,52.1129,1.7061,5.4822,1422.6068,20.8582,50.3779,3.7885,104.1011,113.6953,50.5996,146.5536,61.2827,245.3877,240.7919,132.9633,120.6498,128.2853,122.248,73.2441,SYNTHETIC,MARKET_DATA
2019-12-31,03M,1.7207,1.5966,2.4924,3.0331,3.4963,1.4365,1.3124,1.6861,2.6765,2.7255,2.3383,2.2954,3.4597,3.7399,1.9462,1.1129,3.7725,4.166,7.9234,62.5614,13.2649,466.0503,2791.2971,353.6273,5744.353,1142.7169,83.2329,52.3932,1.7599,5.6125,1449.3263,21.5716,45.8709,3.7807,111.1449,114.4923,54.2939,166.8128,65.3158,249.0146,257.4842,120.059,126.9156,132.9119,123.1692,72.046,SYNTHETIC,MARKET_DATA
2020-01-31,03M,1.6349,1.438,2.3563,2.9367,3.3958,1.4988,1.3019,1.61,2.369,2.5061,2.0397,2.086,2.8991,3.7332,1.8748,0.7452,3.224,4.2702,8.0678,62.5207,12.8513,507.1887,2963.1196,233.3868,5689.0054,1171.7867,84.0285,52.6602,1.7085,5.5114,1457.2413,21.6297,40.7536,3.7857,118.124,115.1331,56.9526,177.2757,65.3342,253.8488,277.7385,113.0917,136.0952,131.3326,127.7565,73.29,SYNTHETIC,MARKET_DATA
2020-02-29,03M,1.543,1.4546,2.1469,2.6199,3.0811,1.1652,1.0768,1.5357,1.8114,2.071,1.4634,1.679,2.2033,3.6714,1.6692,0.3554,2.7339,4.5497,8.5001,62.4604,11.744,625.4062,3071.437,-155.4343,5494.6323,1215.6861,84.9347,52.1842,1.7093,5.6009,1472.7187,21.7258,29.5796,3.7592,123.2647,116.4878,57.8293,185.0167,65.9147,262.4206,289.904,110.1298,138.6313,125.4414,127.316,80.7463,SYNTHETIC,MARKET_DATA
2020-03-31,03M,1.4736,1.408,2.0353,2.5169,2.9919,1.1089,1.0433,1.4723,1.9413,2.1296,1.5889,1.7328,2.2147,3.731,1.6341,0.248,2.3624,4.3595,8.137,62.5098,12.4066,548.9047,3365.5542,59.7075,5673.6342,1268.2037,86.4927,52.1828,1.6031,5.3435,1439.9662,21.2769,30.8923,3.7804,128.794,117.7634,59.9006,185.2228,67.9966,274.21,293.8071,111.2783,129.4591,130.6243,135.6034,87.1142,SYNTHETIC,MARKET_DATA
2020-04-30,03M,1.4564,1.3363,1.8707,2.3108,2.7807,0.9745,0.8544,1.4457,1.6788,1.9133,1.3358,1.5452,1.855,3.7443,1.5343,0.0893,1.9088,4.3831,8.1891,62.5171,12.6658,532.7539,3237.9363,114.7083,5758.4485,1310.7744,86.1788,51.7445,1.6046,5.4157,1421.8853,21.0555,29.1994,3.8114,130.985,121.649,60.0046,183.3311,74.365,270.6225,289.8455,109.6165,118.3984,131.3786,146.4259,98.2923,SYNTHETIC,MARKET_DATA
2020-05-31,03M,1.4236,1.1858,1.8009,2.2977,2.7767,1.1119,0.8741,1.3907,1.6705,1.9033,1.3483,1.5332,1.7792,3.6627,1.1131,-0.2156,1.0752,4.9614,9.2941,62.3437,13.2899,696.4877,3250.5686,-26.5903,5464.4511,1223.1824,82.5277,50.4842,1.7499,5.9446,1468.1232,21.8309,26.0225,3.8279,133.9273,116.3139,59.1961,182.7762,81.1068,269.3096,294.243,100.6828,106.0966,132.1889,142.5032,100.6867,SYNTHETIC,MARKET_DATA
2020-06-30,03M,1.4136,1.1946,1.8793,2.37,2.8529,1.1754,0.9565,1.37,1.5215,1.7782,1.2153,1.4316,1.6794,3.574,0.9907,0.0569,1.0023,5.1379,9.6429,62.2754,12.7876,771.538,3764.8097,-224.0504,5296.8253,1164.3194,80.5089,49.4518,1.8102,6.0779,1521.3664,22.4794,23.9821,3.8198,132.6712,114.0344,54.8031,177.5674,85.0508,263.1347,292.6581,92.7337,106.0439,132.5378,141.1484,104.5557,SYNTHETIC,MARKET_DATA
2020-07-31,03M,1.3512,1.2525,1.9447,2.4087,2.9127,1.1561,1.0575,1.3103,2.0613,2.1472,1.7983,1.8266,2.4526,3.576,1.2026,0.722,1.6442,4.7258,8.9473,62.3641,12.8434,709.3639,3919.5683,-9.7503,5491.4845,1201.486,81.4591,49.2088,1.6849,5.5457,1544.028,22.3125,29.6361,3.8163,140.2205,107.9168,55.4743,181.3705,91.987,280.8148,299.3918,87.693,109.6176,136.3696,132.8973,96.4163,SYNTHETIC,MARKET_DATA
2020-08-31,03M,1.3716,1.2001,1.9073,2.3426,2.8797,1.1425,0.9709,1.3486,1.7978,1.9454,1.5579,1.6597,2.0182,3.6294,1.5092,1.1786,2.3583,4.1386,7.8952,62.5315,14.2154,453.2294,3549.2749,553.3424,5818.2156,1320.5197,85.2616,49.5241,1.4917,4.9203,1552.8035,21.9115,32.3181,3.8165,149.2997,103.7973,60.2271,182.5572,97.1083,300.9411,303.6458,87.9314,119.751,131.1883,124.2591,89.6087,SYNTHETIC,MARKET_DATA
2020-09-30,03M,1.414,1.3276,2.0787,2.4983,3.0371,1.1708,1.0843,1.3981,2.4944,2.4837,2.2583,2.1992,2.7945,3.6982,1.6431,1.2143,2.6919,3.7499,7.1471,62.629,14.7745,352.7109,3016.8251,845.1462,6061.8105,1351.898,85.5161,49.6686,1.3382,4.4621,1532.0214,21.3466,41.6333,3.8091,154.8749,100.0482,66.2687,182.2053,100.239,327.2038,302.3398,84.2285,115.4073,119.5178,113.4999,80.8533,SYNTHETIC,MARKET_DATA
2020-10-31,03M,1.4478,1.3681,2.1535,2.567,3.0875,1.1989,1.1192,1.4294,2.1593,2.2759,1.8772,1.9501,2.2205,3.5839,1.1218,0.3846,2.0691,4.6131,8.6351,62.4043,14.0782,722.1661,2672.2157,203.2834,5588.4648,1248.4485,80.9165,48.7982,1.5292,5.1682,1628.9678,22.969,27.9468,3.8111,152.5157,100.1989,68.4924,177.4371,95.2752,342.357,289.5465,82.2799,114.9924,106.8511,111.6082,81.2808,SYNTHETIC,MARKET_DATA
2020-11-30,03M,1.4534,1.4108,2.2582,2.6762,3.1568,1.2654,1.2228,1.4194,2.3186,2.3965,2.0145,2.0791,2.2829,3.6488,1.3362,0.6009,2.5527,4.3194,8.0965,62.4431,12.8879,687.2996,3469.0561,55.0608,5899.4417,1247.7663,82.0488,49.4066,1.4549,4.8594,1619.3634,22.919,36.7093,3.8261,145.7378,102.7398,68.4077,172.5503,84.2746,339.3591,289.246,79.4515,112.3398,99.926,118.2313,79.7677,SYNTHETIC,MARKET_DATA
2020-12-31,03M,1.4063,1.2781,2.1282,2.5751,3.0209,1.297,1.1688,1.3612,2.1222,2.2408,1.8267,1.9447,2.0757,3.6585,1.4113,0.7675,2.7217,4.4836,8.4719,62.365,12.0624,756.8507,3212.4134,-243.6204,5907.702,1264.706,81.2105,50.1178,1.5292,4.9969,1669.669,23.596,36.5323,3.8678,142.9329,100.2987,69.3623,171.1243,75.8975,340.5026,296.1601,77.9023,119.4979,89.0455,123.7067,75.6302,SYNTHETIC,MARKET_DATA
2021-01-31,03M,1.3984,1.2535,2.0497,2.4671,2.8911,1.2137,1.0687,1.3536,2.0028,2.1475,1.7264,1.8704,2.0821,3.6796,1.7133,1.2475,3.061,4.3793,8.4115,62.3306,13.9633,481.3481,3367.6816,240.8609,5926.1691,1328.5389,81.9786,50.7426,1.4834,4.8452,1664.633,23.328,41.8509,3.925,142.4514,97.8874,72.9237,180.9213,69.9632,327.562,305.5445,72.212,136.9827,82.7707,129.2525,73.1006,SYNTHETIC,MARKET_DATA
2021-02-28,03M,1.2673,1.1079,1.8776,2.2815,2.7014,1.1737,1.0142,1.2347,2.1494,2.2424,1.8648,1.9534,2.5554,3.632,1.6306,0.9821,2.6188,4.8768,9.4014,62.1841,13.4106,695.4269,3264.6928,-167.82,5544.6876,1340.8867,78.9436,50.6657,1.5717,5.185,1705.6122,23.9484,34.4872,3.9592,141.7434,94.971,74.819,192.7262,68.335,323.4923,289.4006,66.8439,155.4022,74.4755,133.6495,73.3641,SYNTHETIC,MARKET_DATA
2021-03-31,03M,1.1368,0.9572,1.8355,2.3095,2.7132,1.3523,1.1727,1.1116,2.281,2.3567,1.957,2.0078,2.8197,3.719,1.8526,1.2662,2.9896,4.5511,8.9117,62.2866,13.9254,605.2235,3722.7308,61.4664,5747.7862,1406.7106,80.6738,51.1947,1.4755,4.9487,1668.4543,23.6295,40.7944,3.9608,141.7393,94.2468,73.4836,205.7959,68.5456,319.6434,280.3374,63.7231,159.9954,69.7828,129.2733,79.2025,SYNTHETIC,MARKET_DATA
2021-04-30,03M,1.0041,0.7702,1.7558,2.3047,2.7296,1.5345,1.3006,0.9879,2.1806,2.3209,1.8357,1.9261,2.5506,3.7597,1.8257,1.361,2.993,4.2993,8.4665,62.3607,13.865,583.2242,3423.7211,97.6691,5986.9876,1455.22,82.03,51.739,1.4136,4.7926,1676.0342,23.936,43.5821,3.9461,143.5004,94.3635,71.9243,208.1897,70.6191,349.7113,285.7542,64.4951,148.0721,69.4664,120.4475,82.8339,SYNTHETIC,MARKET_DATA
2021-05-31,03M,0.9858,0.8596,1.8011,2.3886,2.8519,1.529,1.4028,0.9722,2.1691,2.3605,1.833,1.9167,2.3316,3.7642,1.9005,1.6104,3.193,3.8971,7.6808,62.4454,14.9421,396.0374,3221.8106,552.4448,6284.8943,1477.2785,83.7862,52.2224,1.3461,4.5185,1677.1789,24.106,49.6193,3.9468,148.0057,96.126,71.4287,203.0773,73.1357,385.4969,308.4394,69.3974,133.7623,70.4768,111.8706,83.3445,SYNTHETIC,MARKET_DATA
2021-06-30,03M,1.0206,0.9941,1.8297,2.4314,2.9237,1.4373,1.4108,1.0165,1.8899,2.1579,1.584,1.7561,1.806,3.6103,1.6928,1.6472,2.483,4.0612,7.897,62.3441,14.1328,475.9096,2899.6525,350.0941,6096.8823,1424.4463,83.1682,51.7819,1.4104,4.7009,1701.224,24.3027,46.8714,3.9709,148.2353,101.8165,68.7319,191.7034,71.8157,396.2158,323.6335,76.8887,130.9905,75.1119,116.6611,83.4326,SYNTHETIC,MARKET_DATA
2021-07-31,03M,1.0595,1.2963,2.0164,2.5756,3.068,1.2793,1.5161,1.0482,2.527,2.5937,2.2249,2.2029,2.68,3.4749,1.3152,1.3683,1.6332,4.6912,9.0219,62.1935,13.4169,736.2606,3101.0442,-52.1967,5569.2918,1284.2154,76.9629,51.0009,1.6854,5.4826,1755.1522,25.0916,38.7652,3.9912,146.5048,107.0113,66.7425,184.0041,68.5823,385.712,323.2873,82.1424,137.5423,79.5767,120.9518,84.8606,SYNTHETIC,MARKET_DATA
2021-08-31,03M,1.0748,1.3213,1.9876,2.5053,2.9337,1.184,1.4305,1.0384,2.1479,2.3381,1.8404,1.9343,2.2652,3.4393,1.1083,1.4276,1.3872,4.9551,9.5791,62.1233,12.2609,845.7553,3717.5237,-363.6945,5358.5674,1268.1899,74.9093,50.5441,1.8215,5.9125,1748.686,24.9967,34.1863,3.9948,143.853,109.025,65.6938,181.4975,67.1092,355.2881,317.4402,87.2537,147.481,83.7699,122.9893,90.0959,SYNTHETIC,MARKET_DATA
2021-09-30,03M,1.0407,1.162,1.7922,2.3072,2.7198,1.1452,1.2666,0.9626,1.7265,2.0361,1.4073,1.5774,1.7601,3.4424,1.183,1.3913,1.996,4.7729,9.3273,62.1696,12.3759,754.1653,3991.0693,-184.6421,5574.9295,1348.8717,75.8535,50.3531,1.8063,5.822,1729.655,24.6094,34.32,3.9894,147.3484,112.916,67.3584,182.8903,68.8384,345.8043,321.1561,92.166,162.1917,92.5082,133.3075,90.858,SYNTHETIC,MARKET_DATA
2021-10-31,03M,0.9542,0.9521,1.571,2.1646,2.5664,1.2125,1.2104,0.8626,1.6572,1.9687,1.3429,1.507,1.6389,3.4636,1.3605,1.616,2.4991,4.5186,8.8956,62.2172,13.4755,521.7127,3824.178,282.1394,5872.9816,1448.7209,77.4137,50.082,1.7326,5.5324,1681.6911,23.8666,37.7702,4.0077,150.88,117.3752,69.6776,185.4633,73.912,339.0922,332.8466,94.1189,167.8882,96.5547,153.6436,92.9962,SYNTHETIC,MARKET_DATA
2021-11-30,03M,0.8339,0.7787,1.4243,2.1258,2.5472,1.3471,1.2919,0.7563,2.0663,2.2498,1.7667,1.7881,2.0566,3.4151,1.1398,1.267,2.3495,5.0337,9.8133,62.0803,14.0559,634.8787,3598.3557,176.7833,5652.9899,1418.3231,73.0766,49.3485,1.9107,6.0529,1736.1541,24.3771,32.231,4.0395,156.0921,121.9713,72.717,185.2863,78.5682,346.2092,343.1581,91.5988,165.3339,101.1157,164.7425,87.8484,SYNTHETIC,MARKET_DATA
2021-12-31,03M,0.8049,0.8496,1.4388,2.1208,2.5478,1.2712,1.3159,0.7513,2.4852,2.561,2.1999,2.1147,2.6655,3.4227,0.814,0.9708,1.9982,5.7217,11.0255,61.8696,13.6488,920.3011,4041.7405,-239.2696,5275.5027,1328.1084,68.8961,48.5908,2.1088,6.677,1811.6994,25.2911,19.3068,4.0628,159.6687,124.6146,75.7245,184.6493,83.7825,348.4081,348.5963,90.5842,160.6392,102.2054,158.6679,85.8695,SYNTHETIC,MARKET_DATA
2022-01-31,03M,0.8215,0.8483,1.5836,2.3692,2.7929,1.5209,1.5477,0.7889,2.4384,2.5604,2.173,2.0957,2.7217,3.6181,1.1767,1.249,2.7622,4.9906,9.6858,61.9873,13.1618,836.9212,4664.5358,-20.9759,5769.7476,1315.7932,73.9238,49.3467,1.9222,6.0595,1775.3338,24.5848,28.749,4.0438,164.6987,120.2992,75.3902,183.9282,89.2206,358.3469,352.325,94.0015,149.2306,105.6681,140.3574,80.4061,SYNTHETIC,MARKET_DATA
2022-02-28,03M,0.819,0.9088,1.681,2.4522,2.886,1.5434,1.6332,0.7745,2.1778,2.3648,1.9159,1.9051,2.5436,3.7611,1.5001,1.6473,3.2513,4.2087,8.2543,62.1244,14.3106,597.3548,3980.5959,618.7954,6295.9451,1368.6387,80.9921,49.6603,1.6938,5.3508,1760.671,24.1899,34.9811,4.0069,171.366,115.6947,78.3606,193.2413,95.1227,365.1059,362.4584,99.9331,139.478,110.8764,135.7065,79.6181,SYNTHETIC,MARKET_DATA
2022-03-31,03M,0.792,0.8078,1.6383,2.4233,2.8427,1.6154,1.6312,0.7306,2.173,2.3308,1.9151,1.8708,2.5353,3.7368,1.3575,1.5672,3.0702,4.279,8.3385,62.0923,15.7967,430.8262,3287.6955,894.9581,6146.3669,1370.7227,81.5188,49.2499,1.7033,5.4442,1805.1241,25.1042,34.1246,4.0001,181.8081,112.9487,83.8303,206.6841,101.9764,386.1033,380.4215,107.7577,121.4763,110.4979,137.363,85.5775,SYNTHETIC,MARKET_DATA
2022-04-30,03M,0.7497,0.8183,1.5738,2.29,2.7099,1.4717,1.5403,0.6577,2.1587,2.3182,1.9035,1.8511,2.4493,3.7194,1.1746,1.4978,2.4576,4.5225,8.727,62.0776,14.2089,524.669,3358.7083,393.391,5878.537,1376.4599,81.2156,48.8789,1.7506,5.6731,1871.7151,25.9028,30.3017,3.9968,188.9826,118.9224,91.3183,219.1818,104.6713,406.1783,398.1813,114.2152,122.4701,112.4811,137.2597,101.0974,SYNTHETIC,MARKET_DATA
2022-05-31,03M,0.7236,0.8956,1.6062,2.2986,2.7105,1.4029,1.575,0.6282,2.1496,2.2971,1.8712,1.8231,2.3094,3.6854,1.1175,1.6148,2.2716,4.8009,9.1982,62.0487,12.4084,636.6141,3587.1922,-161.0412,5503.9202,1340.141,79.6432,49.1555,1.812,5.8829,1909.1251,26.2364,26.4996,4.0114,197.7404,128.7272,95.8793,241.0229,109.8736,436.464,427.8675,119.4227,126.7392,115.4709,144.5937,107.4228,SYNTHETIC,MARKET_DATA
2022-06-30,03M,0.6956,1.0073,1.7234,2.4909,2.9249,1.4835,1.7952,0.6102,2.5852,2.6238,2.277,2.1413,2.9208,3.7553,1.3051,1.882,2.3889,4.6532,8.9488,62.1124,12.5613,596.622,3784.7162,-67.5174,5480.5384,1298.3075,78.42,49.7739,1.7543,5.6441,1891.903,25.6081,29.4048,4.0313,199.1866,139.3598,96.0149,259.1708,107.664,444.7529,435.3998,121.9115,140.91,121.4697,164.7295,112.7885,SYNTHETIC,MARKET_DATA
2022-07-31,03M,0.6994,1.0337,1.7301,2.547,2.9791,1.5132,1.8476,0.6488,2.6334,2.6483,2.2815,2.1633,2.9742,3.7379,1.4731,1.834,2.4354,4.5875,8.8915,62.1173,12.9115,529.2536,3589.4853,81.9979,5447.7946,1286.8852,79.0505,50.512,1.7105,5.4987,1881.0412,25.5352,30.5558,4.0586,202.2244,147.2183,95.233,283.8675,107.3696,445.8329,439.2709,129.1287,155.9162,129.3417,179.5166,110.7086,SYNTHETIC,MARKET_DATA
2022-08-31,03M,0.7847,1.0217,1.7391,2.585,3.0359,1.5633,1.8003,0.7517,2.5062,2.5909,2.1308,2.0713,2.8944,3.728,1.5775,1.6406,1.9418,4.4365,8.6648,62.1719,13.5203,441.8965,3488.5485,275.5998,5485.4702,1283.9161,80.3724,50.8335,1.6403,5.2878,1881.9767,25.8729,32.2367,4.1026,200.9926,152.2723,91.8098,297.4632,106.7622,440.4064,417.1944,134.8952,155.7639,137.2776,177.5069,118.2718,SYNTHETIC,MARKET_DATA
2022-09-30,03M,0.8178,0.9826,1.7221,2.5503,2.9952,1.5677,1.7324,0.7967,2.1838,2.3929,1.789,1.8618,2.5004,3.7675,2.0376,1.7885,1.9761,3.5374,7.0733,62.4256,13.115,339.2235,3318.0346,649.0655,6155.3863,1396.4938,87.4308,51.6196,1.4146,4.5337,1797.2857,24.8259,43.5973,4.1207,198.0296,149.7451,87.9539,301.1495,107.544,439.5094,390.9952,135.8591,150.0337,139.0986,161.5266,117.9307,SYNTHETIC,MARKET_DATA
2022-10-31,03M,0.8186,0.9034,1.6105,2.3524,2.8132,1.4491,1.5338,0.788,1.7975,2.135,1.4192,1.6184,1.9577,3.7059,1.9464,1.4669,1.5576,3.5082,6.985,62.4439,12.9762,332.1074,2449.768,634.2026,6261.5675,1438.6113,88.3696,50.7468,1.4096,4.5016,1809.9026,24.9519,44.7135,4.1478,200.0822,144.8683,87.893,313.928,107.3896,446.0995,390.6319,127.574,136.586,129.1277,152.8908,115.7403,SYNTHETIC,MARKET_DATA
2022-11-30,03M,0.7946,0.9015,1.6425,2.3927,2.8392,1.4912,1.5982,0.7553,2.3251,2.4993,1.9569,2.0004,2.5707,3.6413,1.8781,1.2837,1.614,3.4502,6.8398,62.4244,12.6402,320.6143,2370.0164,626.2293,6422.8379,1451.8754,87.813,50.349,1.3987,4.4831,1777.3602,24.4088,48.9836,4.1535,199.1594,138.7445,91.3504,329.7277,103.5887,456.0045,381.4489,115.2493,133.622,115.5105,146.1538,109.6438,SYNTHETIC,MARKET_DATA
2022-12-31,03M,0.839,0.9931,1.6492,2.3284,2.8081,1.3353,1.4894,0.7952,2.4589,2.578,2.1201,2.101,2.5934,3.5825,1.7648,1.0227,1.5774,3.7426,7.2917,62.3168,10.8138,437.8732,2314.6151,42.2003,6298.2208,1431.6145,85.223,50.2511,1.4712,4.7967,1794.4853,24.6881,51.7972,4.1612,203.4885,137.2396,97.401,345.7196,107.0258,476.549,394.0091,103.6798,133.6209,103.063,144.9215,104.2568,SYNTHETIC,MARKET_DATA
2023-01-31,03M,0.8954,0.941,1.5509,2.1816,2.6726,1.2406,1.2862,0.8283,2.5,2.5924,2.1332,2.0961,2.6486,3.4501,1.3724,0.4755,1.1815,4.5396,8.704,62.0989,10.9177,774.3215,2598.9163,-369.3995,5743.6095,1374.8139,80.4937,50.0723,1.7045,5.5651,1816.9825,24.9594,40.4604,4.1495,203.7491,144.7541,100.3613,337.1945,108.1669,477.9642,384.1403,104.6127,138.8995,106.8849,158.05,101.8683,SYNTHETIC,MARKET_DATA
2023-02-28,03M,0.9151,0.9584,1.6548,2.3382,2.8677,1.3799,1.4232,0.8407,2.547,2.6451,2.1652,2.1219,2.8334,3.5362,1.6684,0.6002,1.5743,4.1863,8.0423,62.2028,10.768,729.2171,3306.2385,-250.7529,5930.4523,1330.9988,82.1896,50.9281,1.6493,5.3361,1754.3321,24.1391,47.6217,4.1595,197.539,156.4774,97.717,311.107,101.8114,470.8271,368.5311,114.4084,158.1619,117.0661,184.5288,100.926,SYNTHETIC,MARKET_DATA
2023-03-31,03M,0.8472,0.9088,1.7443,2.5149,3.0567,1.6062,1.6677,0.7699,2.3481,2.5093,1.9402,1.971,2.6291,3.5193,1.5003,0.4981,1.3016,4.4287,8.4421,62.1667,11.4222,747.1123,2977.5712,-215.3226,5726.5959,1240.3205,82.2784,50.3768,1.7414,5.5547,1762.5463,24.4897,41.1427,4.1451,192.3228,162.2773,93.2154,299.1742,90.1385,444.0583,348.6655,120.0759,175.9725,125.8139,194.5465,96.755,SYNTHETIC,MARKET_DATA
2023-04-30,03M,0.7499,1.0852,2.0025,2.82,3.3818,1.7348,2.0701,0.6704,2.7862,2.865,2.3938,2.3153,3.2273,3.6285,1.7886,1.0163,1.6592,3.9782,7.5364,62.3099,13.278,459.4694,3178.8614,433.1712,6015.2375,1214.05,83.3253,50.6333,1.6501,5.1747,1731.5264,24.0389,48.5904,4.1643,187.242,165.7036,89.1738,299.7679,81.844,427.6812,344.5268,123.4222,182.283,129.146,205.3799,94.1811,SYNTHETIC,MARKET_DATA
2023-05-31,03M,0.6947,1.1557,2.0214,2.787,3.3493,1.6313,2.0922,0.6108,3.0351,3.0765,2.6734,2.5608,3.4689,3.5214,1.3311,0.6628,1.1797,4.8396,9.016,62.1319,12.7872,835.0177,2773.019,-142.7865,5440.8158,1145.9128,75.6299,49.3606,1.8848,5.8558,1817.3834,24.9106,34.4373,4.1838,183.962,162.2241,85.6774,299.0011,77.7036,397.6675,340.5107,126.2142,168.7617,125.1,199.6345,93.0169,SYNTHETIC,MARKET_DATA
2023-06-30,03M,0.732,1.2965,2.0898,2.7643,3.3237,1.4678,2.0323,0.6497,2.8596,2.9665,2.5345,2.4998,3.2321,3.5691,1.5392,0.8605,1.4766,4.5408,8.4444,62.231,13.526,734.1809,3534.6291,113.8823,5586.2632,1203.3771,77.3917,49.665,1.815,5.5715,1814.2557,24.421,37.1955,4.2501,178.4005,165.2637,83.9005,299.6144,75.8406,377.4678,336.2892,142.252,152.7492,122.6785,201.8497,98.1616,SYNTHETIC,MARKET_DATA
2023-07-31,03M,0.8024,1.1115,2.0111,2.7756,3.322,1.6641,1.9732,0.7335,2.4394,2.637,2.1298,2.2357,2.7558,3.5182,1.3671,0.5025,1.3116,4.8506,8.9903,62.1241,12.7304,860.3365,3270.4144,-264.3467,5327.6416,1165.8207,76.4748,49.0339,1.9175,5.8041,1845.5948,24.7528,29.7478,4.2751,168.5508,159.0416,80.1945,280.5844,72.2068,362.678,312.9167,146.7445,132.0826,112.5302,191.6822,98.4554,SYNTHETIC,MARKET_DATA
2023-08-31,03M,0.8933,1.0614,1.9129,2.67,3.2062,1.6086,1.7767,0.825,1.6964,2.0733,1.3805,1.7224,1.9513,3.6352,1.5601,0.5181,1.3944,4.4213,8.2158,62.1854,14.7046,533.9811,3540.8486,375.2758,5625.7077,1227.0838,82.4287,49.0305,1.8563,5.5539,1839.8808,24.5345,34.2462,4.2676,162.4341,167.5324,77.6213,266.7501,72.9686,365.7874,298.044,154.1243,124.3273,116.8331,205.0211,102.7124,SYNTHETIC,MARKET_DATA
2023-09-30,03M,0.9417,0.9132,1.7495,2.5179,3.0552,1.6047,1.5762,0.8768,1.5443,1.9499,1.224,1.5923,1.9099,3.6149,1.4727,0.3011,1.1081,4.5576,8.4965,62.1013,13.9948,583.0939,3143.1441,179.6987,5624.8239,1243.8754,81.9179,48.6956,1.9169,5.8301,1873.854,24.927,31.4101,4.2234,158.8051,184.3187,76.3888,249.9882,73.2508,371.8159,298.1811,160.2114,131.5565,128.2609,226.9777,117.1056,SYNTHETIC,MARKET_DATA
2023-10-31,03M,0.9595,1.2083,1.8601,2.4641,2.9883,1.2558,1.5046,0.9056,1.7247,2.0567,1.4034,1.7032,2.0003,3.6697,1.5611,0.5308,0.9842,4.3472,8.1544,62.1394,14.4434,472.7096,3245.9151,426.3737,5900.8646,1276.6139,83.2254,48.7811,1.8828,5.8118,1884.3585,25.3214,33.104,4.2035,161.8626,203.7281,76.268,252.0878,77.0184,383.8599,310.0729,166.2883,153.0807,146.1302,255.2202,126.6086,SYNTHETIC,MARKET_DATA
2023-11-30,03M,0.9514,1.1198,1.7684,2.2948,2.8156,1.175,1.3435,0.9087,2.0529,2.2848,1.7171,1.877,2.1279,3.6072,1.484,0.4301,0.8692,4.4039,8.2992,62.1139,13.3311,509.4962,3038.7609,184.6632,5902.5261,1316.008,82.1966,48.8705,1.8676,5.8535,1894.4898,25.704,31.2287,4.2041,168.3119,215.7885,77.2825,266.3731,81.6942,396.9548,342.5494,165.7224,172.3133,151.9994,263.969,136.4626,SYNTHETIC,MARKET_DATA
2023-12-31,03M,1.0111,1.1159,1.8293,2.3639,2.893,1.248,1.3527,0.9589,2.3442,2.4889,1.963,2.048,2.2823,3.6174,1.3131,0.3569,0.6492,4.5183,8.4781,62.0624,13.4966,519.9312,3103.3381,186.6136,5794.0784,1298.2876,80.7221,48.4908,1.8595,5.811,1905.0233,25.926,30.0609,4.2052,174.0593,208.6981,77.2453,285.5573,88.4342,411.6594,362.259,153.9939,170.0333,158.0136,246.9321,126.5491,SYNTHETIC,MARKET_DATA
2024-01-31,03M,1.1159,0.9756,1.7895,2.3576,2.9369,1.3821,1.2418,1.0334,2.5853,2.6994,2.1533,2.1833,2.7078,3.6063,1.3111,0.3492,1.3447,4.4006,8.2463,62.1017,13.0958,503.9112,3260.3989,111.1191,5818.0187,1349.5794,80.7226,48.6998,1.8059,5.6324,1884.3108,25.7331,34.4015,4.2121,180.6565,204.5948,79.0397,309.2093,94.8213,421.713,377.5015,147.9377,165.0122,160.6858,206.0988,119.4004,SYNTHETIC,MARKET_DATA
2024-02-29,03M,1.2478,0.9448,1.7598,2.3495,2.9739,1.4047,1.1017,1.1561,2.4978,2.6483,2.0522,2.1274,2.9754,3.6038,1.463,0.7055,1.8619,4.2253,7.8911,62.1147,13.1196,463.0676,3214.6253,210.39,5885.2935,1396.5856,82.9574,49.4383,1.7413,5.4679,1849.8305,25.5217,38.2279,4.1998,186.2199,190.5827,80.2716,314.3414,102.6067,433.4693,381.0628,130.5084,146.9481,159.8646,166.5124,109.2606,SYNTHETIC,MARKET_DATA
2024-03-31,03M,1.216,0.9853,1.7849,2.3608,2.9798,1.3754,1.1447,1.1124,2.8117,2.8929,2.3757,2.3578,3.7888,3.6061,1.4499,0.6951,2.0383,4.4394,8.3016,62.0323,13.3651,514.5262,3081.3386,132.869,5728.077,1350.4614,81.3694,49.9298,1.7848,5.7164,1851.302,25.712,37.1086,4.2144,186.4284,187.2605,80.7779,306.6969,105.6071,441.7982,366.2178,123.4606,149.9104,170.3743,143.6223,109.2226,SYNTHETIC,MARKET_DATA
2024-04-30,03M,1.1899,0.9213,1.6703,2.2314,2.8192,1.3101,1.0416,1.1031,2.5205,2.6644,2.1196,2.1831,3.5834,3.619,1.4295,0.6503,1.6544,4.6171,8.6495,61.9292,13.1799,586.2865,3276.244,3.634,5555.4828,1323.5415,82.0483,50.3545,1.7378,5.7772,1862.1704,25.7008,33.5953,4.2284,186.8119,184.2412,79.9994,296.7857,109.78,445.3807,360.4716,126.2133,153.7789,173.2681,144.5966,107.2573,SYNTHETIC,MARKET_DATA
2024-05-31,03M,1.1089,1.1678,2.025,2.6714,3.2291,1.5035,1.5625,1.0347,3.2424,3.1525,2.8559,2.689,4.4587,3.6124,1.1183,0.3334,1.1443,5.2085,9.7105,61.7672,12.9012,827.534,3427.8599,-382.0573,5147.6622,1095.2825,74.5995,49.9195,1.8309,6.2364,1917.6306,26.3047,26.9894,4.2587,184.0793,187.1545,79.2447,288.6389,106.9291,445.4891,355.3534,148.9887,167.9394,181.1123,150.3617,103.8213,SYNTHETIC,MARKET_DATA
2024-06-30,03M,1.1214,1.2253,2.114,2.7931,3.368,1.5678,1.6717,1.0591,3.0216,2.9795,2.6476,2.5515,4.0645,3.6493,1.399,0.6356,1.8716,4.8031,8.9725,61.8907,13.4006,710.1539,3947.505,-52.2674,5436.3256,1113.6545,78.5482,50.7373,1.7006,5.8535,1911.985,26.4199,33.8719,4.2665,184.7893,192.8851,77.9798,280.7092,106.8446,442.0519,361.528,178.188,167.0063,184.9465,161.6261,102.3509,SYNTHETIC,MARKET_DATA
2024-07-31,03M,1.1227,1.4176,2.2613,2.9036,3.5065,1.486,1.7809,1.0543,2.8636,2.8721,2.4992,2.4477,3.8313,3.6186,1.2189,0.3842,2.0725,5.2444,9.76,61.7981,13.716,837.4244,3573.1217,-170.8337,5212.4287,1031.5472,76.8741,50.5688,1.8281,6.2278,1988.7478,27.6543,31.3507,4.2654,181.5047,204.8155,78.3069,273.2666,99.7747,447.7543,367.0485,201.009,157.7775,213.1244,174.6637,114.4555,SYNTHETIC,MARKET_DATA
2024-08-31,03M,1.0566,1.2668,2.0655,2.6895,3.301,1.4228,1.6329,0.9665,1.8527,2.1748,1.4983,1.7695,2.5314,3.7691,1.828,0.7523,3.5583,4.1829,7.9299,62.0645,15.0508,537.9367,3948.806,665.9792,5951.4399,1232.3932,88.9276,51.6894,1.5634,5.2549,1949.5542,26.9391,46.3009,4.273,180.628,220.796,80.6765,267.9864,95.6964,445.3294,380.8249,223.0028,150.3999,256.3927,177.22,119.8936,SYNTHETIC,MARKET_DATA
2024-09-30,03M,0.9789,1.121,1.9042,2.5221,3.1234,1.401,1.5432,0.8819,1.8145,2.1888,1.4737,1.763,2.5037,3.73,1.6623,0.2366,3.6742,4.5087,8.5396,61.9341,14.1767,682.6198,2990.5865,312.9691,5714.3377,1218.1038,87.0699,51.4434,1.6241,5.4623,2008.4859,27.6403,42.5356,4.2983,185.5386,236.919,86.8232,268.2764,91.738,460.2254,402.0651,237.9344,170.9981,308.5231,188.6083,127.544,SYNTHETIC,MARKET_DATA
2024-10-31,03M,0.9136,0.8597,1.6934,2.3923,2.9684,1.5326,1.4787,0.8078,1.9835,2.3416,1.6327,1.884,2.8,3.7377,1.9371,0.4255,3.9153,4.0453,7.7187,62.0094,15.287,497.9737,3325.4609,735.4832,5942.2603,1311.6168,89.3377,52.1359,1.4665,5.0674,1980.1756,27.3415,48.9725,4.2968,186.0418,240.6069,88.0263,260.465,88.9072,451.4,402.2953,245.9314,189.2098,323.2199,201.5178,130.3227,SYNTHETIC,MARKET_DATA
2024-11-30,03M,0.9743,0.9413,1.7656,2.4817,3.0413,1.5404,1.5074,0.8725,2.4595,2.6857,2.0993,2.2307,3.489,3.6844,1.6634,0.2882,3.0286,4.7153,8.8486,61.8132,12.8729,780.4368,2982.2113,-154.0532,5492.8663,1204.2206,82.6464,51.6963,1.6035,5.645,2064.8425,29.2062,41.28,4.2967,184.6341,236.5607,90.1155,258.8178,86.0553,453.9911,391.0773,247.2618,203.8385,315.0553,225.4293,146.1403,SYNTHETIC,MARKET_DATA
2024-12-31,03M,1.0152,0.9185,1.767,2.5107,3.0311,1.5922,1.4955,0.9251,2.457,2.6672,2.0749,2.1975,3.3901,3.6724,1.7848,0.782,2.8978,4.574,8.6012,61.8948,13.577,669.1445,3671.5323,69.3792,5589.1306,1234.2189,82.9503,51.82,1.5459,5.5134,2066.2117,29.4334,44.4368,4.2938,179.5116,234.8957,90.3601,260.86,82.2904,440.3448,386.2319,247.1332,192.6092,324.9487,250.0403,166.0679,SYNTHETIC,MARKET_DATA
2025-01-31,03M,0.993,1.1566,1.9608,2.6571,3.1708,1.5005,1.6641,0.9312,2.4972,2.6762,2.0876,2.2105,3.1763,3.7124,1.8871,0.9572,3.278,4.3351,8.1645,62.0208,12.3411,650.6546,3568.4651,-32.3679,5775.7696,1227.9971,82.6453,51.5741,1.4989,5.2854,2043.6112,29.1503,48.7051,4.3139,179.097,236.5134,93.4757,267.4911,82.9143,449.7212,385.8384,250.0284,203.3015,336.8125,266.9214,180.2762,SYNTHETIC,MARKET_DATA
2025-02-28,03M,0.8988,1.0966,1.8229,2.4452,2.926,1.3486,1.5464,0.858,2.081,2.3614,1.6621,1.8788,2.3643,3.66,1.874,1.1322,3.6309,4.1029,7.7337,62.1573,13.7173,425.5122,3339.4323,444.7411,5914.2783,1328.7964,84.0207,51.0543,1.4668,5.089,1982.6501,28.106,50.4587,4.3249,189.7811,247.1667,98.1907,278.2346,88.937,461.048,404.767,240.5131,235.7375,359.2106,291.9958,188.9912,SYNTHETIC,MARKET_DATA
2025-03-31,03M,0.8679,1.0761,1.6774,2.2328,2.7157,1.1567,1.3649,0.8422,1.5508,1.9487,1.1227,1.4935,1.5684,3.6228,1.8075,0.8955,3.8477,4.1129,7.6931,62.1837,13.142,420.1462,3116.3732,371.6729,5891.1776,1392.2452,84.1291,50.6601,1.5242,5.1771,1953.4285,27.8208,47.7834,4.3398,198.0069,250.6086,101.1435,291.7007,96.1693,475.4347,424.0691,222.8907,267.4614,345.3225,292.8546,187.9534,SYNTHETIC,MARKET_DATA
2025-04-30,03M,0.9006,0.7881,1.4002,2.006,2.4617,1.2179,1.1054,0.8719,1.4512,1.8578,1.0352,1.4135,1.4488,3.4992,1.6991,0.7621,3.7791,4.4302,8.2535,62.0904,12.4497,538.3759,3085.4546,113.1486,5664.2707,1435.5742,82.8818,50.2652,1.621,5.3988,1940.8714,27.6335,39.5176,4.3532,202.5764,269.5877,101.5094,295.4501,100.7897,470.5911,431.6923,210.3258,294.0872,344.0514,322.6011,206.4399,SYNTHETIC,MARKET_DATA
2025-05-31,03M,0.9395,0.8921,1.5136,2.2081,2.6869,1.316,1.2686,0.9005,1.9053,2.147,1.4997,1.7202,2.0521,3.4394,1.6625,0.6283,3.5994,4.6852,8.789,61.9902,11.8218,637.6536,3359.5135,-122.8587,5460.2031,1369.5802,80.76,50.2247,1.6874,5.5552,1937.9881,27.6424,37.5412,4.3643,196.9604,285.4408,98.0684,288.4838,96.9807,440.4941,407.4567,216.9345,317.2509,332.8711,333.7624,214.2367,SYNTHETIC,MARKET_DATA
2025-06-30,03M,0.9648,1.0002,1.7363,2.5479,3.0189,1.5477,1.5832,0.913,2.3664,2.4378,1.9848,2.0517,2.5005,3.4737,1.6864,0.5156,3.3006,4.6541,8.8376,61.9504,12.0257,633.112,3574.9503,-92.488,5414.2585,1275.0477,80.8776,50.2653,1.6665,5.4128,1924.1358,27.1108,38.2318,4.3673,192.443,301.35,95.55,282.1124,92.1899,419.3824,370.9504,229.4237,327.9687,299.6478,348.4348,223.5163,SYNTHETIC,MARKET_DATA
2025-07-31,03M,0.9649,1.2166,1.8895,2.622,3.1129,1.4055,1.6572,0.9162,2.1533,2.2555,1.8029,1.9069,2.1674,3.5442,1.6734,0.5459,2.9956,4.6691,8.9207,61.943,12.8636,551.5562,3575.3866,55.0142,5274.8317,1221.0208,80.9094,50.6519,1.6826,5.4701,1972.1609,27.3486,37.5829,4.381,192.2486,291.3808,95.2952,276.3291,92.2978,431.8869,344.6841,235.0144,318.168,263.2221,331.6858,206.866,SYNTHETIC,MARKET_DATA
2025-08-31,03M,1.0206,0.9909,1.7325,2.4385,2.9356,1.4475,1.4179,0.9794,1.9711,2.1098,1.6377,1.7858,1.8881,3.5655,1.6405,0.5423,2.7692,4.6542,8.8798,61.9465,13.564,473.3865,3628.1594,189.7662,5156.9562,1231.1471,82.5282,51.0016,1.6818,5.4885,1993.3284,27.2713,35.0774,4.3847,200.2006,291.1354,98.4551,282.3669,96.4001,478.1939,350.7105,239.0154,338.3543,264.787,343.9426,205.382,SYNTHETIC,MARKET_DATA
2025-09-30,03M,1.0226,0.9683,1.6191,2.2284,2.7279,1.2601,1.2057,0.9939,2.0167,2.1373,1.6832,1.7926,1.8428,3.4809,1.3366,0.4368,2.2047,5.1059,9.6196,61.8514,13.5269,664.4028,3602.8836,-73.6186,4744.902,1215.2863,79.5408,50.583,1.7661,5.8022,2032.6585,27.8878,24.2878,4.4015,206.2824,303.6565,101.7982,288.3741,104.0404,503.6912,362.9661,259.4777,369.8712,281.2172,379.0809,199.4171,SYNTHETIC,MARKET_DATA
2025-10-31,03M,1.019,0.8782,1.5932,2.2654,2.7414,1.3871,1.2463,0.9915,2.1132,2.2056,1.7672,1.8209,1.786,3.4156,1.3014,0.3984,2.0964,5.0249,9.4477,61.8848,13.6203,647.9394,4007.4944,-20.535,4792.2898,1202.2962,79.6189,50.3975,1.74,5.6752,2000.8435,27.9266,26.3144,4.374,215.1884,331.3964,103.2308,295.0993,109.2823,539.3812,393.3108,262.5135,408.9341,323.6545,381.6104,197.332,SYNTHETIC,MARKET_DATA
2025-11-30,03M,0.9453,0.9716,1.6619,2.2659,2.7061,1.2943,1.3206,0.9346,2.108,2.1905,1.7249,1.7542,1.5603,3.4304,1.4495,0.6163,2.4256,4.684,8.8277,61.9752,13.7433,608.3465,3900.7734,136.3531,5068.719,1217.8535,80.5374,50.7,1.6771,5.4411,1966.5417,27.6357,33.1896,4.3938,222.9437,346.9374,108.339,306.8949,114.4709,583.0967,428.6036,260.2883,386.9595,333.3253,366.8414,204.6199,SYNTHETIC,MARKET_DATA
2025-12-31,03M,0.8659,0.9054,1.6474,2.2308,2.6158,1.3254,1.365,0.8473,2.0208,2.11,1.5891,1.6165,1.3401,3.4525,1.6782,0.9963,2.601,4.2721,8.1168,62.0958,14.8269,420.6379,3613.919,597.0539,5443.2042,1262.1443,83.009,51.0014,1.6001,5.1493,1927.6888,27.5471,41.2992,4.3988,238.5048,360.4993,117.2968,319.5413,114.1463,650.5783,457.9695,244.0747,399.3509,368.5681,337.4136,220.3194,SYNTHETIC,MARKET_DATA
2026-01-31,03M,0.8157,0.8997,1.6728,2.2468,2.5572,1.347,1.431,0.7849,1.9517,2.0298,1.458,1.5117,1.2974,3.4333,1.6283,1.1275,2.2422,4.3074,8.2061,62.093,14.5394,425.1634,3234.0246,559.9753,5450.1815,1232.8104,82.6901,50.7176,1.6266,5.2557,1917.08,27.4949,38.9751,4.4371,259.8801,378.9969,136.3811,352.1693,117.8585,693.0982,502.3194,258.1739,455.2625,393.4817,359.5671,235.4323,SYNTHETIC,MARKET_DATA
2026-02-28,03M,0.8132,0.7878,1.558,2.1456,2.3969,1.3578,1.3325,0.7486,2.0061,2.0648,1.4712,1.5149,1.5111,3.3706,1.3942,0.8349,1.3425,4.7392,8.9745,61.9812,13.6778,608.0316,3294.5546,197.4811,5187.2986,1202.3861,80.2107,50.2414,1.7243,5.5849,1950.5355,28.2324,29.1504,4.4268,275.002,405.4497,143.6885,375.2533,120.8043,672.8003,531.9222,274.4074,514.4136,433.2174,400.6364,242.0375,SYNTHETIC,MARKET_DATA
2026-03-31,03M,0.8672,0.8505,1.6458,2.2696,2.4876,1.4191,1.4024,0.7711,2.1402,2.1751,1.6009,1.6215,1.9612,3.4175,1.3646,0.94,0.8601,4.901,9.2267,61.9244,12.7473,676.1171,3694.9385,-90.0211,5084.9056,1131.2893,78.6532,50.3571,1.7813,5.7639,1955.7203,27.9952,25.2874,4.4288,279.9527,414.6073,147.5553,387.7309,123.6911,648.7341,555.7184,281.0897,529.6556,436.9316,435.403,230.6895,SYNTHETIC,MARKET_DATA
2026-04-30,03M,0.878,0.8986,1.7418,2.4233,2.6698,1.5247,1.5453,0.7724,2.7338,2.6299,2.1979,2.0463,2.9475,3.547,1.5292,1.0996,0.7045,4.712,8.8633,61.9369,12.8709,658.3575,3856.0362,-3.8276,5307.6621,1116.9027,78.2691,50.7021,1.6947,5.5427,1945.8146,27.7481,29.847,4.4413,278.1125,419.8639,141.2514,397.4957,120.9026,617.3185,543.5188,293.2843,519.5622,426.9563,446.0705,234.7691,SYNTHETIC,MARKET_DATA
2026-05-31,03M,0.8236,1.0089,1.8344,2.5445,2.7991,1.5356,1.7209,0.7066,2.9194,2.8107,2.3966,2.2008,3.4505,3.5925,1.4829,0.8759,0.3803,4.9122,9.2256,61.8891,13.9362,610.9421,3642.6182,101.5637,5167.055,1066.1028,75.6084,50.5662,1.6972,5.661,1959.3928,27.8395,27.0343,4.472,281.127,411.8897,144.3343,404.8238,118.6688,610.4447,541.3917,294.5567,505.6366,402.2862,418.1838,223.8237,SYNTHETIC,MARKET_DATA
2026-06-30,03M,0.7167,0.9404,1.6786,2.3386,2.6294,1.3982,1.622,0.6238,2.4024,2.4718,1.9059,1.8224,2.7294,3.6081,1.493,0.4679,0.5309,4.741,8.8981,61.9475,14.4782,540.2901,3758.67,246.5391,5269.6264,1150.7209,77.8766,50.6735,1.602,5.5396,1973.9627,27.7776,29.6824,4.4783,285.3623,418.0875,141.4399,413.0137,117.4428,591.2772,547.511,304.3629,482.8305,396.0076,401.354,233.318,SYNTHETIC,MARKET_DATA
2026-07-31,03M,0.6309,0.6905,1.4236,2.048,2.368,1.3575,1.4171,0.5366,1.8635,2.1131,1.3984,1.4524,1.9062,3.5553,1.3451,0.166,0.4994,4.87,9.0782,61.9227,14.3208,598.4335,3564.4101,79.3601,5185.5354,1214.9051,78.6089,50.5559,1.611,5.7514,2016.985,28.0361,25.5757,4.485,280.7105,427.7735,133.5407,406.3707,117.4152,578.5687,542.1533,294.0619,444.3223,407.5767,387.7669,243.6909,SYNTHETIC,MARKET_DATA
2018-01-31,06M,,,,,,,,,,,,,,,,,,,,,,,,,,,,,,,,,,,,,,,,,,,,,,,SYNTHETIC,MARKET_DATA
2018-02-28,06M,,,,,,,,,,,,,,,,,,,,,,,,,,,,,,,,,,,,,,,,,,,,,,,SYNTHETIC,MARKET_DATA
2018-03-31,06M,,,,,,,,,,,,,,,,,,,,,,,,,,,,,,,,,,,,,,,,,,,,,,,SYNTHETIC,MARKET_DATA
2018-04-30,06M,,,,,,,,,,,,,,,,,,,,,,,,,,,,,,,,,,,,,,,,,,,,,,,SYNTHETIC,MARKET_DATA
2018-05-31,06M,,,,,,,,,,,,,,,,,,,,,,,,,,,,,,,,,,,,,,,,,,,,,,,SYNTHETIC,MARKET_DATA
2018-06-30,06M,2.1508,2.1473,2.6297,3.0558,3.4688,0.9085,0.9051,2.1749,2.4345,2.4338,2.0515,1.9926,3.0203,3.3275,0.787,-0.0908,-0.0823,5.5655,10.3178,62.1967,11.8899,757.7592,3931.8514,-109.8161,5075.872,952.6217,73.4501,48.6776,1.9733,6.2104,1566.3509,22.9026,22.0048,3.6808,94.38,99.9751,48.5318,124.3213,49.7362,204.458,166.7184,77.5204,87.1173,78.437,124.071,80.8445,SYNTHETIC,MARKET_DATA
2018-07-31,06M,2.2027,2.2184,2.7419,3.1995,3.6146,0.9811,0.9968,2.2378,2.5316,2.5341,2.1329,2.0782,3.1397,3.3719,0.7036,-0.1529,-0.3004,5.6313,10.387,62.1669,13.9549,763.5335,4364.8609,114.2576,5049.7204,906.5266,72.7848,48.4046,1.9948,6.2254,1588.616,23.3259,20.5475,3.6819,94.8034,101.0558,50.5464,122.1361,49.7958,201.2915,161.2547,79.9859,89.1928,74.506,130.7853,83.3691,SYNTHETIC,MARKET_DATA
2018-08-31,06M,2.2831,2.2814,2.7438,3.1453,3.5745,0.8639,0.8623,2.3188,2.2972,2.37,1.8913,1.9289,2.7797,3.379,0.6794,-0.1167,-0.37,5.6519,10.3805,62.1436,14.8345,770.2079,4406.3186,114.8537,5095.4494,911.7304,72.7391,48.046,2.0022,6.2264,1612.7985,23.582,19.842,3.6972,95.0895,102.6926,52.6873,121.0927,49.543,199.7808,156.7587,84.0621,93.8096,72.6053,138.9045,83.4177,SYNTHETIC,MARKET_DATA
2018-09-30,06M,2.3614,2.2581,2.7637,3.1886,3.6194,0.9305,0.8272,2.3774,2.2398,2.3209,1.8213,1.8802,2.6655,3.3823,0.7459,-0.0275,-0.273,5.5274,10.1057,62.1563,15.906,755.396,4412.5535,230.8098,5254.3824,933.1947,73.8316,47.8267,1.9687,6.1203,1618.0699,23.4542,22.046,3.7127,96.451,104.806,54.8935,122.7259,50.256,202.1446,155.9772,87.3311,97.3492,74.3532,140.6334,82.5016,SYNTHETIC,MARKET_DATA
2018-10-31,06M,2.4236,2.2299,2.8035,3.245,3.6695,1.0151,0.8214,2.4164,1.9964,2.1207,1.5522,1.6746,2.2574,3.4398,1.0065,0.237,0.2448,5.0633,9.2498,62.2551,15.9446,545.2821,4282.7885,503.6908,5412.5285,976.3901,78.1173,47.9736,1.854,5.7591,1591.7876,22.6863,22.8897,3.7231,97.2041,106.219,56.1251,123.3954,50.7384,203.2495,157.0039,92.8222,100.3853,76.092,143.9865,80.3366,SYNTHETIC,MARKET_DATA
2018-11-30,06M,2.4797,2.2622,2.8494,3.2799,3.6914,1.0177,0.8002,2.4509,2.3015,2.3249,1.8591,1.8844,2.5804,3.4665,1.0998,0.1648,0.4035,4.8618,8.873,62.2986,15.9224,511.5678,3850.8236,627.5661,5582.3324,998.4264,77.9604,47.8305,1.792,5.6066,1576.012,22.1068,28.5994,3.7436,98.2836,105.2532,56.2388,130.1497,51.2479,203.8242,164.7544,92.7616,102.4099,76.4628,141.8391,79.7199,SYNTHETIC,MARKET_DATA
2018-12-31,06M,2.5261,2.2252,2.8367,3.2926,3.6856,1.0673,0.7665,2.4807,2.2415,2.2763,1.818,1.8716,2.4897,3.5013,1.1828,0.1669,0.6649,4.6559,8.5084,62.3317,15.5995,453.9735,3666.0057,664.4126,5683.7351,1031.3151,79.4331,47.9655,1.7502,5.5142,1552.5093,21.5455,32.3116,3.7563,99.2873,104.3871,55.4775,135.7781,51.4924,207.3954,172.3038,94.3102,101.0983,77.9675,135.4694,80.5063,SYNTHETIC,MARKET_DATA
2019-01-31,06M,2.5351,2.259,2.8677,3.3206,3.6826,1.0616,0.7856,2.4838,2.2916,2.3175,1.8836,1.9436,2.6494,3.5413,1.2997,0.1167,1.0535,4.44,8.1595,62.3768,14.5372,421.4168,3490.3264,540.9151,5772.5032,1053.9503,80.487,47.9751,1.7035,5.3962,1541.6523,21.1188,37.3104,3.7678,100.6777,101.3803,55.0001,141.4646,51.1634,216.7603,187.9784,93.3785,95.8905,77.4624,126.7914,76.9239,SYNTHETIC,MARKET_DATA
2019-02-28,06M,2.4823,2.1962,2.8806,3.3866,3.7063,1.1903,0.9042,2.4332,2.5429,2.518,2.16,2.1661,3.036,3.5715,1.3412,0.0466,1.2802,4.3546,8.0287,62.384,14.1109,439.7261,3298.0616,474.111,5761.7499,1061.4761,80.7265,48.0377,1.6947,5.374,1539.3263,20.8218,40.0742,3.767,101.1806,98.9524,53.8706,147.7043,50.7213,222.629,203.9039,93.1732,90.1304,75.0885,117.9504,77.8308,SYNTHETIC,MARKET_DATA
2019-03-31,06M,2.4015,2.2168,2.8119,3.235,3.5397,1.0182,0.8335,2.3576,2.3906,2.4206,2.0332,2.1066,2.9471,3.5236,1.1151,-0.2821,0.8172,4.7491,8.814,62.2873,13.6457,597.4266,3200.8582,155.2697,5488.8808,1051.1831,78.8451,47.8414,1.8167,5.7548,1568.6327,20.8813,35.697,3.7754,101.649,97.4585,52.2122,150.4606,50.3362,230.2163,215.3971,95.643,86.1808,72.7622,111.6536,80.4625,SYNTHETIC,MARKET_DATA
2019-04-30,06M,2.3021,2.1097,2.7466,3.2008,3.5044,1.0911,0.8987,2.2598,2.5349,2.5259,2.1991,2.2479,3.3546,3.5802,1.368,-0.0878,1.2781,4.3551,8.1649,62.3847,13.163,549.7441,3545.4019,209.1792,5688.0647,1103.2049,80.4589,48.5087,1.7342,5.4396,1521.4283,20.0321,44.619,3.8047,103.1625,97.8218,51.8244,155.0599,50.892,237.0073,225.789,97.1645,84.605,72.1102,103.0237,84.3793,SYNTHETIC,MARKET_DATA
2019-05-31,06M,2.1987,1.9487,2.6205,3.0927,3.3952,1.144,0.894,2.1511,2.3067,2.3737,1.9851,2.1135,3.0944,3.5813,1.3026,-0.255,1.4842,4.574,8.6259,62.3288,12.888,608.2736,3186.282,25.5036,5453.2513,1101.6366,80.1741,48.7013,1.8154,5.6333,1531.12,20.0092,39.8305,3.814,105.5578,102.8078,51.8782,157.9176,53.2579,245.783,237.79,107.0805,86.8434,75.71,102.2148,88.4252,SYNTHETIC,MARKET_DATA
2019-06-30,06M,2.1156,1.9428,2.5973,3.0412,3.3534,1.0984,0.9256,2.0579,2.4379,2.4859,2.1137,2.2081,3.3172,3.6487,1.4409,-0.123,1.848,4.3676,8.3174,62.381,13.7351,584.4437,3369.5543,306.193,5587.7629,1129.1722,81.0831,49.2303,1.7505,5.4038,1507.9067,19.7218,44.3639,3.8232,109.6367,105.8093,51.8482,162.0703,57.5811,255.9529,252.9889,116.3621,91.3753,79.6795,101.8791,89.5098,SYNTHETIC,MARKET_DATA
2019-07-31,06M,2.0227,1.8396,2.4702,2.891,3.2112,1.0514,0.8683,1.9418,2.2764,2.3774,1.9569,2.0917,3.0391,3.6609,1.475,0.0608,1.9662,4.3696,8.3872,62.3875,12.7176,658.3365,3172.6332,88.8542,5588.2368,1166.787,81.7287,49.8664,1.7432,5.3657,1485.4737,19.3994,44.3807,3.8267,112.0855,111.6249,51.3019,165.4186,62.1918,262.164,257.8607,128.8067,99.6155,87.5156,108.5165,96.9296,SYNTHETIC,MARKET_DATA
2019-08-31,06M,1.9376,1.8489,2.4322,2.8088,3.1394,0.9599,0.8712,1.8357,2.4681,2.5247,2.1427,2.2159,3.2949,3.6749,1.4217,0.0155,2.0318,4.5207,8.719,62.3693,13.0684,664.3175,3167.2609,109.178,5489.7447,1160.6801,80.0404,50.3469,1.7664,5.4833,1479.3032,19.4763,42.4004,3.8386,115.0755,115.4392,51.7344,166.6519,66.5586,270.5358,261.7964,134.9461,104.9542,95.1664,112.3909,97.5333,SYNTHETIC,MARKET_DATA
2019-09-30,06M,1.9081,1.7515,2.3869,2.7992,3.1492,1.0477,0.8911,1.7933,2.437,2.5205,2.1012,2.1837,3.1613,3.7385,1.6593,0.4369,2.8014,4.1831,8.1456,62.474,12.563,593.7801,3299.7573,157.3164,5649.1531,1192.676,82.192,51.0885,1.6794,5.2558,1443.6857,19.333,45.4925,3.8348,114.9231,117.2421,51.8471,162.7346,67.5796,268.7784,264.065,140.7145,113.2389,102.4676,116.3644,94.7347,SYNTHETIC,MARKET_DATA
2019-10-31,06M,1.8683,1.7551,2.3861,2.7779,3.1513,1.0228,0.9096,1.7578,2.3629,2.4909,2.0197,2.1146,2.9658,3.7462,1.623,0.5709,3.0913,4.3016,8.3486,62.4675,12.5977,611.7451,2984.7606,98.1748,5562.9925,1173.9304,82.2723,51.2327,1.719,5.4479,1452.4882,19.9092,43.1481,3.8067,114.1179,116.4702,51.4432,160.8565,68.8343,268.1486,265.5225,144.2521,115.8158,110.478,117.3934,88.5649,SYNTHETIC,MARKET_DATA
2019-11-30,06M,1.8459,1.7866,2.4521,2.8652,3.2582,1.0786,1.0193,1.7438,2.5547,2.6398,2.2124,2.2375,3.1914,3.7645,1.7751,0.9707,3.3806,4.0913,7.9516,62.5401,12.962,561.0053,3092.9398,290.7573,5744.0655,1185.9488,83.08,51.7607,1.665,5.3211,1432.2161,20.1225,47.6584,3.8113,113.856,115.5138,51.5676,159.9703,69.0637,266.4276,263.4137,139.7401,118.0109,118.1346,122.3841,83.8935,SYNTHETIC,MARKET_DATA
2019-12-31,06M,1.7837,1.6693,2.3542,2.7868,3.2035,1.1175,1.0031,1.695,2.3171,2.4701,1.9823,2.0646,2.8311,3.7071,1.6667,0.8302,3.2253,4.4352,8.5347,62.4728,12.113,632.5387,2894.8843,-47.7055,5523.3469,1170.847,81.9677,51.7688,1.7642,5.6774,1461.2239,20.819,40.2513,3.7983,113.2783,115.9354,52.868,163.1943,67.3344,261.5609,262.0841,134.1388,124.6829,123.9135,125.4451,81.5375,SYNTHETIC,MARKET_DATA
2020-01-31,06M,1.7178,1.5838,2.3574,2.8458,3.2877,1.2619,1.128,1.6536,2.3629,2.5019,2.0234,2.0857,2.8537,3.726,1.7293,0.8092,3.2971,4.3964,8.3941,62.4876,12.4399,577.3495,3200.8627,35.8987,5574.4974,1163.0189,82.5706,51.9773,1.7461,5.66,1457.9928,21.144,40.0985,3.7886,113.1998,113.4422,53.8573,164.2771,64.7318,255.809,264.7917,125.3518,126.2219,124.4423,121.9213,74.6409,SYNTHETIC,MARKET_DATA
2020-02-29,06M,1.6776,1.5641,2.3341,2.8326,3.2913,1.2685,1.155,1.6425,2.1891,2.3587,1.8433,1.9548,2.6749,3.7129,1.8191,0.896,3.3746,4.2655,8.0918,62.5317,12.0451,585.1414,3178.6563,9.7025,5672.0793,1188.2606,84.6504,52.1485,1.7077,5.5416,1447.6628,21.292,39.9787,3.7738,113.6829,115.0915,54.2144,165.7851,63.5987,253.9041,265.348,121.5466,129.6406,126.8633,124.782,76.9952,SYNTHETIC,MARKET_DATA
2020-03-31,06M,1.5971,1.5023,2.2639,2.775,3.2441,1.2727,1.1778,1.5792,2.3089,2.4276,1.9636,2.0141,2.8372,3.7354,1.7902,0.6805,3.0674,4.2627,8.0302,62.5356,12.8358,507.4775,3078.4256,206.6674,5708.9936,1205.4603,84.8628,52.288,1.6815,5.478,1444.6463,21.4243,38.3816,3.7806,119.9695,116.1279,57.0972,176.0178,66.6562,261.6123,275.6456,115.6687,128.1873,131.7681,129.3863,79.5801,SYNTHETIC,MARKET_DATA
2020-04-30,06M,1.5457,1.3872,2.1135,2.6238,3.0882,1.2366,1.0781,1.5279,2.0239,2.2097,1.6878,1.8156,2.377,3.7388,1.7046,0.4173,2.5664,4.3267,8.1285,62.5189,12.7586,519.9713,3100.528,174.0475,5723.727,1241.2806,85.1037,52.2024,1.6565,5.4635,1439.5633,21.3426,34.9765,3.7985,124.5545,118.391,58.4786,180.3034,69.8496,262.2357,283.792,111.3541,127.2468,131.3556,137.0912,85.7912,SYNTHETIC,MARKET_DATA
2020-05-31,06M,1.4833,1.3202,1.9739,2.4588,2.9289,1.1386,0.9755,1.4632,1.741,1.9871,1.4059,1.6061,1.9913,3.6671,1.3911,0.0699,1.9045,4.7555,8.8971,62.402,12.5169,660.947,3161.0028,-91.0123,5479.5417,1219.4342,83.7312,51.3342,1.7296,5.7727,1470.421,21.7783,27.801,3.7935,128.596,116.4008,58.5127,183.8964,73.5108,265.8651,292.0735,105.4063,122.364,128.8151,134.9096,90.7165,SYNTHETIC,MARKET_DATA
2020-06-30,06M,1.4436,1.3013,1.9573,2.4435,2.9224,1.1422,0.9999,1.4212,1.7314,1.9539,1.4021,1.5822,1.947,3.6525,1.3124,0.1525,1.6824,4.7487,8.8899,62.3926,12.5971,660.2214,3565.182,-82.1715,5485.2298,1216.2615,83.5008,50.8173,1.7066,5.7107,1480.6663,21.8781,27.4372,3.8001,130.7326,115.8989,57.3518,181.3951,76.5237,268.6724,293.2326,102.006,117.7515,131.5811,138.3759,95.835,SYNTHETIC,MARKET_DATA
2020-07-31,06M,1.4038,1.2944,1.9077,2.3598,2.8467,1.0653,0.9559,1.378,1.87,2.0303,1.5671,1.6859,2.1538,3.6601,1.3685,0.4057,1.7765,4.5545,8.5682,62.4406,12.7546,621.0589,3578.7523,52.479,5624.9665,1256.1302,83.819,50.4767,1.6447,5.4807,1482.9566,21.684,29.4178,3.8138,135.6028,114.7829,57.7395,182.3508,83.176,275.7187,294.6186,98.6547,114.008,133.8741,139.6616,97.3543,SYNTHETIC,MARKET_DATA
2020-08-31,06M,1.3976,1.1929,1.8541,2.3201,2.8282,1.1272,0.9225,1.3697,1.7342,1.9243,1.4531,1.5965,1.8987,3.646,1.3112,0.4815,1.7168,4.55,8.5946,62.4376,13.7526,574.8586,3399.9217,263.3761,5641.3333,1271.851,83.8947,50.0041,1.6208,5.4324,1510.4634,21.8712,29.1703,3.8222,141.6135,110.0556,59.7116,182.6667,89.1075,285.1253,298.9444,94.3071,112.9238,131.6886,133.3812,95.1477,SYNTHETIC,MARKET_DATA
2020-09-30,06M,1.4138,1.2611,1.979,2.4342,2.945,1.1731,1.0204,1.3841,2.008,2.1309,1.7368,1.8154,2.237,3.6361,1.3169,0.6356,1.8471,4.4439,8.395,62.4522,13.781,562.1245,3390.8174,310.5479,5679.3179,1258.1087,83.0125,49.5602,1.5742,5.27,1526.6939,21.913,32.8077,3.8145,143.7731,107.0413,60.5359,179.8863,92.6449,295.1693,297.4989,88.4811,110.7256,126.0278,127.3242,92.7045,SYNTHETIC,MARKET_DATA
2020-10-31,06M,1.3995,1.3103,2.0491,2.4878,3.0001,1.1775,1.0883,1.3698,2.1103,2.2116,1.8378,1.8883,2.3366,3.58,1.1622,0.5533,1.8566,4.6695,8.7912,62.3842,13.4608,715.765,3295.892,96.7665,5539.9746,1224.9672,81.1878,49.0035,1.607,5.357,1586.4979,22.6407,28.7914,3.8137,146.3681,104.0578,61.9834,179.4038,93.6311,311.5859,294.4691,84.9864,112.305,121.6103,122.2528,88.8486,SYNTHETIC,MARKET_DATA
2020-11-30,06M,1.4125,1.3054,2.0828,2.5094,3.0182,1.204,1.0969,1.384,2.0582,2.171,1.7862,1.8694,2.1505,3.6391,1.4227,0.8897,2.4555,4.229,7.9958,62.4873,13.5517,570.2645,3509.1655,304.2016,5858.8287,1284.143,83.6552,49.4653,1.4733,4.8898,1586.0835,22.4152,34.5137,3.8213,147.5188,103.2686,64.3174,177.5537,90.6914,320.1501,296.4459,83.6914,116.0454,115.5571,121.2452,84.6882,SYNTHETIC,MARKET_DATA
2020-12-31,06M,1.4102,1.3028,2.1035,2.5367,3.029,1.2339,1.1266,1.3796,2.3083,2.3622,2.0425,2.0719,2.4351,3.6784,1.5272,0.9909,2.7068,4.1167,7.8095,62.497,13.4184,554.7808,3114.6192,300.7629,5984.7563,1308.302,83.3633,49.8932,1.4337,4.7295,1600.8452,22.4713,39.0828,3.8385,148.9039,100.1734,67.8155,176.6648,88.0683,333.8532,299.2499,81.0654,117.4526,104.2817,118.6033,78.2417,SYNTHETIC,MARKET_DATA
2021-01-31,06M,1.4231,1.3108,2.1016,2.5171,2.9893,1.2063,1.0939,1.3915,2.081,2.2117,1.8018,1.9102,2.1513,3.6318,1.4175,0.816,2.5651,4.4962,8.5233,62.3675,14.0208,601.7571,3019.9487,222.0722,5757.3169,1288.4937,81.4476,49.7704,1.5063,5.0067,1646.8004,23.1485,34.8988,3.868,147.4836,99.0431,70.7081,179.1792,82.6192,334.9595,297.5455,77.2459,125.9876,94.8109,120.4304,77.1907,SYNTHETIC,MARKET_DATA
2021-02-28,06M,1.3604,1.2593,2.0679,2.4789,2.9291,1.2195,1.1185,1.3271,2.234,2.3194,1.9396,2.0162,2.4191,3.6404,1.4834,0.7915,2.5858,4.5981,8.7489,62.3136,13.1493,691.3632,3366.8744,-56.3796,5722.0647,1294.3265,80.4962,50.0362,1.5133,5.0222,1662.4878,23.4337,35.5983,3.8926,143.7406,98.8554,71.6133,182.6383,76.3048,331.4257,289.3233,73.1477,133.871,87.2007,125.9404,76.5659,SYNTHETIC,MARKET_DATA
2021-03-31,06M,1.2716,1.1177,1.9819,2.4423,2.8671,1.3247,1.1708,1.2364,2.2016,2.2988,1.8919,1.9762,2.4477,3.6887,1.632,1.0168,2.8556,4.5173,8.6918,62.3258,12.9939,681.0371,3467.5721,-91.077,5827.7441,1335.7083,80.9422,50.6562,1.5024,4.9728,1669.0617,23.6127,38.6634,3.9143,142.3361,97.2727,71.423,188.4601,72.2216,330.073,288.2487,70.8127,139.7467,79.4141,126.49,77.4163,SYNTHETIC,MARKET_DATA
2021-04-30,06M,1.2012,1.0118,1.9027,2.3859,2.8104,1.3741,1.1847,1.1708,2.0917,2.2342,1.7811,1.8982,2.3164,3.7197,1.7695,1.3042,3.027,4.3393,8.439,62.3456,13.9141,532.2862,3395.7014,169.265,5956.5783,1391.8794,82.0043,51.2408,1.4485,4.8189,1670.3336,23.632,42.7165,3.9356,142.9759,96.1254,72.424,194.5555,70.2911,338.6366,295.6493,68.3536,142.5274,76.1185,124.85,77.9673,SYNTHETIC,MARKET_DATA
2021-05-31,06M,1.1266,0.9837,1.8394,2.3351,2.7767,1.3513,1.2085,1.1035,2.1593,2.3014,1.8489,1.9351,2.4435,3.6981,1.7655,1.2963,2.9059,4.3869,8.5411,62.3148,14.1764,545.7321,3243.2517,192.3124,5914.791,1409.0826,81.3649,51.444,1.4589,4.8517,1691.3956,24.0272,42.0533,3.953,144.8746,95.5485,73.1238,197.9018,70.7353,354.4946,298.92,68.1207,144.5823,72.4761,122.7601,78.3543,SYNTHETIC,MARKET_DATA
2021-06-30,06M,1.0787,0.9756,1.8326,2.3705,2.8185,1.3948,1.2918,1.064,2.0854,2.2573,1.7705,1.8819,2.3128,3.6647,1.7727,1.4567,2.7363,4.3062,8.4043,62.3154,14.0291,540.5665,3311.1916,205.7803,5922.3342,1415.5785,81.921,51.4883,1.4429,4.8248,1684.8391,23.9661,43.8329,3.9659,144.9873,98.0316,71.1077,198.7496,70.1807,357.9296,301.9855,70.3059,145.4929,72.4473,122.9672,81.3175,SYNTHETIC,MARKET_DATA
2021-07-31,06M,1.0318,1.0332,1.8861,2.4401,2.8988,1.4069,1.4084,1.0181,2.3538,2.4573,2.0303,2.0645,2.6153,3.6173,1.5704,1.3646,2.3131,4.4952,8.7442,62.2771,13.6409,659.7424,3262.3826,22.7362,5778.1397,1369.7177,79.4964,51.3699,1.5495,5.1376,1715.5932,24.5138,41.1736,3.9687,145.0026,100.6874,69.3334,196.0969,69.6007,367.7117,304.5207,73.3187,142.8072,74.5215,120.6996,83.8473,SYNTHETIC,MARKET_DATA
2021-08-31,06M,1.0303,1.0905,1.8944,2.447,2.8928,1.3565,1.4166,1.0053,2.1585,2.3493,1.8367,1.9255,2.2984,3.6018,1.5044,1.519,2.2901,4.4261,8.6299,62.2844,13.6015,620.8964,3469.6671,94.3751,5821.7308,1372.7342,79.3478,51.3833,1.5838,5.2155,1712.9325,24.5514,41.9028,3.9708,145.9293,102.5755,68.5613,192.2874,70.1224,370.3925,312.9398,78.3256,140.6217,77.1233,117.43,86.7202,SYNTHETIC,MARKET_DATA
2021-09-30,06M,1.0307,1.0781,1.811,2.3693,2.8217,1.2913,1.3387,0.9895,1.8082,2.097,1.4957,1.6667,1.7831,3.5264,1.4379,1.5193,2.2395,4.417,8.6121,62.2568,13.2543,615.0374,3445.3609,82.726,5835.9059,1386.659,79.5108,51.0675,1.6084,5.2614,1715.4395,24.456,40.5957,3.9801,147.7918,107.3662,68.0452,187.2968,70.327,371.0101,322.3948,84.5273,146.5911,83.81,124.9843,87.1453,SYNTHETIC,MARKET_DATA
2021-10-31,06M,1.0068,1.1242,1.7937,2.3701,2.8172,1.2459,1.3633,0.9554,2.0921,2.2812,1.7839,1.855,2.1595,3.4692,1.3378,1.4921,2.0661,4.6049,8.9587,62.2054,13.4462,628.9866,3462.6111,114.9713,5721.1367,1366.4682,77.1883,50.5414,1.709,5.5075,1718.4217,24.4791,38.2677,3.9995,148.6924,112.1933,68.2101,184.7337,71.2471,362.4021,328.0669,88.1306,152.7153,88.0657,137.2977,88.9284,SYNTHETIC,MARKET_DATA
2021-11-30,06M,0.9543,1.05,1.7059,2.3155,2.7404,1.2655,1.3612,0.8974,2.1071,2.2939,1.8036,1.8612,2.1609,3.4272,1.1241,1.3473,1.8684,4.9944,9.6962,62.1018,13.1584,740.317,3657.9397,-93.4556,5505.7786,1343.2565,73.993,49.9463,1.8661,5.9827,1742.4201,24.6869,33.2086,4.0172,149.9725,115.4981,69.2054,183.3919,72.8387,350.7487,330.2991,89.4263,156.4074,92.4428,143.8659,88.9722,SYNTHETIC,MARKET_DATA
2021-12-31,06M,0.9228,1.0058,1.6155,2.214,2.6338,1.2082,1.2912,0.857,2.1058,2.2986,1.8036,1.8461,2.2128,3.4325,0.9985,1.181,1.9971,5.2473,10.1764,62.0196,13.0123,837.2332,4016.4049,-211.9558,5425.2161,1338.49,72.3748,49.4719,1.9576,6.2495,1770.6772,24.9503,26.8134,4.0261,153.5086,118.7653,71.5415,183.7698,76.3104,347.1062,334.8762,91.3751,161.4155,97.3568,145.9877,88.3638,SYNTHETIC,MARKET_DATA
2022-01-31,06M,0.8879,0.9002,1.5773,2.2669,2.6797,1.3667,1.3791,0.8258,2.0478,2.2646,1.7579,1.8014,2.1803,3.5408,1.2686,1.4325,2.6307,4.7546,9.2907,62.1023,13.3186,679.3169,4244.3569,130.5817,5821.3646,1382.2571,75.6687,49.7144,1.8274,5.796,1728.5124,24.2257,33.2596,4.0258,157.7893,118.8372,72.5339,184.6958,81.5663,348.7196,342.5858,94.0602,158.5594,101.1114,147.0005,86.7012,SYNTHETIC,MARKET_DATA
2022-02-28,06M,0.8265,0.8438,1.5526,2.289,2.7166,1.4452,1.4625,0.7654,2.1221,2.3073,1.8413,1.8466,2.3001,3.5881,1.3199,1.4572,2.8004,4.6212,9.0338,62.1024,14.1833,616.1167,3789.4758,397.7894,5974.4675,1393.4809,77.0344,49.5044,1.8022,5.7018,1748.4125,24.2835,33.6061,4.0232,163.7291,118.833,75.5388,189.2638,86.8454,355.6576,352.8083,95.766,152.4059,105.9961,150.2245,83.7332,SYNTHETIC,MARKET_DATA
2022-03-31,06M,0.7985,0.8287,1.5385,2.272,2.6952,1.4433,1.4736,0.741,2.3291,2.4459,2.0575,1.9928,2.6004,3.5798,1.0858,1.269,2.5342,5.0004,9.682,61.9809,14.7227,675.5637,3664.718,327.8442,5710.9348,1349.4155,75.2075,48.9204,1.906,6.0606,1808.4118,25.1977,26.7157,4.0314,170.7384,118.7816,79.7774,195.6667,92.8794,367.2557,364.5089,99.171,141.0577,106.3516,148.0155,85.7235,SYNTHETIC,MARKET_DATA
2022-04-30,06M,0.7856,0.8333,1.5787,2.3296,2.7514,1.4963,1.544,0.7233,2.2986,2.4393,2.0383,1.9734,2.5855,3.6687,1.1757,1.3734,2.6099,4.7565,9.2064,62.0325,13.6854,680.7951,4011.622,186.2076,5824.1423,1346.1266,77.5697,49.1128,1.8364,5.8663,1823.5244,25.2438,29.5253,4.0203,176.8407,119.6108,83.3542,201.555,96.9459,382.2626,375.2532,104.1084,135.8504,109.0746,138.8085,90.7518,SYNTHETIC,MARKET_DATA
2022-05-31,06M,0.7713,0.9022,1.6436,2.3754,2.7983,1.4732,1.6041,0.7013,2.1637,2.3309,1.8936,1.8641,2.4265,3.7232,1.3088,1.6311,2.7615,4.5048,8.7262,62.0865,13.3595,616.9845,3783.894,228.8771,5899.9327,1354.3898,80.3176,49.4079,1.7529,5.6169,1834.898,25.2132,30.7403,4.0092,184.5532,122.211,87.1199,217.1321,102.4981,400.785,395.163,109.6779,133.1086,113.1737,140.1501,93.5204,SYNTHETIC,MARKET_DATA
2022-06-30,06M,0.7438,0.9076,1.6809,2.4571,2.8838,1.5495,1.7132,0.6704,2.3791,2.4773,2.096,2.0061,2.728,3.7461,1.3313,1.7246,2.7295,4.4661,8.6437,62.1024,14.179,513.7241,3536.2058,413.7203,5813.4527,1334.5151,79.9694,49.5119,1.7288,5.5441,1848.5136,25.3561,31.7647,4.0157,190.4973,126.1542,89.9226,232.9274,104.8202,415.4281,407.9107,114.8346,131.1931,115.9838,151.0462,99.183,SYNTHETIC,MARKET_DATA
2022-07-31,06M,0.7246,0.926,1.652,2.4185,2.8445,1.4925,1.6939,0.6532,2.3961,2.4832,2.0925,2.0072,2.7117,3.7286,1.3239,1.6659,2.4465,4.555,8.8092,62.0974,13.5602,526.9613,3474.0968,237.6944,5663.1658,1331.6726,80.133,49.6954,1.7306,5.5859,1876.3782,25.719,30.4287,4.0277,195.6035,133.0704,93.2756,251.5246,106.0204,426.0056,418.7261,121.672,139.1931,120.9114,158.3881,105.903,SYNTHETIC,MARKET_DATA
2022-08-31,06M,0.7541,0.9586,1.6727,2.4418,2.8732,1.4831,1.6876,0.69,2.3279,2.444,2.001,1.9472,2.6019,3.7067,1.3475,1.6277,2.1067,4.6187,8.9315,62.1103,12.9644,539.2553,3537.8703,57.2793,5494.6952,1312.0285,80.0078,49.9945,1.7261,5.5853,1895.5509,26.0547,29.3681,4.057,199.3665,140.4998,93.8446,269.243,108.3179,438.4352,422.531,127.159,141.2516,126.3743,161.0503,112.8473,SYNTHETIC,MARKET_DATA
2022-09-30,06M,0.7567,0.995,1.7228,2.5206,2.9601,1.5256,1.7638,0.7034,2.3845,2.5083,2.033,2.0016,2.7106,3.7614,1.6713,1.8352,2.1825,4.0953,8.0111,62.269,12.8381,467.9227,3551.3754,290.774,5817.9624,1347.4006,82.9254,50.6968,1.5845,5.0889,1844.5944,25.217,36.5011,4.076,198.6081,144.5525,91.9844,280.1601,107.604,442.1311,413.1975,128.8853,145.4718,130.2842,163.128,115.3596,SYNTHETIC,MARKET_DATA
2022-10-31,06M,0.759,0.9685,1.6703,2.4497,2.8962,1.4812,1.6907,0.7184,2.2154,2.3917,1.8503,1.8909,2.4659,3.7219,1.7098,1.6504,1.9965,4.0478,7.9382,62.2806,12.9438,430.6805,3019.6267,358.1002,5854.6811,1362.7483,83.71,50.6294,1.5601,5.0002,1845.4719,25.2436,37.6347,4.1032,201.1533,146.0433,91.563,298.8978,107.3796,445.9662,414.9514,128.3514,146.2511,129.2347,166.2037,113.2244,SYNTHETIC,MARKET_DATA
2022-11-30,06M,0.7896,0.9616,1.6908,2.4888,2.9376,1.5273,1.6992,0.7535,2.4156,2.5451,2.0438,2.0359,2.7325,3.6847,1.7278,1.4622,1.7779,3.9434,7.7523,62.2981,13.0802,381.2554,2929.2824,450.9146,5954.154,1367.8958,84.0927,50.5912,1.5195,4.8854,1829.6684,25.1409,40.6101,4.128,200.076,145.5084,91.5801,313.5955,105.1755,448.2054,399.3216,125.0723,144.6929,126.3941,161.8304,113.9578,SYNTHETIC,MARKET_DATA
2022-12-31,06M,0.8284,0.9879,1.6857,2.4393,2.9016,1.4515,1.6109,0.7959,2.3213,2.4854,1.9546,1.9814,2.5469,3.675,1.9012,1.4056,1.7768,3.64,7.1825,62.3712,11.9644,388.5483,2816.3249,345.6329,6226.8036,1414.0542,86.3269,50.9353,1.4429,4.6652,1795.8855,24.757,47.6973,4.1409,200.759,143.4924,92.6774,323.4345,107.2849,458.0292,392.5022,119.7695,141.8273,121.0808,153.2241,111.0938,SYNTHETIC,MARKET_DATA
2023-01-31,06M,0.857,0.9222,1.5807,2.267,2.7429,1.3448,1.41,0.8081,2.1487,2.3637,1.7762,1.8573,2.3031,3.578,1.6594,0.9712,1.3696,4.0239,7.8445,62.2714,11.947,553.2145,2524.3421,132.4016,6002.5885,1406.7126,84.4316,50.4095,1.557,5.0333,1813.4426,24.9556,42.587,4.1487,201.9156,144.8112,94.1272,325.5612,107.7783,462.0319,387.3861,116.0933,137.7428,118.0063,155.4704,108.8043,SYNTHETIC,MARKET_DATA
2023-02-28,06M,0.8548,0.9299,1.6487,2.3655,2.8535,1.4356,1.5107,0.798,2.436,2.5722,2.061,2.0611,2.702,3.5888,1.7733,0.9419,1.5941,3.8183,7.441,62.3136,11.7041,524.9157,2838.1275,187.7382,6176.6451,1391.4371,85.0013,50.6386,1.524,4.9096,1765.8461,24.2739,48.3026,4.1565,198.3492,147.6109,94.5337,320.4174,102.7001,463.4158,374.99,114.8289,145.8919,116.2883,165.3413,105.2849,SYNTHETIC,MARKET_DATA
2023-03-31,06M,0.8431,0.9509,1.6967,2.4217,2.9324,1.4707,1.5785,0.7825,2.4035,2.5437,2.0301,2.036,2.6112,3.5509,1.6326,0.7604,1.4395,4.0856,7.8669,62.2418,11.118,592.4928,2646.0931,-86.5611,6012.4084,1335.9675,83.7507,50.3139,1.6063,5.1757,1778.5158,24.5889,46.47,4.1531,197.9056,149.7584,95.3082,322.4469,98.5821,460.3037,371.3373,111.8779,154.7967,114.4384,169.734,100.5059,SYNTHETIC,MARKET_DATA
2023-04-30,06M,0.8226,1.0131,1.7767,2.5008,3.0272,1.4877,1.6782,0.7493,2.6431,2.7287,2.2635,2.2057,2.9379,3.5393,1.5805,0.7459,1.4204,4.2589,8.1202,62.2044,12.0979,616.8955,2888.8888,31.8859,5879.4235,1294.4319,81.9095,50.3528,1.6773,5.3699,1774.2545,24.4992,44.5254,4.1569,195.4956,155.2288,94.7675,318.4812,95.0055,452.8227,364.3335,114.0174,160.5913,118.0154,181.7149,98.0247,SYNTHETIC,MARKET_DATA
2023-05-31,06M,0.8049,1.057,1.8381,2.5626,3.1085,1.5056,1.7577,0.7257,2.7911,2.8608,2.4193,2.3413,3.1511,3.5288,1.4998,0.6315,1.377,4.513,8.5291,62.1673,11.7776,782.1174,3039.6287,-196.7697,5685.634,1238.4558,78.9097,50.1444,1.767,5.5959,1785.8577,24.5248,41.0295,4.1716,190.7505,159.3508,91.6972,305.0541,89.7575,434.2473,354.5209,120.3113,163.4618,121.083,192.0817,96.9715,SYNTHETIC,MARKET_DATA
2023-06-30,06M,0.7896,1.1026,1.917,2.6396,3.1902,1.537,1.85,0.7098,2.6039,2.7379,2.2373,2.2354,2.9306,3.5442,1.5197,0.6793,1.3891,4.4848,8.4432,62.1988,12.4741,740.6466,3256.1002,-50.7201,5656.4295,1221.8488,79.8351,50.0209,1.7782,5.5631,1788.401,24.4554,39.1691,4.1976,185.3616,163.7705,88.5579,299.3943,82.9895,410.7631,342.4773,131.164,164.3608,124.2462,198.1981,97.4583,SYNTHETIC,MARKET_DATA
2023-07-31,06M,0.7762,1.0983,2.0068,2.7978,3.3519,1.6995,2.0216,0.7019,2.6128,2.751,2.2618,2.2755,2.9915,3.5734,1.5779,0.7594,1.4854,4.4144,8.2633,62.217,13.0042,659.903,3224.6379,84.4123,5671.4395,1189.9354,79.9,49.8336,1.7838,5.4894,1788.5606,24.3959,39.1691,4.2197,177.8964,162.3726,84.6841,290.1761,77.0254,395.1796,328.7217,135.0833,157.1828,120.8381,198.5311,96.3183,SYNTHETIC,MARKET_DATA
2023-08-31,06M,0.794,1.1086,1.9672,2.7285,3.2778,1.6199,1.9345,0.7179,2.3657,2.5749,2.0269,2.1416,2.7101,3.5783,1.4456,0.5904,1.2871,4.6304,8.6159,62.1587,13.7459,684.4994,3156.9338,116.2447,5533.2617,1186.4983,79.0293,49.1955,1.8705,5.7048,1828.6321,24.7226,34.3417,4.2257,173.198,164.8783,81.6494,282.8756,75.3361,381.7274,319.2774,140.1693,146.5445,120.9665,202.3278,97.8646,SYNTHETIC,MARKET_DATA
2023-09-30,06M,0.8368,1.1049,1.9197,2.6411,3.1895,1.5362,1.8043,0.7632,2.2019,2.4582,1.8793,2.046,2.571,3.592,1.5059,0.5808,1.2923,4.5492,8.4704,62.1661,13.7604,658.6374,3338.8866,146.7905,5605.5435,1223.6262,79.6548,49.1803,1.8659,5.7008,1844.0548,24.674,34.3028,4.2367,168.6028,174.7912,80.1446,274.8013,74.5457,374.6419,317.2352,151.2317,142.1528,125.4697,214.4137,107.6336,SYNTHETIC,MARKET_DATA
2023-10-31,06M,0.881,1.1599,1.9356,2.6199,3.1552,1.46,1.7389,0.8195,2.082,2.3469,1.7666,1.9695,2.3781,3.5939,1.4641,0.5167,1.1479,4.5989,8.5723,62.1318,13.5869,666.5231,3258.1647,81.0135,5614.2531,1221.2173,79.8501,48.9075,1.9002,5.808,1864.9767,25.0371,31.4259,4.2393,165.2067,181.3849,78.2313,266.3361,74.6126,373.269,311.4948,156.5164,142.5817,129.3302,223.4512,112.532,SYNTHETIC,MARKET_DATA
2023-11-30,06M,0.9223,1.0906,1.8407,2.4824,3.0109,1.3918,1.5601,0.8669,1.8746,2.1791,1.5488,1.7997,2.0396,3.6212,1.5221,0.4741,1.1318,4.4126,8.2575,62.1496,14.0179,521.7386,3289.8047,279.9695,5764.1169,1271.5459,82.3127,48.9505,1.862,5.7037,1867.1853,25.1192,32.7375,4.2359,165.373,191.6604,77.4519,266.5616,77.3314,381.3711,320.2967,159.9234,148.3203,134.4163,234.4951,119.5875,SYNTHETIC,MARKET_DATA
2023-12-31,06M,0.9764,1.0146,1.7894,2.4409,2.9741,1.4263,1.4645,0.9178,1.9442,2.2194,1.5935,1.8201,2.0961,3.6162,1.3929,0.329,0.8786,4.5379,8.4873,62.0818,13.7457,551.5126,3123.2411,183.1562,5709.4511,1271.0815,81.32,48.5932,1.8882,5.8205,1889.4386,25.4265,30.7355,4.2143,166.4322,196.5084,76.817,267.7728,80.8425,391.7377,330.2201,157.1026,150.7949,143.1372,236.9549,121.8273,SYNTHETIC,MARKET_DATA
2024-01-31,06M,1.0377,1.0919,1.8248,2.4109,2.9626,1.3189,1.3732,0.9695,2.155,2.3781,1.7784,1.9433,2.3541,3.638,1.4361,0.44,1.1644,4.3739,8.2004,62.1206,13.7696,488.3104,3253.157,268.7464,5859.4417,1313.0967,81.974,48.7405,1.8444,5.7221,1884.3347,25.5272,33.7527,4.2078,171.2596,204.1614,77.6539,280.6485,85.9199,402.7864,343.7872,157.113,159.0465,153.408,230.6595,123.0045,SYNTHETIC,MARKET_DATA
2024-02-29,06M,1.0996,1.0323,1.7641,2.3222,2.8947,1.2899,1.2226,1.0324,2.2753,2.4666,1.8846,2.0022,2.5516,3.6055,1.4735,0.5678,1.3656,4.3146,8.0951,62.1143,13.2254,486.2819,3126.6931,197.5266,5893.9098,1356.2968,82.577,49.1544,1.8045,5.6607,1872.1601,25.6128,34.7283,4.202,177.2659,203.1856,78.777,290.3573,92.1505,415.2121,361.8061,148.1154,159.6307,155.932,215.2407,122.8616,SYNTHETIC,MARKET_DATA
2024-03-31,06M,1.1136,1.0506,1.8071,2.3623,2.9364,1.3117,1.2487,1.0356,2.5779,2.6909,2.1693,2.2029,3.0355,3.6118,1.3815,0.526,1.3437,4.4788,8.3899,62.0473,13.4308,517.2287,3092.3384,159.7413,5761.0777,1324.3745,81.0458,49.2103,1.8222,5.7637,1878.1626,25.819,33.5848,4.2098,180.2438,197.9793,79.0116,296.1271,97.0206,426.7288,364.2384,138.7273,159.9718,164.1939,195.2772,117.8858,SYNTHETIC,MARKET_DATA
2024-04-30,06M,1.1529,0.9485,1.7299,2.2945,2.878,1.3461,1.1417,1.0682,2.5529,2.6819,2.1365,2.1832,3.1456,3.6126,1.3703,0.4998,1.4995,4.5088,8.4479,62.0154,13.1379,545.0989,3268.3215,57.3765,5686.7508,1336.5605,81.3854,49.5272,1.7719,5.7048,1873.2406,25.717,33.9984,4.2203,183.7342,194.418,79.5196,302.9975,102.3007,433.5469,368.9866,137.0755,159.3956,166.977,175.3477,113.3289,SYNTHETIC,MARKET_DATA
2024-05-31,06M,1.1783,1.0563,1.8924,2.5104,3.1015,1.4541,1.3321,1.0954,2.8701,2.9004,2.454,2.4082,3.717,3.6081,1.2906,0.5194,1.5031,4.7169,8.8008,61.9409,13.0104,645.3008,3321.2426,-85.8337,5516.4778,1245.934,78.7785,49.6789,1.7861,5.8522,1883.7305,25.9132,32.6086,4.2293,185.1496,188.8686,79.7581,301.4902,104.7679,439.4792,368.2081,139.7485,157.4438,170.4885,158.4371,106.5409,SYNTHETIC,MARKET_DATA
2024-06-30,06M,1.1687,1.1053,1.9494,2.577,3.1739,1.4716,1.4082,1.0858,2.9167,2.9362,2.5117,2.4547,3.9266,3.6277,1.4244,0.6653,1.955,4.6213,8.637,61.9615,13.3828,612.34,3514.4218,40.3008,5582.2013,1232.0579,79.9588,50.3336,1.7427,5.785,1881.6435,26.0659,35.4902,4.2404,185.6088,190.0728,79.3788,293.703,106.2258,441.925,363.8729,150.8243,158.4584,177.6604,152.6242,105.7868,SYNTHETIC,MARKET_DATA
2024-07-31,06M,1.1563,1.1695,1.9658,2.5675,3.1628,1.398,1.4112,1.0787,2.6921,2.7683,2.3094,2.3154,3.7074,3.6188,1.3242,0.5173,1.8635,4.9307,9.2047,61.8636,13.4479,711.8554,3424.6828,-83.5999,5383.9558,1177.5444,79.4612,50.4617,1.7829,6.0025,1925.4591,26.6776,32.473,4.2469,184.1583,194.5283,79.1532,285.0261,104.7773,446.5675,363.7601,163.6111,155.7782,193.1963,159.6302,110.8564,SYNTHETIC,MARKET_DATA
2024-08-31,06M,1.0828,1.2173,2.0452,2.6805,3.265,1.4632,1.5977,1.0006,2.5476,2.6636,2.1771,2.2293,3.495,3.6907,1.4731,0.5428,2.3513,4.6957,8.8202,61.9159,13.976,682.7353,3688.3329,141.9609,5549.5511,1163.8379,81.7635,50.8045,1.6972,5.7457,1933.5924,26.6219,36.6451,4.2659,182.3537,203.9753,79.9606,278.3127,101.3127,445.4092,368.0891,185.9957,159.1697,218.7525,163.7909,111.8574,SYNTHETIC,MARKET_DATA
2024-09-30,06M,1.0501,1.1732,2.0091,2.6576,3.2457,1.4844,1.6075,0.9705,2.4181,2.5841,2.0607,2.1573,3.2841,3.6896,1.5307,0.4361,2.7729,4.6559,8.756,61.9124,13.7886,696.3868,3469.0457,130.3509,5575.3316,1165.8791,82.809,51.0904,1.6623,5.6579,1960.2354,27.0301,38.2037,4.2824,185.1639,214.902,82.4015,274.4928,99.2913,451.1386,381.7965,208.0612,169.0022,246.7348,175.1172,114.9475,SYNTHETIC,MARKET_DATA
2024-10-31,06M,1.0181,1.1386,1.9774,2.6479,3.2374,1.5093,1.6298,0.9311,2.4236,2.6068,2.066,2.1659,3.3157,3.6782,1.578,0.4049,2.9939,4.6449,8.7394,61.9037,14.5015,667.699,3449.2913,282.3248,5577.3445,1171.582,83.1059,51.3524,1.6473,5.6476,1984.4617,27.4979,40.1616,4.2811,183.7733,222.7112,83.1666,266.8658,94.341,449.5771,384.6719,223.4702,173.4937,268.1722,188.0908,122.3891,SYNTHETIC,MARKET_DATA
2024-11-30,06M,1.0155,1.1041,1.9156,2.5856,3.1711,1.4816,1.5701,0.9195,2.1561,2.4302,1.7988,2.0001,3.0102,3.7268,1.7457,0.5202,3.2935,4.4491,8.3892,61.9389,13.9618,659.1867,3465.5086,255.963,5722.1531,1218.3069,85.787,51.6929,1.5835,5.4499,2007.1983,28.0726,43.7904,4.2849,182.631,228.6784,85.396,263.4021,90.8759,449.6602,385.9511,235.1323,177.1192,285.724,201.3247,133.0169,SYNTHETIC,MARKET_DATA
2024-12-31,06M,0.997,1.0198,1.8356,2.5164,3.0773,1.4966,1.5194,0.9035,2.1358,2.428,1.7743,1.9803,2.9469,3.7012,1.7236,0.5093,3.286,4.5414,8.5704,61.9144,13.8768,675.8821,3331.0594,191.1741,5651.7342,1226.1614,85.0101,51.6317,1.585,5.4879,2037.3488,28.5369,43.4862,4.296,182.5251,235.9074,88.5916,264.5682,87.0142,450.2851,394.1485,242.5338,181.8037,316.7359,219.3243,146.806,SYNTHETIC,MARKET_DATA
2025-01-31,06M,0.9533,1.0081,1.8271,2.5247,3.0696,1.5166,1.5714,0.8695,2.2403,2.5089,1.8601,2.0473,2.9881,3.725,1.9121,0.6914,3.5967,4.1902,7.9416,62.0151,13.8141,574.3141,3446.963,351.5577,5859.0149,1269.807,85.9915,51.855,1.4827,5.1764,2011.8934,28.2459,48.8388,4.3053,182.5694,238.5602,90.751,263.9781,85.9107,450.5606,394.0668,247.9799,196.2557,330.0162,234.2196,155.2994,SYNTHETIC,MARKET_DATA
2025-02-28,06M,0.9365,1.0189,1.7942,2.4634,2.9836,1.4445,1.5269,0.8652,2.2702,2.5235,1.8807,2.0547,2.9266,3.6722,1.7687,0.7102,3.3298,4.4091,8.2912,61.9852,13.2951,602.9745,3160.8218,145.3439,5703.5723,1266.5085,83.3335,51.3753,1.5352,5.367,2023.7463,28.6561,45.8693,4.3108,187.2076,241.8637,94.1531,268.5262,87.4962,457.5195,397.9221,243.8875,219.788,337.133,258.7126,167.5657,SYNTHETIC,MARKET_DATA
2025-03-31,06M,0.9416,0.9973,1.7222,2.3717,2.8734,1.3744,1.4302,0.8837,2.0039,2.3079,1.5988,1.8455,2.4793,3.6476,1.7961,0.8387,3.3728,4.3434,8.1472,62.0392,13.3595,544.6453,3393.9528,220.526,5740.1541,1313.232,83.5397,51.24,1.535,5.3453,2009.8201,28.6271,46.1101,4.3168,188.7592,242.7522,95.7518,276.2803,89.2299,457.8898,405.1505,235.012,230.0353,335.1356,271.4475,177.0107,SYNTHETIC,MARKET_DATA
2025-04-30,06M,0.9468,0.9723,1.6805,2.3315,2.8162,1.3592,1.3848,0.9016,1.9742,2.267,1.5614,1.812,2.3126,3.6058,1.7931,0.8596,3.5286,4.3826,8.209,62.0556,12.3954,594.5152,3326.9598,40.3903,5720.0202,1331.7856,82.7636,50.9196,1.5599,5.3421,1992.2413,28.3919,44.1114,4.3335,190.8367,253.0506,97.4925,281.4706,91.852,460.1562,408.7653,230.1771,248.6943,340.4319,294.7613,193.358,SYNTHETIC,MARKET_DATA
2025-05-31,06M,0.9191,0.9944,1.6683,2.3266,2.8065,1.3323,1.4075,0.8793,1.9932,2.2542,1.5809,1.7995,2.2082,3.5497,1.7683,0.8802,3.6151,4.394,8.2614,62.0737,12.7696,531.5829,3349.4729,160.9412,5687.2407,1349.1883,82.3903,50.6395,1.5771,5.3221,1960.3191,27.8742,43.9999,4.3446,193.3707,266.3038,98.1295,283.3592,92.9588,450.771,406.1118,228.7238,276.4942,346.0409,312.8791,201.6139,SYNTHETIC,MARKET_DATA
2025-06-30,06M,0.9163,1.0382,1.7069,2.3904,2.8673,1.3522,1.474,0.8776,1.9586,2.1933,1.5537,1.7726,2.0345,3.5482,1.7469,0.7056,3.5741,4.3835,8.2653,62.0671,12.5839,526.6291,3345.6617,139.5925,5652.718,1333.6464,82.5034,50.4627,1.5953,5.295,1938.7822,27.4658,43.0076,4.3536,195.225,275.9793,98.3468,286.9066,94.1796,447.4086,397.5098,226.1572,297.715,322.4852,320.6447,205.7349,SYNTHETIC,MARKET_DATA
2025-07-31,06M,0.9327,1.0023,1.6449,2.314,2.7873,1.3117,1.3813,0.8941,1.8022,2.0566,1.4191,1.6602,1.8081,3.5217,1.6862,0.654,3.3874,4.5496,8.5871,62.0167,12.6567,544.966,3330.4206,84.0814,5469.5512,1328.2975,81.8956,50.4586,1.6518,5.4344,1956.5161,27.4911,38.5503,4.3671,197.4125,280.4842,98.4023,285.8896,96.5438,451.239,388.1882,222.6701,306.1276,303.6368,327.1434,206.6529,SYNTHETIC,MARKET_DATA
2025-08-31,06M,0.9801,0.9415,1.623,2.3233,2.8112,1.3818,1.3432,0.9399,1.9382,2.1284,1.5687,1.753,1.9701,3.5025,1.6515,0.5853,3.1843,4.6697,8.8344,61.9684,12.6929,555.52,3493.8365,33.4538,5308.5796,1300.3637,81.6441,50.6131,1.6846,5.5218,1965.6582,27.4569,36.3093,4.3745,198.5805,288.2881,98.2617,285.4253,96.6904,459.344,379.0836,227.975,327.8026,298.8291,338.8525,209.8094,SYNTHETIC,MARKET_DATA
2025-09-30,06M,0.9937,0.9843,1.6777,2.3881,2.8734,1.4039,1.3945,0.9535,2.1916,2.2876,1.834,1.9221,2.1716,3.4773,1.5115,0.4762,2.7526,4.88,9.2286,61.9009,12.7763,648.7574,3588.9169,-83.0533,5079.5802,1245.167,80.2092,50.4241,1.7163,5.6075,1978.3972,27.4993,31.2598,4.3844,199.3627,302.5033,98.6741,285.2433,98.1152,461.5368,366.9583,244.4507,348.9199,290.4325,363.7578,211.4667,SYNTHETIC,MARKET_DATA
2025-10-31,06M,0.992,1.0474,1.7414,2.4437,2.9272,1.3963,1.4517,0.9539,2.1333,2.2305,1.7851,1.8639,1.9767,3.4799,1.4874,0.4722,2.546,4.847,9.1842,61.9139,13.2419,599.7478,3791.4405,17.2396,5033.5608,1211.6585,80.2642,50.5247,1.7113,5.5726,1986.5022,27.6376,31.9486,4.3775,203.7185,311.3886,99.263,285.7142,100.7901,485.634,368.9975,248.764,363.551,293.4383,356.6481,202.099,SYNTHETIC,MARKET_DATA
2025-11-30,06M,0.983,0.9813,1.6972,2.3522,2.8208,1.3709,1.3692,0.957,2.0396,2.1501,1.6813,1.77,1.7242,3.498,1.545,0.5793,2.5974,4.6691,8.8538,61.9609,13.6536,540.8665,3764.4664,163.0596,5112.8376,1224.5003,81.5328,50.8508,1.6795,5.4648,1979.935,27.4535,34.1335,4.3892,211.5722,319.0364,103.397,294.6309,105.4355,530.6453,389.657,249.6518,362.6569,299.0562,355.392,205.0009,SYNTHETIC,MARKET_DATA
2025-12-31,06M,0.9442,0.9369,1.6332,2.2296,2.6719,1.2927,1.2854,0.9206,2.0188,2.1237,1.6362,1.7045,1.5915,3.4667,1.5074,0.7166,2.4028,4.689,8.8682,61.9736,14.1769,542.5203,3608.4013,261.7176,5094.0531,1238.7153,81.2749,50.7922,1.6831,5.4758,1980.1737,27.7174,32.7935,4.4001,222.3936,332.0779,109.5475,303.9577,109.0933,577.1347,410.4678,251.7762,384.6111,324.8926,358.2473,209.8683,SYNTHETIC,MARKET_DATA
2026-01-31,06M,0.9174,0.889,1.633,2.2561,2.6493,1.3671,1.3387,0.8882,2.0325,2.1177,1.6126,1.6663,1.5417,3.4244,1.4648,0.763,2.1693,4.6662,8.8269,61.9889,14.0798,536.5514,3620.7595,269.7202,5121.2357,1217.5533,81.1545,50.5576,1.6833,5.4655,1958.9618,27.7107,32.6447,4.4055,237.5343,355.1966,119.8059,323.6343,113.5704,616.2397,447.8151,260.3437,432.0983,358.5681,370.5888,216.3821,SYNTHETIC,MARKET_DATA
2026-02-28,06M,0.8793,0.8797,1.6099,2.2058,2.5515,1.3261,1.3265,0.8416,2.0571,2.1276,1.5981,1.6346,1.5357,3.4005,1.4219,0.7256,1.8841,4.7116,8.9011,61.9782,13.7105,608.1891,3597.664,166.9171,5128.0088,1210.1198,80.374,50.4707,1.7007,5.513,1958.5386,27.934,31.17,4.4103,248.9729,376.1936,126.0138,341.0741,117.6376,627.9485,480.2629,267.3478,450.6865,383.2714,383.7389,223.3287,SYNTHETIC,MARKET_DATA
2026-03-31,06M,0.8665,0.8779,1.6466,2.2502,2.5517,1.3722,1.3837,0.8092,2.0805,2.1426,1.595,1.619,1.6506,3.435,1.5214,0.9681,1.7306,4.5866,8.6717,62.0101,13.7871,548.3775,3654.4288,253.5164,5264.0549,1196.7168,80.8311,50.6792,1.6907,5.4566,1941.7045,27.7711,33.2933,4.4138,259.2287,387.5533,132.4261,353.6361,118.9187,649.6562,506.8439,262.5822,464.5033,402.7499,386.4083,225.5044,SYNTHETIC,MARKET_DATA
2026-04-30,06M,0.8468,0.8992,1.7073,2.335,2.6135,1.4359,1.4882,0.7787,2.3427,2.3298,1.8279,1.779,2.1225,3.4901,1.5788,1.1135,1.4734,4.5097,8.5347,62.015,13.7051,541.7604,3545.0304,278.0739,5378.9218,1174.8565,80.4796,50.7099,1.6606,5.3992,1931.4473,27.6215,34.411,4.4392,268.9963,399.4304,138.8162,374.8325,119.3806,655.2084,522.9191,275.7291,487.4124,410.219,402.8188,235.1007,SYNTHETIC,MARKET_DATA
2026-05-31,06M,0.8184,0.8984,1.6962,2.3451,2.598,1.4467,1.5267,0.7276,2.4628,2.4377,1.9339,1.8578,2.4808,3.4816,1.4386,0.8554,0.8614,4.8257,9.1001,61.9351,13.807,609.4868,3468.5864,149.5224,5177.1768,1134.2444,77.9095,50.4038,1.7108,5.623,1954.9641,28.0359,28.0923,4.4494,278.0645,408.6697,144.0114,390.0386,119.7366,641.6225,536.6569,284.4821,510.0251,417.7518,409.4101,232.9306,SYNTHETIC,MARKET_DATA
2026-06-30,06M,0.7919,0.8954,1.6622,2.3041,2.5585,1.4087,1.5122,0.6975,2.2713,2.3234,1.7534,1.7219,2.3453,3.5128,1.4288,0.7039,0.6955,4.821,9.0624,61.9359,13.6128,608.2036,3726.8043,78.259,5177.266,1141.0051,78.2649,50.5153,1.6916,5.6517,1964.8415,27.8864,27.4849,4.4535,282.6575,416.3474,144.4976,400.3723,120.5669,620.0057,551.6147,292.7263,506.2431,416.4696,418.3785,232.0037,SYNTHETIC,MARKET_DATA
2026-07-31,06M,0.7544,0.7945,1.5827,2.2356,2.5189,1.4411,1.4812,0.6545,2.2987,2.3715,1.7981,1.7494,2.4269,3.5511,1.4371,0.6328,0.602,4.791,8.9708,61.9298,13.5958,628.3955,3710.2232,37.7663,5246.5988,1165.9039,78.439,50.629,1.6528,5.647,1981.3998,27.8921,27.7113,4.4632,279.4115,423.8187,137.396,401.9332,119.1589,597.9436,542.836,293.6731,481.9423,417.2665,416.9187,239.23,SYNTHETIC,MARKET_DATA
2018-01-31,12M,,,,,,,,,,,,,,,,,,,,,,,,,,,,,,,,,,,,,,,,,,,,,,,SYNTHETIC,MARKET_DATA
2018-02-28,12M,,,,,,,,,,,,,,,,,,,,,,,,,,,,,,,,,,,,,,,,,,,,,,,SYNTHETIC,MARKET_DATA
2018-03-31,12M,,,,,,,,,,,,,,,,,,,,,,,,,,,,,,,,,,,,,,,,,,,,,,,SYNTHETIC,MARKET_DATA
2018-04-30,12M,,,,,,,,,,,,,,,,,,,,,,,,,,,,,,,,,,,,,,,,,,,,,,,SYNTHETIC,MARKET_DATA
2018-05-31,12M,,,,,,,,,,,,,,,,,,,,,,,,,,,,,,,,,,,,,,,,,,,,,,,SYNTHETIC,MARKET_DATA
2018-06-30,12M,,,,,,,,,,,,,,,,,,,,,,,,,,,,,,,,,,,,,,,,,,,,,,,SYNTHETIC,MARKET_DATA
2018-07-31,12M,,,,,,,,,,,,,,,,,,,,,,,,,,,,,,,,,,,,,,,,,,,,,,,SYNTHETIC,MARKET_DATA
2018-08-31,12M,,,,,,,,,,,,,,,,,,,,,,,,,,,,,,,,,,,,,,,,,,,,,,,SYNTHETIC,MARKET_DATA
2018-09-30,12M,,,,,,,,,,,,,,,,,,,,,,,,,,,,,,,,,,,,,,,,,,,,,,,SYNTHETIC,MARKET_DATA
2018-10-31,12M,,,,,,,,,,,,,,,,,,,,,,,,,,,,,,,,,,,,,,,,,,,,,,,SYNTHETIC,MARKET_DATA
2018-11-30,12M,,,,,,,,,,,,,,,,,,,,,,,,,,,,,,,,,,,,,,,,,,,,,,,SYNTHETIC,MARKET_DATA
2018-12-31,12M,2.3384,2.1863,2.7332,3.1742,3.5772,0.9879,0.8358,2.3278,2.338,2.355,1.9347,1.9321,2.755,3.4144,0.9849,0.0381,0.2913,5.1107,9.4131,62.2642,13.7447,605.8664,3798.9285,277.2982,5379.8035,991.9684,76.4416,48.3215,1.8618,5.8623,1559.4301,22.224,27.1582,3.7186,96.8337,102.1811,52.0047,130.0497,50.6143,205.9267,169.5111,85.9153,94.1078,78.2023,129.7702,80.6754,SYNTHETIC,MARKET_DATA
2019-01-31,12M,2.3689,2.2387,2.8048,3.2601,3.6486,1.0214,0.8912,2.3608,2.4116,2.4258,2.0083,2.0109,2.8945,3.4566,1.0016,-0.0181,0.3765,5.0357,9.2733,62.2718,14.2461,592.4752,3927.5936,327.5864,5411.1118,980.2385,76.6359,48.1898,1.8492,5.8108,1565.1341,22.2223,28.929,3.7248,97.7405,101.218,52.7733,131.8004,50.4796,209.0259,174.6165,86.6822,92.5417,75.9842,128.7883,80.1465,SYNTHETIC,MARKET_DATA
2019-02-28,12M,2.3827,2.2388,2.8122,3.2659,3.6404,1.0271,0.8832,2.376,2.42,2.444,2.0257,2.0475,2.9079,3.4752,1.0103,-0.035,0.4551,5.0033,9.2046,62.2638,14.4727,604.967,3852.1901,294.4824,5428.5997,986.6033,76.7328,48.0418,1.8484,5.8002,1576.0624,22.2019,29.9581,3.7321,98.135,100.8225,53.279,134.3985,50.1321,211.2049,180.3313,88.6177,91.97,73.8469,128.4274,80.6243,SYNTHETIC,MARKET_DATA
2019-03-31,12M,2.3815,2.2374,2.7878,3.2118,3.5796,0.9744,0.8303,2.3675,2.3152,2.3707,1.9272,1.9934,2.8063,3.4529,0.9305,-0.1548,0.2721,5.1382,9.4599,62.2218,14.7758,676.4113,3806.7059,193.0397,5371.6316,992.1889,76.3383,47.834,1.8927,5.9376,1593.3513,22.1677,28.8715,3.7441,99.05,101.1323,53.5528,136.5933,50.2961,216.1805,185.6872,91.487,91.765,73.5577,126.1435,81.482,SYNTHETIC,MARKET_DATA
2019-04-30,12M,2.3629,2.1698,2.7751,3.2229,3.5869,1.0531,0.86,2.3381,2.2656,2.3233,1.8757,1.9613,2.806,3.51,1.1873,0.0746,0.7615,4.7092,8.7074,62.3199,14.5538,547.5131,3914.0952,356.435,5550.2966,1039.7975,79.2881,48.2411,1.7941,5.5993,1556.6079,21.3592,33.7543,3.7639,100.1833,102.0204,53.9747,139.2277,50.8152,220.1284,191.3965,94.9933,92.4951,74.1011,123.5051,82.3579,SYNTHETIC,MARKET_DATA
2019-05-31,12M,2.3392,2.1055,2.735,3.1863,3.5433,1.0808,0.8471,2.301,2.3041,2.3493,1.9221,1.999,2.8374,3.5239,1.2012,-0.0451,0.9438,4.7179,8.7495,62.3137,14.4052,559.9207,3518.5528,326.5348,5517.7918,1050.0315,79.0673,48.2659,1.8037,5.6199,1553.566,21.058,34.2149,3.7788,101.9207,104.0305,54.0585,144.0337,52.2529,224.8036,201.2722,99.921,94.6267,76.0864,122.027,84.0726,SYNTHETIC,MARKET_DATA
2019-06-30,12M,2.3208,2.084,2.717,3.1669,3.5195,1.0829,0.846,2.2693,2.3397,2.3811,1.9658,2.0398,2.9035,3.575,1.3118,0.022,1.2564,4.5118,8.4129,62.3564,14.6673,519.2086,3517.78,485.3028,5635.749,1080.2437,80.2581,48.5979,1.7503,5.459,1530.208,20.6337,38.3378,3.7898,104.462,105.0982,53.6628,148.9242,54.5368,231.6742,212.6464,105.3362,96.2368,78.8235,118.6743,85.0081,SYNTHETIC,MARKET_DATA
2019-07-31,12M,2.2789,2.0493,2.669,3.1058,3.4469,1.0565,0.8269,2.2128,2.284,2.3475,1.9203,2.0176,2.8443,3.6011,1.3874,0.0887,1.5098,4.4048,8.2734,62.3822,13.6274,539.8766,3331.4798,314.8846,5680.37,1110.3687,81.1079,48.9207,1.7233,5.3809,1513.563,20.2591,40.8455,3.7972,106.3816,106.5026,53.151,153.4416,56.6776,239.4621,222.9195,111.0926,97.753,82.489,117.654,86.9268,SYNTHETIC,MARKET_DATA
2019-08-31,12M,2.21,2.0226,2.6564,3.0977,3.4229,1.0751,0.8877,2.1344,2.5055,2.5214,2.1514,2.191,3.1655,3.6232,1.3814,0.0311,1.656,4.4376,8.3738,62.3766,13.5896,552.0218,3232.6613,291.6445,5625.7473,1111.0781,80.3835,49.1923,1.7305,5.4287,1509.3148,20.149,41.2373,3.8028,108.1281,107.1958,52.8025,157.1781,58.64,246.5824,232.8501,114.0597,97.5423,85.1274,115.1706,87.6821,SYNTHETIC,MARKET_DATA
2019-09-30,12M,2.1548,1.9841,2.5994,3.0171,3.3445,1.033,0.8623,2.0755,2.4138,2.4706,2.0672,2.1452,3.0542,3.6311,1.3872,0.0774,1.8093,4.4661,8.4798,62.3807,13.1044,595.6034,3250.3078,156.293,5569.017,1121.9295,80.5185,49.4649,1.748,5.5053,1506.1592,20.1071,40.5947,3.8051,108.2861,107.3503,52.0297,156.5976,58.9579,249.4974,239.7311,118.1787,99.7098,87.6149,114.009,87.5986,SYNTHETIC,MARKET_DATA
2019-10-31,12M,2.0852,1.9324,2.5664,2.9894,3.3278,1.057,0.9041,2.0088,2.4489,2.5084,2.1094,2.1813,3.1602,3.6632,1.4955,0.2415,2.1847,4.3284,8.2568,62.4261,12.8804,580.7446,3265.0813,153.677,5625.5286,1138.5676,81.3656,49.8707,1.7266,5.4437,1486.9583,19.9707,43.8835,3.8057,108.6402,107.146,51.6338,157.9582,59.8632,252.5779,245.6557,120.7083,100.2104,91.2941,110.2085,86.4721,SYNTHETIC,MARKET_DATA
2019-11-30,12M,2.0223,1.8677,2.5363,2.979,3.3267,1.1113,0.9567,1.9474,2.4307,2.5067,2.0987,2.1755,3.1429,3.6729,1.5389,0.3578,2.4324,4.3327,8.2888,62.4344,12.925,584.6394,3139.6109,158.1304,5598.6584,1143.7927,81.6271,50.231,1.7402,5.4772,1481.668,20.0659,43.7444,3.8127,109.7069,109.1608,51.7229,158.944,61.1608,256.1053,250.6019,123.4103,102.4272,96.9223,112.2995,86.1594,SYNTHETIC,MARKET_DATA
2019-12-31,12M,1.9496,1.806,2.4757,2.914,3.2784,1.108,0.9643,1.8765,2.3775,2.478,2.048,2.1364,3.0742,3.6779,1.5538,0.3536,2.5367,4.4014,8.4261,62.4269,12.924,608.4912,3132.2193,129.2437,5555.5549,1150.0096,81.5254,50.4995,1.7573,5.5406,1484.5653,20.2704,42.3076,3.8107,111.4575,110.8724,52.3581,162.6323,62.4578,258.7569,257.5365,125.2504,108.0291,101.7965,113.6621,85.5237,SYNTHETIC,MARKET_DATA
2020-01-31,12M,1.8703,1.7117,2.4138,2.8684,3.2494,1.1567,0.9982,1.7977,2.3196,2.4396,1.9902,2.0887,2.9464,3.6935,1.6022,0.435,2.6316,4.383,8.3907,62.4376,12.5788,617.843,3186.7479,62.3765,5581.3671,1164.903,82.1496,50.9219,1.7446,5.5128,1471.7332,20.2717,42.2396,3.8076,112.6427,112.5335,52.5796,164.8479,63.4618,258.9865,261.3262,127.0793,112.9187,105.979,115.2189,85.7852,SYNTHETIC,MARKET_DATA
2020-02-29,12M,1.8076,1.7065,2.3832,2.8207,3.2153,1.1142,1.0131,1.7391,2.3286,2.4417,1.993,2.0853,2.9849,3.6939,1.6204,0.4558,2.7032,4.3931,8.4054,62.4505,12.5568,624.7294,3172.9586,59.4402,5580.912,1174.4703,82.3454,51.2477,1.737,5.5124,1463.483,20.3841,41.1896,3.8062,114.3792,115.2654,52.9744,166.2185,65.0787,262.22,263.5722,128.2463,117.2974,111.0149,118.5864,87.2643,SYNTHETIC,MARKET_DATA
2020-03-31,12M,1.7526,1.6269,2.3254,2.7871,3.1966,1.1602,1.0345,1.6863,2.3729,2.4741,2.0324,2.0989,2.9992,3.737,1.7247,0.5587,2.9344,4.2229,8.0879,62.5048,12.6994,550.6288,3189.0915,181.9919,5679.0734,1199.0682,83.5274,51.6883,1.6804,5.3669,1444.166,20.3786,41.937,3.8077,117.4463,116.685,54.4722,169.3762,67.1179,265.1954,269.8553,128.1916,120.7131,117.1178,122.8753,87.1574,SYNTHETIC,MARKET_DATA
2020-04-30,12M,1.707,1.5711,2.2498,2.7008,3.1197,1.1297,0.9938,1.6428,2.1934,2.3503,1.8537,1.9651,2.6714,3.7425,1.6638,0.4941,2.8288,4.3141,8.2385,62.4932,12.6781,565.8582,3042.6443,136.1112,5643.3597,1207.6055,83.688,51.7175,1.6878,5.4557,1446.0257,20.6259,39.0623,3.8026,119.3362,117.4306,54.9609,170.5799,69.342,265.1921,274.6572,127.8031,121.5313,120.9168,127.2423,87.178,SYNTHETIC,MARKET_DATA
2020-05-31,12M,1.6646,1.5534,2.213,2.662,3.0935,1.1086,0.9974,1.6035,2.1478,2.3135,1.8091,1.9218,2.5913,3.7158,1.5831,0.5203,2.6426,4.4234,8.4244,62.4711,12.7394,610.9761,3126.9713,99.8725,5611.8036,1202.6915,83.4056,51.5475,1.6973,5.5469,1451.3185,20.9504,37.7297,3.8024,121.226,115.9573,55.0402,171.9334,71.2873,266.1464,277.7436,122.5732,120.1874,123.4749,128.6469,87.305,SYNTHETIC,MARKET_DATA
2020-06-30,12M,1.6136,1.4853,2.1558,2.6151,3.0629,1.1298,1.0015,1.5581,2.0243,2.212,1.6922,1.8234,2.3891,3.6798,1.4896,0.4913,2.4538,4.5919,8.7123,62.4327,12.355,646.3801,3230.0331,-64.9385,5504.2883,1193.5543,82.7342,51.293,1.7354,5.694,1470.9451,21.3486,33.8442,3.7992,122.0055,115.9172,55.1099,172.2947,71.9291,265.1166,277.6583,118.0724,121.2172,127.7473,131.9105,88.6862,SYNTHETIC,MARKET_DATA
2020-07-31,12M,1.5608,1.4391,2.1325,2.6028,3.0672,1.1636,1.042,1.5158,2.1165,2.2661,1.7953,1.8858,2.5037,3.6931,1.5489,0.6074,2.5368,4.4754,8.4812,62.4641,12.5973,599.2042,3389.8075,44.1889,5599.732,1209.5746,83.1948,51.227,1.6954,5.5704,1470.4747,21.414,34.7581,3.8012,124.4013,114.1125,55.7984,173.3139,73.9539,265.7638,279.7052,112.0033,120.115,129.1582,130.7914,85.9976,SYNTHETIC,MARKET_DATA
2020-08-31,12M,1.5376,1.3785,2.0941,2.5764,3.0597,1.1979,1.0388,1.5061,1.9616,2.1415,1.6482,1.7756,2.2868,3.6795,1.5651,0.6888,2.5457,4.4078,8.3432,62.4847,12.8989,580.0,3289.289,136.5393,5656.7063,1230.0558,84.2725,51.0763,1.6642,5.487,1479.0631,21.5816,34.5745,3.798,127.6482,112.5736,56.963,174.2259,76.3531,269.5147,282.1462,107.9268,121.2822,129.276,129.0816,86.0715,SYNTHETIC,MARKET_DATA
2020-09-30,12M,1.5055,1.3817,2.1214,2.6046,3.0946,1.2229,1.0991,1.4816,2.1584,2.2792,1.8502,1.9147,2.5371,3.6858,1.5535,0.658,2.4573,4.3533,8.2126,62.4939,13.3084,534.801,3234.6215,258.6076,5694.1558,1231.7845,83.9376,50.9241,1.6278,5.374,1485.6701,21.6686,35.5947,3.7975,131.8713,111.5846,58.8166,177.9521,79.6505,278.3908,286.5723,102.0749,119.4565,128.898,128.3552,86.1423,SYNTHETIC,MARKET_DATA
2020-10-31,12M,1.4726,1.3487,2.0813,2.5558,3.0442,1.2071,1.0832,1.4488,2.0671,2.2106,1.7628,1.852,2.3568,3.6594,1.4334,0.4853,2.2115,4.4981,8.4598,62.4515,13.1097,617.8682,3198.21,135.407,5631.8508,1233.1239,83.1457,50.6029,1.6318,5.4103,1513.0306,21.9917,31.884,3.8061,135.4613,111.2244,60.231,179.8536,81.7403,286.9108,289.1306,98.1702,119.7759,126.483,129.672,87.3199,SYNTHETIC,MARKET_DATA
2020-11-30,12M,1.4479,1.3128,2.0283,2.4841,2.9736,1.1713,1.0362,1.4236,1.8996,2.0791,1.596,1.7377,2.0709,3.6531,1.4069,0.4798,2.18,4.4923,8.4465,62.4446,13.0343,615.6057,3335.0842,106.5947,5669.1852,1251.7886,83.6932,50.3998,1.6014,5.3313,1528.2522,22.0968,31.1574,3.8074,138.0574,109.8347,61.4151,180.7251,82.1011,293.0076,294.2597,94.5489,119.2047,122.1861,128.0774,87.7024,SYNTHETIC,MARKET_DATA
2020-12-31,12M,1.4269,1.3021,2.0304,2.4901,2.9757,1.188,1.0632,1.4004,2.0199,2.1581,1.7223,1.8271,2.1911,3.6654,1.4198,0.5717,2.1946,4.4327,8.3497,62.4448,13.0078,607.5011,3339.9006,109.2957,5734.993,1262.2818,83.432,50.3552,1.5702,5.2201,1540.7557,22.1747,33.26,3.8193,139.8183,108.0362,62.5837,179.0299,82.296,301.2628,296.2412,91.5357,117.6021,117.9314,128.4896,87.0384,SYNTHETIC,MARKET_DATA
2021-01-31,12M,1.4135,1.3026,2.0046,2.4384,2.918,1.1358,1.0249,1.3847,1.9755,2.121,1.6844,1.7981,2.1526,3.6459,1.393,0.6109,2.1708,4.5253,8.5457,62.404,13.3877,611.408,3299.3505,137.2756,5691.1417,1272.312,82.6333,50.1235,1.5755,5.2437,1564.8785,22.4162,32.1583,3.8409,141.5432,106.913,64.2238,180.765,82.8976,305.3391,296.0821,87.9503,119.9978,114.3425,130.046,87.2725,SYNTHETIC,MARKET_DATA
2021-02-28,12M,1.379,1.2261,1.961,2.3995,2.8786,1.1734,1.0205,1.3484,1.9841,2.1219,1.6964,1.8063,2.1589,3.6432,1.3973,0.6365,2.1513,4.574,8.6718,62.3756,13.451,633.1109,3383.3981,103.4982,5681.699,1283.0888,82.1954,50.0201,1.567,5.2273,1586.4756,22.6524,32.3843,3.8574,142.6771,104.4555,65.6625,182.6525,82.7062,308.2755,294.1339,83.7274,123.3974,109.4447,129.6608,85.8568,SYNTHETIC,MARKET_DATA
2021-03-31,12M,1.3427,1.1894,1.9805,2.4382,2.906,1.2489,1.0956,1.3102,2.1048,2.2148,1.8143,1.8958,2.3423,3.6624,1.4744,0.8262,2.3514,4.4806,8.5434,62.389,13.3875,621.5808,3429.1948,109.7354,5753.531,1296.9085,81.9773,50.1082,1.5383,5.1214,1597.8778,22.7629,35.7356,3.8644,143.0546,102.157,65.9794,184.1732,82.4332,312.6211,292.8738,79.6469,125.2361,102.721,126.9071,85.0604,SYNTHETIC,MARKET_DATA
2021-04-30,12M,1.3004,1.1611,1.9759,2.4369,2.9052,1.2758,1.1365,1.2703,2.101,2.2229,1.8094,1.8933,2.3265,3.6498,1.4658,0.9288,2.4418,4.5044,8.6151,62.3649,13.6875,624.0256,3345.7967,133.0158,5748.2765,1308.4233,81.5961,50.1222,1.5277,5.0879,1628.4158,23.1364,35.7539,3.8746,144.672,100.0916,67.2037,186.9797,81.9611,325.1113,295.0592,76.67,127.4162,98.8644,123.5514,83.4079,SYNTHETIC,MARKET_DATA
2021-05-31,12M,1.2696,1.1446,1.9611,2.4222,2.8975,1.2777,1.1527,1.2437,2.1087,2.2362,1.8176,1.9022,2.297,3.6686,1.5941,1.093,2.6807,4.308,8.2685,62.401,13.864,557.9983,3376.2086,248.257,5886.8098,1346.6128,82.5101,50.4547,1.4661,4.8708,1638.7395,23.2212,38.2835,3.8872,146.1967,99.4085,68.7206,187.7277,80.7134,337.3223,297.6829,75.906,130.3138,94.0166,122.0027,81.5213,SYNTHETIC,MARKET_DATA
2021-06-30,12M,1.2444,1.1392,1.968,2.4536,2.9237,1.3144,1.2092,1.2218,2.1969,2.3098,1.9065,1.9769,2.374,3.6715,1.65,1.2238,2.7215,4.2114,8.1069,62.4062,13.7238,547.6737,3212.9054,253.2716,5953.5453,1361.9402,82.6422,50.6907,1.4383,4.7772,1642.8422,23.2187,41.4579,3.9022,146.9456,99.1025,69.4616,187.7072,79.1245,345.8914,300.6177,75.6856,131.4728,88.3645,120.7852,79.7796,SYNTHETIC,MARKET_DATA
2021-07-31,12M,1.2275,1.172,1.9938,2.4786,2.944,1.3066,1.2512,1.2048,2.2174,2.3345,1.9161,1.9874,2.3833,3.6245,1.494,1.0903,2.4391,4.4957,8.6337,62.3223,13.8308,630.7498,3141.1657,122.4042,5767.7283,1329.1057,80.472,50.5702,1.5279,5.0721,1681.1968,23.8311,38.0362,3.9184,146.2431,99.8653,70.0207,187.6381,76.1099,351.3356,301.0331,75.2823,134.3974,84.6662,120.565,80.519,SYNTHETIC,MARKET_DATA
2021-08-31,12M,1.1953,1.1749,1.9811,2.4629,2.911,1.288,1.2676,1.1662,2.1963,2.3344,1.8882,1.9709,2.3588,3.6211,1.4939,1.1553,2.4379,4.5121,8.6894,62.299,13.3754,656.1298,3418.2708,18.9978,5771.8978,1333.5304,79.922,50.7097,1.5485,5.1188,1687.7101,23.9925,38.7505,3.9317,144.835,100.7155,70.0873,187.4628,73.2136,350.9091,301.1315,75.7366,137.2463,82.162,121.6852,81.6431,SYNTHETIC,MARKET_DATA
2021-09-30,12M,1.1511,1.0979,1.8964,2.4058,2.8444,1.308,1.2547,1.113,2.0049,2.1979,1.6938,1.8215,2.1154,3.6075,1.5349,1.268,2.5476,4.4672,8.652,62.2913,13.1241,648.0373,3456.4665,-4.1755,5831.825,1361.1837,80.2265,50.8618,1.5554,5.1171,1692.2506,24.0344,39.6295,3.9472,145.064,102.3195,69.7341,187.8785,71.2743,350.5415,305.3218,77.67,143.1689,81.6121,125.7371,82.2808,SYNTHETIC,MARKET_DATA
2021-10-31,12M,1.104,1.068,1.8482,2.378,2.8138,1.31,1.274,1.0631,2.0919,2.2577,1.7825,1.8766,2.2379,3.5944,1.5537,1.3982,2.5466,4.4721,8.6989,62.2755,13.6802,580.6364,3429.1562,142.1182,5838.8575,1379.1738,79.5963,50.8911,1.5787,5.1632,1694.3776,24.0555,40.4921,3.9675,145.8341,104.1593,70.317,189.6446,70.7691,350.5194,311.8581,78.2421,147.6213,82.0921,131.0738,83.4478,SYNTHETIC,MARKET_DATA
2021-11-30,12M,1.0405,1.0169,1.7727,2.3253,2.7586,1.3084,1.2848,1.0004,2.1332,2.2977,1.8262,1.8981,2.3022,3.5627,1.4448,1.3218,2.3871,4.6907,9.1186,62.2083,13.6674,643.0246,3450.5957,49.4284,5710.2848,1376.1696,77.6789,50.6952,1.6625,5.4172,1716.9078,24.3571,37.631,3.9851,147.4235,105.5233,71.1646,190.6468,71.787,352.6216,314.6096,78.7735,150.4949,82.4595,133.313,83.6633,SYNTHETIC,MARKET_DATA
2021-12-31,12M,1.0007,0.9907,1.7241,2.2922,2.7261,1.3015,1.2915,0.9605,2.0956,2.2779,1.7871,1.864,2.2628,3.5486,1.3856,1.3189,2.3667,4.7767,9.2904,62.1675,13.5207,688.8999,3663.7983,-3.0878,5673.7752,1377.0343,77.1479,50.4801,1.7003,5.5371,1727.7582,24.4582,35.3231,3.996,149.2479,108.3984,71.3246,191.2597,73.2456,352.5179,318.4308,80.8405,153.4542,84.902,134.4774,84.8406,SYNTHETIC,MARKET_DATA
2022-01-31,12M,0.9598,0.9667,1.7317,2.3535,2.7892,1.3868,1.3937,0.9219,2.2008,2.3609,1.8941,1.9329,2.3978,3.5791,1.4195,1.3986,2.4719,4.6249,9.0174,62.1897,13.4798,669.5297,3753.3698,76.659,5799.7521,1375.9874,77.5826,50.5421,1.6884,5.4668,1722.0528,24.3697,37.2166,3.9972,151.396,109.7623,70.9337,190.3964,75.5835,358.2156,323.5533,83.6895,150.6833,87.8165,133.8501,85.2742,SYNTHETIC,MARKET_DATA
2022-02-28,12M,0.9284,0.9671,1.7235,2.368,2.8047,1.4009,1.4396,0.8853,2.1403,2.3283,1.839,1.886,2.2992,3.5949,1.4122,1.4881,2.5452,4.5237,8.8319,62.1934,13.8924,618.5066,3629.5715,246.0822,5898.0992,1383.1076,78.1911,50.4438,1.693,5.4587,1730.6725,24.4174,37.7544,3.997,154.8292,110.7042,72.05,190.7756,78.4839,363.025,332.874,87.0458,146.5138,91.5597,133.8272,85.2267,SYNTHETIC,MARKET_DATA
2022-03-31,12M,0.9146,0.9534,1.6748,2.3207,2.7585,1.3673,1.4061,0.8653,2.0686,2.2714,1.7766,1.8297,2.1917,3.5531,1.2618,1.3941,2.3868,4.7087,9.1471,62.1189,13.9885,645.3006,3555.0394,205.2851,5773.4204,1368.0373,77.3592,49.9939,1.7572,5.661,1761.9256,24.8269,33.6557,4.0058,159.2651,113.0739,73.9113,191.4818,81.6032,369.1329,343.4519,91.8491,143.8244,95.0808,136.4999,86.4344,SYNTHETIC,MARKET_DATA
2022-04-30,12M,0.8962,0.9788,1.6862,2.3499,2.7843,1.3711,1.4536,0.8394,2.1953,2.3603,1.9111,1.9142,2.3725,3.569,1.2567,1.4327,2.338,4.6807,9.0826,62.1189,13.5658,654.8909,3737.1166,150.5894,5772.6395,1356.2974,77.379,49.8271,1.7727,5.6869,1770.9731,24.8615,33.8965,4.0099,162.7665,115.902,75.7821,193.1444,84.0965,372.3324,351.6601,96.1195,144.2828,98.5702,138.0531,89.8401,SYNTHETIC,MARKET_DATA
2022-05-31,12M,0.8628,0.9761,1.6748,2.3455,2.7694,1.3693,1.4826,0.7993,2.1354,2.3124,1.8486,1.8626,2.2937,3.5752,1.2164,1.4892,2.3149,4.7496,9.2112,62.0942,13.259,678.6507,3720.9169,67.7108,5702.8557,1348.8232,77.1553,49.6771,1.8095,5.7998,1788.6591,24.95,31.9745,4.0132,167.2629,118.8546,78.1627,200.262,87.6684,375.7668,362.7311,99.5521,144.758,102.8082,142.008,91.2463,SYNTHETIC,MARKET_DATA
2022-06-30,12M,0.8333,0.9567,1.6482,2.3355,2.7588,1.3788,1.5022,0.7637,2.2425,2.3879,1.9498,1.9261,2.4704,3.5893,1.1649,1.4528,2.3633,4.8567,9.41,62.061,13.5956,675.4786,3776.3054,100.8822,5619.3344,1336.5026,76.1721,49.4919,1.8432,5.8968,1809.5954,25.1532,29.289,4.0209,172.003,122.4598,80.732,208.3486,90.5653,381.2672,371.3934,103.1049,146.3043,106.6703,148.517,93.7734,SYNTHETIC,MARKET_DATA
2022-07-31,12M,0.8062,0.9131,1.6146,2.3427,2.7621,1.4296,1.5365,0.7395,2.2219,2.3739,1.9252,1.9043,2.446,3.6347,1.2962,1.5492,2.5386,4.6548,9.05,62.0999,13.4394,603.1391,3859.2269,184.1381,5742.2652,1356.9648,77.9009,49.7049,1.779,5.691,1802.4453,24.9724,31.8442,4.0267,176.6964,125.9538,82.9048,218.1102,93.7933,387.3626,380.656,107.8661,148.8763,111.0114,152.6943,96.3021,SYNTHETIC,MARKET_DATA
2022-08-31,12M,0.7903,0.9012,1.6127,2.3654,2.7949,1.4642,1.5751,0.7277,2.225,2.3756,1.9211,1.8969,2.451,3.6474,1.3337,1.5424,2.4535,4.6199,8.9826,62.1063,13.5738,577.686,3663.6731,227.5343,5734.5814,1352.7547,78.5211,49.7495,1.7642,5.6436,1821.9817,25.1691,31.4871,4.0401,181.5478,129.6664,84.6917,229.2534,97.5817,397.0464,387.6696,111.4625,146.8288,116.1852,155.6374,98.2902,SYNTHETIC,MARKET_DATA
2022-09-30,12M,0.7776,0.9118,1.6307,2.3963,2.8276,1.4845,1.6187,0.7222,2.3568,2.4771,2.0453,1.9972,2.6555,3.6706,1.3785,1.5521,2.3584,4.5478,8.8465,62.125,13.7804,571.7432,3608.0467,309.3091,5764.4486,1348.4081,79.0664,49.8086,1.7452,5.5747,1826.5031,25.2073,31.6084,4.0537,184.6733,131.667,85.8809,237.9134,100.2417,404.6934,388.8532,114.0281,143.2648,118.3179,155.5717,100.5415,SYNTHETIC,MARKET_DATA
2022-10-31,12M,0.7723,0.9009,1.6245,2.3897,2.8238,1.4887,1.6173,0.7208,2.257,2.4155,1.9443,1.9321,2.5257,3.6953,1.4427,1.5119,2.3032,4.4022,8.5723,62.1565,13.3146,555.7378,3515.6244,272.1539,5839.4117,1354.4374,80.6399,49.8711,1.6982,5.4332,1834.4982,25.2437,33.58,4.0617,188.997,132.8271,87.4586,250.2264,102.1628,414.1144,395.1023,116.2299,141.0507,119.1546,152.5061,101.9881,SYNTHETIC,MARKET_DATA
2022-11-30,12M,0.7805,0.9319,1.6672,2.4321,2.8679,1.5002,1.6516,0.7274,2.2897,2.438,1.9687,1.95,2.5795,3.7039,1.5183,1.5466,2.2697,4.2241,8.2393,62.1923,13.2199,499.1199,3356.5882,339.8958,5927.0434,1361.1428,82.2052,49.9996,1.6362,5.2511,1832.2832,25.177,35.6752,4.0686,192.3146,133.8597,89.35,265.3638,103.8368,424.4952,397.2423,117.3751,138.9008,119.7839,150.9902,103.7391,SYNTHETIC,MARKET_DATA
2022-12-31,12M,0.7861,0.9477,1.6833,2.4482,2.8927,1.5005,1.6621,0.7332,2.3502,2.4814,2.0253,1.9937,2.6375,3.7105,1.6162,1.5651,2.2531,4.0531,7.9131,62.2368,13.0717,451.1362,3176.2653,379.6766,6020.1281,1374.2846,83.1482,50.2236,1.5858,5.1047,1822.1995,25.0566,39.731,4.0783,195.6282,134.8233,91.3,278.181,106.0525,436.7287,400.2064,117.302,136.5102,118.5323,152.1352,105.1384,SYNTHETIC,MARKET_DATA
2023-01-31,12M,0.7908,0.9241,1.6163,2.3427,2.7937,1.4186,1.552,0.7307,2.2724,2.4235,1.9343,1.9322,2.5074,3.6533,1.4917,1.3185,1.908,4.2894,8.3269,62.1844,12.7536,540.0879,2999.2195,185.048,5832.8772,1369.1926,82.2823,50.0525,1.6438,5.3096,1844.9104,25.3373,36.5079,4.0882,198.7596,138.9408,93.7014,288.5429,106.8994,444.0187,403.0561,118.8826,138.468,119.4588,156.9293,107.3536,SYNTHETIC,MARKET_DATA
2023-02-28,12M,0.8045,0.9443,1.6607,2.4036,2.8634,1.4593,1.5991,0.744,2.382,2.5081,2.031,2.0042,2.652,3.6477,1.5604,1.2848,1.8504,4.2185,8.1863,62.2119,12.3342,532.0855,3187.9989,122.5088,5835.6702,1351.7328,82.5045,50.3165,1.6251,5.2475,1830.6985,25.1643,38.8354,4.1067,198.8579,144.0554,94.1891,294.8302,105.509,450.9255,398.7605,120.9939,143.5718,121.3313,163.1958,109.0661,SYNTHETIC,MARKET_DATA
2023-03-31,12M,0.7999,0.9729,1.7097,2.4711,2.9462,1.4982,1.6712,0.743,2.394,2.526,2.0316,2.0188,2.6609,3.6562,1.6519,1.2978,1.811,4.0905,7.939,62.2554,11.9781,530.2078,3098.7343,102.1065,5915.1854,1341.6841,83.3381,50.5053,1.5954,5.1323,1811.5551,24.9029,41.4855,4.1146,198.2569,147.1555,93.6463,301.3035,103.0931,451.2174,392.2674,120.3816,150.1343,122.3613,166.431,107.9328,SYNTHETIC,MARKET_DATA
2023-04-30,12M,0.7908,0.9908,1.7235,2.4752,2.9617,1.4844,1.6844,0.7339,2.4293,2.5602,2.0569,2.0483,2.7019,3.6306,1.6452,1.1982,1.7085,4.1534,8.0292,62.2425,12.5209,523.788,2954.2578,194.9931,5867.0523,1328.5901,82.8098,50.4911,1.6187,5.185,1809.8632,24.8714,41.0801,4.1301,198.3244,150.6361,93.1653,308.6895,101.1925,449.3945,389.6425,121.1844,153.4212,123.625,173.9593,105.6246,SYNTHETIC,MARKET_DATA
2023-05-31,12M,0.7973,1.0093,1.7645,2.5257,3.0231,1.5164,1.7285,0.7396,2.6033,2.7029,2.2316,2.1886,2.9418,3.6067,1.6138,1.0468,1.5774,4.2282,8.1407,62.2327,12.4289,581.6864,2984.4556,127.0724,5819.894,1303.1758,81.5012,50.3678,1.6433,5.2407,1807.7631,24.8329,40.8198,4.1498,195.4133,152.4296,91.6387,309.3248,97.4665,441.2264,376.9213,122.6918,154.0774,123.7385,176.956,105.4646,SYNTHETIC,MARKET_DATA
2023-06-30,12M,0.809,1.0452,1.8013,2.5395,3.0459,1.4942,1.7305,0.7528,2.4626,2.6117,2.096,2.1084,2.7387,3.6096,1.7105,1.0424,1.5829,4.0624,7.8129,62.285,12.2193,564.5975,3036.2125,147.4564,5941.6166,1317.9515,83.081,50.4781,1.6105,5.1141,1792.1432,24.6062,43.4332,4.1693,193.0603,153.6314,90.6177,311.4144,95.1372,434.3962,367.4897,125.4667,153.0941,122.6635,175.7111,104.276,SYNTHETIC,MARKET_DATA
2023-07-31,12M,0.8166,1.0102,1.7937,2.5324,3.0474,1.5222,1.7158,0.755,2.3808,2.5574,2.019,2.0664,2.6473,3.5757,1.6186,0.8653,1.4275,4.2191,8.0539,62.2442,12.4756,606.5587,2874.49,108.4069,5837.014,1298.324,82.1658,50.1216,1.6704,5.2614,1801.0016,24.6758,40.878,4.1842,189.906,153.5919,89.4057,307.8687,92.4018,428.6058,358.0539,125.5883,147.4628,119.4222,177.0007,102.5613,SYNTHETIC,MARKET_DATA
2023-08-31,12M,0.8244,1.0192,1.8079,2.547,3.0656,1.5277,1.7226,0.7579,2.4009,2.5735,2.044,2.1014,2.7061,3.5835,1.6095,0.7662,1.4406,4.2244,8.0285,62.2361,12.725,604.7076,2997.5306,151.9914,5854.9534,1288.9677,82.0153,49.9171,1.6973,5.3072,1797.2391,24.4982,41.3222,4.1911,185.7736,156.2446,88.0915,301.6465,89.0181,422.5716,347.1337,127.4991,146.2182,118.6274,183.8346,101.5748,SYNTHETIC,MARKET_DATA
2023-09-30,12M,0.84,1.0279,1.8082,2.5314,3.0609,1.5035,1.6914,0.7729,2.3027,2.5009,1.9547,2.041,2.5911,3.5715,1.5692,0.6706,1.3659,4.3174,8.1687,62.2039,12.4392,625.5651,2992.4899,30.1147,5808.976,1279.7969,81.7028,49.7471,1.7361,5.4382,1811.2853,24.6314,40.3864,4.1949,183.2542,162.2748,87.7264,298.6241,86.5639,417.4728,344.2862,131.5548,148.4748,119.9541,192.0739,104.0697,SYNTHETIC,MARKET_DATA
2023-10-31,12M,0.8518,1.0865,1.8561,2.5603,3.0912,1.4738,1.7085,0.7844,2.3626,2.5378,2.0151,2.0876,2.658,3.5666,1.5223,0.6313,1.2841,4.4289,8.3463,62.1681,12.8424,641.7093,3073.5268,56.4497,5746.8383,1257.8246,80.8798,49.6302,1.7887,5.5889,1819.6156,24.7681,37.9757,4.1981,180.3511,168.3069,86.4994,292.4087,84.809,413.0458,337.9142,135.2669,151.5865,123.6728,202.5831,105.2784,SYNTHETIC,MARKET_DATA
2023-11-30,12M,0.8636,1.0738,1.8394,2.5225,3.0597,1.4487,1.6589,0.7963,2.3328,2.5199,1.984,2.0705,2.5954,3.575,1.5109,0.5528,1.2544,4.4628,8.3933,62.1585,12.8977,651.928,3164.7167,41.5999,5724.8755,1255.0008,80.6112,49.5474,1.8145,5.6498,1826.5215,24.822,36.8835,4.2038,178.0617,175.5056,84.5745,285.8078,83.5445,407.8092,337.4088,140.1173,155.891,127.7496,213.2884,108.2795,SYNTHETIC,MARKET_DATA
2023-12-31,12M,0.883,1.0586,1.8532,2.5403,3.0821,1.4817,1.6572,0.8138,2.274,2.4786,1.9154,2.0278,2.5133,3.5802,1.4563,0.5042,1.1339,4.5113,8.4653,62.1403,13.1099,646.0796,3189.6706,66.218,5682.9403,1246.4651,80.5775,49.307,1.8332,5.6918,1838.9198,24.9409,34.9523,4.2059,175.8969,180.1394,82.6875,283.5835,81.916,401.2504,336.3487,144.1333,157.5779,133.6917,217.5765,109.6428,SYNTHETIC,MARKET_DATA
2024-01-31,12M,0.9069,1.0951,1.9158,2.6043,3.1572,1.5092,1.6974,0.8357,2.3839,2.5645,2.0201,2.1094,2.6728,3.6057,1.507,0.5997,1.3249,4.3941,8.2319,62.1688,13.3869,574.1067,3238.8974,176.5793,5765.4406,1251.516,80.937,49.287,1.8141,5.6058,1836.4476,24.9615,36.4609,4.2138,174.578,183.267,81.169,285.4123,81.4726,398.983,336.2545,146.0982,158.1146,137.123,214.5953,109.6614,SYNTHETIC,MARKET_DATA
2024-02-29,12M,0.9468,1.0704,1.8656,2.5253,3.0862,1.4549,1.5785,0.8751,2.3205,2.5207,1.9558,2.0719,2.6309,3.5919,1.4596,0.5791,1.3263,4.4725,8.3555,62.1365,13.4856,585.3906,3141.8134,156.8856,5713.5858,1271.3975,80.8031,49.175,1.8375,5.6828,1850.3961,25.1677,34.535,4.2138,175.232,184.0319,80.2132,286.6164,83.7433,398.4697,340.5417,144.1423,153.0876,138.4493,208.7843,110.3631,SYNTHETIC,MARKET_DATA
2024-03-31,12M,0.9752,1.0777,1.8634,2.5017,3.0629,1.424,1.5265,0.8994,2.3899,2.5746,2.0243,2.1245,2.8033,3.6019,1.4437,0.5534,1.318,4.514,8.4302,62.1067,13.5956,587.9331,3215.6125,153.2659,5683.3106,1274.0004,80.3503,49.1953,1.844,5.7323,1861.1087,25.2465,33.9438,4.2233,174.4233,186.3852,79.5781,285.4642,85.7832,400.6853,340.7368,144.9795,151.0623,144.8318,204.8454,112.7597,SYNTHETIC,MARKET_DATA
2024-04-30,12M,1.0169,1.0542,1.8327,2.4572,3.0166,1.403,1.4403,0.9439,2.3175,2.5144,1.9515,2.0763,2.7618,3.6033,1.4172,0.5082,1.3237,4.5539,8.5101,62.0736,13.3624,605.811,3263.2431,69.195,5650.5019,1278.8889,80.6178,49.2173,1.836,5.7564,1869.1086,25.377,32.7121,4.2298,174.4705,187.9014,78.8754,284.6668,88.4566,403.4079,340.2407,146.7959,150.9886,148.1536,199.3995,112.9304,SYNTHETIC,MARKET_DATA
2024-05-31,12M,1.0503,1.0735,1.8665,2.4964,3.0562,1.423,1.4461,0.9811,2.3724,2.5397,2.0014,2.1039,2.8783,3.6146,1.4064,0.4968,1.3174,4.5647,8.5291,62.0453,13.5141,583.5197,3305.5237,97.0679,5640.2974,1258.74,80.5456,49.3147,1.824,5.7779,1875.4579,25.5162,32.6731,4.2326,175.2613,190.2645,78.605,284.0259,91.0497,410.4251,344.2524,149.836,152.882,152.4524,196.4661,113.0642,SYNTHETIC,MARKET_DATA
2024-06-30,12M,1.0726,1.0599,1.8694,2.5089,3.074,1.449,1.4364,1.0018,2.4304,2.5778,2.0526,2.1374,3.0114,3.6219,1.4087,0.4972,1.4168,4.5796,8.5622,62.0217,13.5642,581.9263,3318.8315,111.7285,5645.8262,1251.5697,80.6394,49.4634,1.8154,5.8028,1885.5411,25.7462,33.1129,4.2274,176.0205,193.2906,78.0979,280.7379,93.5342,416.8313,347.0465,153.9635,154.6266,160.3988,194.7896,113.807,SYNTHETIC,MARKET_DATA
2024-07-31,12M,1.097,1.1307,1.8953,2.4892,3.0627,1.3585,1.3922,1.0241,2.4235,2.5732,2.0439,2.1294,3.0307,3.6284,1.3802,0.4786,1.5139,4.6523,8.7026,61.9921,13.6088,600.0829,3338.9199,92.5733,5621.6987,1245.3205,80.7176,49.6011,1.8137,5.8623,1904.8969,26.1024,33.1129,4.2274,177.7089,199.3449,78.4035,282.8373,95.3486,424.677,353.7736,160.3621,157.4123,173.3021,195.1448,116.9305,SYNTHETIC,MARKET_DATA
2024-08-31,12M,1.0912,1.1248,1.9047,2.5013,3.0799,1.3765,1.4101,1.0165,2.4115,2.5651,2.0309,2.1157,3.0233,3.6481,1.4733,0.5553,1.8584,4.5052,8.4577,62.0151,13.6007,584.5086,3407.513,169.7438,5721.7304,1260.0673,82.1703,49.9794,1.7508,5.7032,1902.8763,26.1174,35.6867,4.2339,179.8098,203.5804,79.3688,284.335,96.7316,430.3106,364.9476,167.0556,159.4002,187.3423,189.5158,117.3595,SYNTHETIC,MARKET_DATA
2024-09-30,12M,1.0819,1.1119,1.9081,2.51,3.091,1.3981,1.4281,1.0031,2.498,2.6375,2.115,2.1801,3.1598,3.6507,1.4561,0.481,2.0583,4.5674,8.5729,61.9799,13.6097,606.8078,3280.6921,145.0461,5668.2046,1245.1268,81.9274,50.1503,1.7422,5.7108,1919.199,26.4245,35.8943,4.2461,182.7039,206.4407,80.7065,285.3099,98.156,438.9337,373.0175,173.3942,164.487,205.4644,185.1972,116.4167,SYNTHETIC,MARKET_DATA
2024-10-31,12M,1.0855,1.0435,1.8536,2.4712,3.0577,1.4277,1.3857,0.9997,2.4882,2.6444,2.1012,2.1745,3.2306,3.6454,1.4742,0.4523,2.2467,4.5768,8.5936,61.9596,13.8197,606.3989,3358.8064,169.8507,5632.0477,1254.0713,82.2457,50.4398,1.7096,5.6762,1928.8511,26.6074,37.08,4.2507,183.7537,208.5646,81.3431,284.9316,98.3208,441.562,376.8292,180.2728,166.4446,217.5746,181.7192,117.859,SYNTHETIC,MARKET_DATA
2024-11-30,12M,1.0969,1.0802,1.904,2.548,3.1363,1.4678,1.4511,1.0074,2.5131,2.6653,2.1264,2.2042,3.3636,3.6674,1.5182,0.5198,2.3983,4.583,8.595,61.9399,13.4861,652.2438,3393.3756,85.0646,5619.3155,1232.1205,82.2827,50.6859,1.6848,5.6511,1945.4644,26.9929,38.1995,4.2571,183.8903,208.7735,82.5771,282.4462,97.8219,444.5697,377.0796,187.4404,167.2815,228.1062,179.8809,119.7789,SYNTHETIC,MARKET_DATA
2024-12-31,12M,1.0829,1.0625,1.8925,2.5467,3.1256,1.4841,1.4638,0.9946,2.5262,2.6821,2.143,2.2175,3.4368,3.6644,1.574,0.5873,2.6205,4.5813,8.6037,61.938,13.6298,644.1111,3422.7406,115.7375,5616.9677,1229.1096,82.4845,50.9826,1.6638,5.6364,1959.4961,27.3014,39.4882,4.2682,184.0669,212.9901,83.9852,279.1356,96.62,446.1051,379.0107,196.6791,170.131,247.1981,185.9743,126.2964,SYNTHETIC,MARKET_DATA
2025-01-31,12M,1.0548,1.0888,1.8965,2.5461,3.1162,1.4573,1.4913,0.9741,2.4662,2.6386,2.0848,2.1814,3.3478,3.6719,1.6182,0.6043,2.7301,4.5605,8.5732,61.9394,13.631,643.0848,3435.8229,133.9789,5621.4854,1223.6757,82.7264,51.1583,1.6328,5.5894,1968.6762,27.4617,40.6559,4.2761,183.3639,216.5443,84.9521,274.5021,95.344,448.564,378.9134,205.7955,176.0169,261.6062,196.9249,133.0779,SYNTHETIC,MARKET_DATA
2025-02-28,12M,1.0097,1.1181,1.9197,2.5719,3.1243,1.4538,1.5623,0.9329,2.4089,2.5936,2.0289,2.142,3.2108,3.6815,1.6209,0.6265,2.8405,4.5524,8.5557,61.9506,13.6355,642.8549,3424.5774,143.6524,5626.5617,1215.1732,82.5485,51.0899,1.6162,5.5563,1978.6693,27.639,41.2572,4.2884,184.7806,222.9195,87.0569,273.4194,94.4044,451.4644,383.0056,214.9416,189.4788,277.9427,211.2517,139.7116,SYNTHETIC,MARKET_DATA
2025-03-31,12M,0.9958,1.0852,1.8657,2.5147,3.0596,1.4294,1.5188,0.9271,2.211,2.446,1.8297,2.0014,2.8817,3.6686,1.6634,0.6374,3.0729,4.4997,8.4516,61.9758,13.5741,620.5161,3431.4992,175.4384,5657.7429,1239.5556,83.1744,51.1652,1.5987,5.5016,1985.0278,27.8286,42.1569,4.2996,186.9616,228.8271,89.0766,275.3866,94.2606,454.5142,393.4735,221.5366,199.5188,290.9352,223.2824,145.9791,SYNTHETIC,MARKET_DATA
2025-04-30,12M,0.9825,1.0555,1.829,2.4897,3.0268,1.4343,1.5073,0.9163,2.1989,2.4369,1.8137,1.9889,2.8141,3.642,1.6855,0.6322,3.2612,4.5137,8.4742,61.9797,13.4485,631.1071,3388.1256,161.3576,5648.6823,1251.6838,82.9348,51.136,1.6036,5.4948,1988.3515,27.9449,42.1365,4.3073,187.305,237.8809,90.3296,274.1682,93.0965,454.8666,396.7186,226.8236,211.094,304.302,241.426,157.8736,SYNTHETIC,MARKET_DATA
2025-05-31,12M,0.9673,1.0492,1.7919,2.4561,2.9888,1.4069,1.4888,0.8994,2.0746,2.3422,1.6899,1.8998,2.6092,3.6382,1.757,0.7002,3.4543,4.4216,8.3253,62.0063,13.3657,595.3848,3407.4908,208.4521,5704.6969,1283.7476,84.0886,51.1662,1.5803,5.386,1983.7587,27.9734,43.8952,4.3147,188.0009,247.4911,91.7628,273.3807,91.9173,450.2156,396.0315,231.9281,226.8067,315.8824,257.1019,167.3154,SYNTHETIC,MARKET_DATA
2025-06-30,12M,0.9567,1.029,1.7712,2.4534,2.9723,1.4244,1.4967,0.8906,2.0472,2.3106,1.664,1.8764,2.4907,3.6247,1.7352,0.6074,3.4301,4.4624,8.4179,61.9908,13.2303,601.2556,3338.3606,165.3833,5652.2261,1279.9039,83.7567,51.0472,1.5901,5.3914,1988.0655,28.0013,43.2469,4.3248,188.875,255.9433,93.4692,275.7374,90.5969,448.8468,395.8291,234.3455,239.7593,319.6105,269.9845,176.2704,SYNTHETIC,MARKET_DATA
2025-07-31,12M,0.943,1.0052,1.736,2.4193,2.9284,1.4141,1.4763,0.8818,2.0213,2.2828,1.6396,1.8537,2.3981,3.6234,1.7992,0.6727,3.492,4.3699,8.2644,62.0159,13.2354,559.6401,3388.6918,217.8195,5664.2831,1299.0522,83.9436,51.1568,1.5672,5.3054,1984.2048,27.8685,43.6945,4.3362,189.991,259.5222,94.5766,274.9338,91.2272,450.8998,391.1275,235.325,251.1916,316.8265,280.6815,180.9762,SYNTHETIC,MARKET_DATA
2025-08-31,12M,0.9583,0.9802,1.7086,2.3934,2.8974,1.4131,1.4351,0.9026,2.1042,2.3259,1.7247,1.9039,2.4484,3.5874,1.7101,0.6478,3.257,4.5394,8.5628,61.9768,12.994,579.2473,3327.3291,89.3988,5506.076,1283.4361,82.4888,50.9942,1.6099,5.4444,1994.7023,28.0565,41.0893,4.3426,192.894,265.0759,96.2074,276.9758,92.0933,458.4318,388.5029,235.9312,273.7953,317.981,298.7825,188.6875,SYNTHETIC,MARKET_DATA
2025-09-30,12M,0.9676,0.9908,1.6999,2.3799,2.8734,1.3892,1.4123,0.9186,2.0977,2.2978,1.7164,1.8838,2.3255,3.5624,1.6538,0.6575,3.0627,4.6117,8.6879,61.9701,13.0679,596.7013,3491.4348,68.7364,5409.8672,1279.1995,81.8745,50.8321,1.6257,5.4764,1994.1086,28.0632,38.6849,4.3506,194.061,272.6277,97.2129,280.7618,93.6725,459.7133,386.0544,239.7313,289.4776,312.7841,317.6027,194.2387,SYNTHETIC,MARKET_DATA
2025-10-31,12M,0.9694,1.0099,1.711,2.3876,2.8717,1.3778,1.4182,0.9277,2.0537,2.2488,1.6732,1.838,2.1446,3.5428,1.6402,0.6659,3.0373,4.6148,8.6966,61.9848,12.8187,597.1315,3559.2002,28.815,5376.7905,1271.7221,81.5139,50.7222,1.6356,5.4574,1989.3717,28.0148,38.03,4.3555,197.2776,282.2196,98.3778,283.5924,96.321,472.8951,388.8814,239.4705,306.1227,316.9351,325.7047,197.7285,SYNTHETIC,MARKET_DATA
2025-11-30,12M,0.9511,0.9878,1.6827,2.3394,2.8136,1.3516,1.3884,0.9181,2.0164,2.2022,1.6311,1.7848,1.9662,3.5238,1.6566,0.7298,3.1063,4.5316,8.5576,62.0173,13.2116,536.2247,3556.9697,162.0004,5400.0392,1286.8443,81.9616,50.7451,1.6283,5.3934,1970.127,27.6638,39.0667,4.3669,202.4714,292.6701,100.7633,288.995,99.1972,490.7082,397.8844,239.1878,319.5755,322.5485,334.1356,203.3074,SYNTHETIC,MARKET_DATA
2025-12-31,12M,0.9303,0.9875,1.6701,2.31,2.7696,1.3225,1.3797,0.8991,1.9887,2.1585,1.5949,1.7386,1.813,3.5075,1.6272,0.7111,2.9885,4.5363,8.5668,62.0203,13.3804,534.5747,3477.0315,200.6551,5373.3856,1286.1809,81.8891,50.6274,1.6392,5.3854,1959.4779,27.5916,37.9006,4.3769,208.8093,304.0286,103.9471,295.4321,101.6365,512.2716,403.9888,238.9667,341.1631,323.6889,339.446,207.8016,SYNTHETIC,MARKET_DATA
2026-01-31,12M,0.9251,0.9457,1.639,2.285,2.7183,1.3394,1.36,0.8911,1.9173,2.0872,1.5158,1.6632,1.6749,3.4731,1.5755,0.7085,2.7783,4.6079,8.707,62.0028,13.3682,540.7587,3475.59,176.9008,5295.3934,1272.9254,81.5251,50.5081,1.6676,5.45,1957.739,27.6009,35.5975,4.3863,217.4734,317.8404,109.1041,304.7619,105.0571,533.7393,418.0017,241.5069,369.1129,331.1024,348.8661,211.5175,SYNTHETIC,MARKET_DATA
2026-02-28,12M,0.9297,0.9106,1.6165,2.2645,2.6814,1.3539,1.3349,0.8908,1.9977,2.128,1.5834,1.6938,1.7529,3.4515,1.5367,0.6554,2.5342,4.6907,8.8678,61.9733,13.2017,581.8546,3545.7502,100.1854,5218.2942,1255.2417,81.0091,50.5419,1.6927,5.5174,1962.0984,27.6954,33.7396,4.3924,223.7767,332.2408,112.1377,313.2497,107.164,543.6463,429.6732,247.6614,389.2446,341.0502,361.2957,216.569,SYNTHETIC,MARKET_DATA
2026-03-31,12M,0.9301,0.9311,1.6622,2.3192,2.7126,1.3881,1.3891,0.8813,2.136,2.2151,1.7145,1.7706,1.9111,3.4561,1.5165,0.7222,2.2416,4.7333,8.9502,61.9555,13.2817,598.5674,3621.6729,85.2316,5171.8176,1220.9419,80.5202,50.5517,1.7035,5.5321,1960.0509,27.6352,32.2766,4.3991,229.2957,345.0283,115.5501,319.4397,108.5169,555.5965,436.9011,253.5164,406.7116,346.5912,375.0831,218.4856,SYNTHETIC,MARKET_DATA
2026-04-30,12M,0.9194,0.9733,1.7244,2.3894,2.7703,1.4161,1.47,0.8663,2.238,2.2802,1.8065,1.8214,2.0496,3.485,1.5331,0.7928,2.0097,4.6784,8.8595,61.9644,13.4735,570.7541,3668.2354,147.6568,5206.2413,1193.2575,80.3719,50.6173,1.686,5.4859,1958.9748,27.6296,33.1798,4.4083,236.3574,355.4095,119.0396,330.2733,110.0853,570.4212,445.9583,262.2465,425.4817,351.8286,379.7334,218.5998,SYNTHETIC,MARKET_DATA
2026-05-31,12M,0.9007,0.9398,1.6967,2.3486,2.7094,1.4088,1.448,0.8423,2.2512,2.2939,1.8076,1.8139,2.1025,3.4898,1.4918,0.7173,1.7294,4.7474,8.9769,61.948,13.7303,575.1767,3616.5264,156.291,5145.0072,1179.3724,79.7212,50.6273,1.6951,5.5439,1967.4496,27.7447,31.1129,4.4193,244.8183,363.8531,123.7042,342.3347,112.586,586.1339,463.157,267.067,436.341,358.404,382.401,218.9658,SYNTHETIC,MARKET_DATA
2026-06-30,12M,0.8681,0.9161,1.6477,2.2668,2.6152,1.3507,1.3988,0.809,2.145,2.2236,1.6948,1.7132,1.9684,3.4898,1.4681,0.7102,1.5492,4.755,8.9653,61.9548,13.8948,575.3619,3667.6028,169.9883,5135.6595,1189.8602,79.7699,50.6537,1.6874,5.5637,1972.5076,27.8019,30.1392,4.4268,252.5255,374.2127,127.0225,352.165,114.8301,598.5702,481.0412,272.2512,445.4271,370.6811,388.3129,220.936,SYNTHETIC,MARKET_DATA
2026-07-31,12M,0.8359,0.8417,1.6079,2.2458,2.5841,1.4041,1.4099,0.7714,2.1656,2.2446,1.7054,1.7078,1.9843,3.4878,1.451,0.6979,1.3856,4.7286,8.8988,61.9594,13.8378,582.4734,3665.4913,153.7432,5183.9172,1191.7286,79.7967,50.5933,1.6681,5.5563,1970.1808,27.8014,30.178,4.4343,258.4729,389.5077,128.601,362.7837,116.3647,607.0916,495.3256,277.0084,457.0203,387.9173,393.7537,227.8061,SYNTHETIC,MARKET_DATA
2018-01-31,24M,,,,,,,,,,,,,,,,,,,,,,,,,,,,,,,,,,,,,,,,,,,,,,,SYNTHETIC,MARKET_DATA
2018-02-28,24M,,,,,,,,,,,,,,,,,,,,,,,,,,,,,,,,,,,,,,,,,,,,,,,SYNTHETIC,MARKET_DATA
2018-03-31,24M,,,,,,,,,,,,,,,,,,,,,,,,,,,,,,,,,,,,,,,,,,,,,,,SYNTHETIC,MARKET_DATA
2018-04-30,24M,,,,,,,,,,,,,,,,,,,,,,,,,,,,,,,,,,,,,,,,,,,,,,,SYNTHETIC,MARKET_DATA
2018-05-31,24M,,,,,,,,,,,,,,,,,,,,,,,,,,,,,,,,,,,,,,,,,,,,,,,SYNTHETIC,MARKET_DATA
2018-06-30,24M,,,,,,,,,,,,,,,,,,,,,,,,,,,,,,,,,,,,,,,,,,,,,,,SYNTHETIC,MARKET_DATA
2018-07-31,24M,,,,,,,,,,,,,,,,,,,,,,,,,,,,,,,,,,,,,,,,,,,,,,,SYNTHETIC,MARKET_DATA
2018-08-31,24M,,,,,,,,,,,,,,,,,,,,,,,,,,,,,,,,,,,,,,,,,,,,,,,SYNTHETIC,MARKET_DATA
2018-09-30,24M,,,,,,,,,,,,,,,,,,,,,,,,,,,,,,,,,,,,,,,,,,,,,,,SYNTHETIC,MARKET_DATA
2018-10-31,24M,,,,,,,,,,,,,,,,,,,,,,,,,,,,,,,,,,,,,,,,,,,,,,,SYNTHETIC,MARKET_DATA
2018-11-30,24M,,,,,,,,,,,,,,,,,,,,,,,,,,,,,,,,,,,,,,,,,,,,,,,SYNTHETIC,MARKET_DATA
2018-12-31,24M,,,,,,,,,,,,,,,,,,,,,,,,,,,,,,,,,,,,,,,,,,,,,,,SYNTHETIC,MARKET_DATA
2019-01-31,24M,,,,,,,,,,,,,,,,,,,,,,,,,,,,,,,,,,,,,,,,,,,,,,,SYNTHETIC,MARKET_DATA
2019-02-28,24M,,,,,,,,,,,,,,,,,,,,,,,,,,,,,,,,,,,,,,,,,,,,,,,SYNTHETIC,MARKET_DATA
2019-03-31,24M,,,,,,,,,,,,,,,,,,,,,,,,,,,,,,,,,,,,,,,,,,,,,,,SYNTHETIC,MARKET_DATA
2019-04-30,24M,,,,,,,,,,,,,,,,,,,,,,,,,,,,,,,,,,,,,,,,,,,,,,,SYNTHETIC,MARKET_DATA
2019-05-31,24M,,,,,,,,,,,,,,,,,,,,,,,,,,,,,,,,,,,,,,,,,,,,,,,SYNTHETIC,MARKET_DATA
2019-06-30,24M,,,,,,,,,,,,,,,,,,,,,,,,,,,,,,,,,,,,,,,,,,,,,,,SYNTHETIC,MARKET_DATA
2019-07-31,24M,,,,,,,,,,,,,,,,,,,,,,,,,,,,,,,,,,,,,,,,,,,,,,,SYNTHETIC,MARKET_DATA
2019-08-31,24M,,,,,,,,,,,,,,,,,,,,,,,,,,,,,,,,,,,,,,,,,,,,,,,SYNTHETIC,MARKET_DATA
2019-09-30,24M,,,,,,,,,,,,,,,,,,,,,,,,,,,,,,,,,,,,,,,,,,,,,,,SYNTHETIC,MARKET_DATA
2019-10-31,24M,,,,,,,,,,,,,,,,,,,,,,,,,,,,,,,,,,,,,,,,,,,,,,,SYNTHETIC,MARKET_DATA
2019-11-30,24M,,,,,,,,,,,,,,,,,,,,,,,,,,,,,,,,,,,,,,,,,,,,,,,SYNTHETIC,MARKET_DATA
2019-12-31,24M,2.144,1.9962,2.6045,3.0441,3.4278,1.0479,0.9001,2.1021,2.3577,2.4165,1.9914,2.0342,2.9146,3.5461,1.2694,0.1958,1.414,4.756,8.9196,62.3456,13.3344,607.1788,3465.5739,203.271,5467.6792,1070.989,78.9835,49.4105,1.8095,5.7014,1521.9977,21.2472,34.7329,3.7647,104.1456,106.5267,52.1814,146.341,56.536,232.3418,213.5238,105.5829,101.0684,89.9994,121.7162,83.0995,SYNTHETIC,MARKET_DATA
2020-01-31,24M,2.1196,1.9752,2.6093,3.0642,3.449,1.089,0.9447,2.0792,2.3656,2.4327,1.9992,2.0498,2.9205,3.575,1.3019,0.2085,1.5041,4.7093,8.832,62.3547,13.4124,605.1591,3557.1708,194.9814,5496.2395,1072.5707,79.3928,49.5559,1.7969,5.6618,1518.4337,21.247,35.5843,3.7662,105.1916,106.8758,52.6764,148.3241,56.9707,234.0062,217.9714,106.8807,102.7302,90.9816,122.0036,82.9659,SYNTHETIC,MARKET_DATA
2020-02-29,24M,2.0951,1.9727,2.5977,3.0433,3.4279,1.0707,0.9482,2.0575,2.3743,2.4429,2.0093,2.0664,2.9464,3.5846,1.3153,0.2104,1.5792,4.6982,8.805,62.3571,13.5147,614.8482,3512.5744,176.9613,5504.7558,1080.5368,79.5391,49.6448,1.7927,5.6563,1519.7727,21.293,35.5738,3.7691,106.2571,108.044,53.1267,150.3085,57.6054,236.7124,221.9517,108.432,104.6337,92.4309,123.5069,83.9443,SYNTHETIC,MARKET_DATA
2020-03-31,24M,2.067,1.9322,2.5566,2.9994,3.3881,1.0673,0.9324,2.0269,2.3441,2.4224,1.9798,2.0462,2.9028,3.595,1.3276,0.202,1.6033,4.6806,8.7739,62.3633,13.7376,613.5201,3497.8987,187.5158,5525.3525,1095.6285,79.9329,49.7611,1.7866,5.6522,1518.7586,21.2732,35.4042,3.7759,108.2482,108.9086,54.0125,152.9847,58.707,240.6879,227.7712,109.8393,106.239,95.3378,124.5094,84.3197,SYNTHETIC,MARKET_DATA
2020-04-30,24M,2.0349,1.8705,2.5125,2.9619,3.3533,1.0914,0.9269,1.9905,2.2295,2.3368,1.8647,1.9632,2.7387,3.6263,1.4255,0.2843,1.7952,4.5117,8.473,62.4065,13.616,556.6857,3478.3698,246.2731,5596.8282,1123.7015,81.488,49.9793,1.7409,5.5275,1501.3168,20.9926,36.4083,3.7833,109.7598,109.7255,54.4678,154.9038,60.0786,242.6602,233.0268,111.3982,107.0132,97.5089,125.3737,84.768,SYNTHETIC,MARKET_DATA
2020-05-31,24M,2.0019,1.8294,2.474,2.9242,3.3184,1.0947,0.9222,1.9522,2.226,2.3314,1.8656,1.9604,2.7143,3.6198,1.3922,0.2376,1.7932,4.5707,8.5869,62.3924,13.5723,585.4484,3322.762,213.2037,5564.7977,1126.3615,81.2365,49.9067,1.7505,5.5834,1502.4422,21.0042,35.9723,3.7906,111.5734,109.9939,54.5493,157.9835,61.7701,245.475,239.5079,111.2471,107.4071,99.7806,125.3369,85.6888,SYNTHETIC,MARKET_DATA
2020-06-30,24M,1.9672,1.7846,2.4364,2.891,3.2912,1.1064,0.9238,1.9137,2.182,2.2966,1.829,1.9316,2.6463,3.6274,1.4007,0.2567,1.8551,4.5519,8.5626,62.3945,13.5112,582.7943,3373.9065,210.1821,5570.0187,1136.899,81.4962,49.9455,1.7429,5.5765,1500.5765,20.9911,36.091,3.7945,113.2337,110.5077,54.3864,160.6094,63.2329,248.3954,245.1523,111.7043,108.727,103.2854,125.2924,86.8472,SYNTHETIC,MARKET_DATA
2020-07-31,24M,1.9198,1.7442,2.4007,2.8543,3.257,1.1101,0.9344,1.8643,2.2002,2.3068,1.8578,1.9517,2.674,3.6471,1.4681,0.3481,2.0233,4.4401,8.3773,62.4231,13.1123,569.5404,3360.6436,179.5367,5640.051,1159.9716,82.1513,50.0739,1.7094,5.4756,1492.0188,20.8365,37.8018,3.7992,115.3914,110.3076,54.4747,163.3778,65.3157,252.613,251.3124,111.548,108.934,105.8236,124.2227,86.4622,SYNTHETIC,MARKET_DATA
2020-08-31,24M,1.8738,1.7005,2.3753,2.837,3.2413,1.1365,0.9632,1.8203,2.2336,2.3314,1.8998,1.9833,2.7261,3.6513,1.4733,0.3599,2.1009,4.4227,8.3585,62.4306,13.2443,566.0109,3260.9751,214.0919,5641.2268,1170.567,82.328,50.1343,1.6974,5.4578,1494.1889,20.8653,37.9059,3.8004,117.8881,109.8847,54.8828,165.702,67.4965,258.0486,257.4982,110.9932,109.4122,107.2017,122.1261,86.8768,SYNTHETIC,MARKET_DATA
2020-09-30,24M,1.8301,1.6829,2.3604,2.8108,3.2195,1.1279,0.9807,1.7785,2.2861,2.3749,1.9587,2.03,2.7956,3.6584,1.4704,0.3677,2.1333,4.4097,8.3462,62.4373,13.2064,565.2022,3242.4646,207.4503,5631.5864,1176.857,82.2281,50.1945,1.6879,5.4396,1495.9146,20.8879,38.0947,3.8013,120.0787,109.4675,55.4231,167.2748,69.3042,263.9441,263.1517,110.1268,109.5832,108.2564,121.1821,86.8704,SYNTHETIC,MARKET_DATA
2020-10-31,24M,1.7789,1.6406,2.3238,2.7726,3.186,1.132,0.9937,1.7288,2.258,2.3595,1.9361,2.0166,2.7585,3.6613,1.4645,0.3634,2.1981,4.4132,8.3583,62.4388,12.995,599.3064,3231.6456,144.542,5628.6897,1185.8458,82.2557,50.2368,1.6792,5.427,1499.9944,20.9812,37.8838,3.8059,122.0508,109.1852,55.9324,168.9059,70.8017,269.7443,267.3931,109.4393,109.9931,108.8885,119.9402,86.896,SYNTHETIC,MARKET_DATA
2020-11-30,24M,1.7351,1.5902,2.2823,2.7315,3.1501,1.1413,0.9964,1.6855,2.1651,2.2929,1.8474,1.9566,2.6069,3.663,1.4729,0.4188,2.3062,4.4125,8.3676,62.4395,12.9796,600.1226,3237.3475,132.3625,5633.9218,1197.7907,82.6601,50.3154,1.6708,5.4042,1504.9601,21.0813,37.4509,3.81,123.8821,109.4978,56.569,169.8345,71.631,274.5565,272.4308,108.9796,110.8159,109.5542,120.1885,86.9309,SYNTHETIC,MARKET_DATA
2020-12-31,24M,1.6883,1.554,2.2531,2.702,3.1271,1.148,1.0138,1.6384,2.1987,2.318,1.8852,1.9817,2.6326,3.6717,1.4868,0.4627,2.3656,4.417,8.3879,62.4359,12.9659,607.9962,3236.0599,119.2697,5645.274,1206.1457,82.4787,50.4274,1.6637,5.3803,1512.6605,21.2226,37.7838,3.815,125.6379,109.4543,57.4709,170.8311,72.3769,280.0098,276.8889,108.3931,112.8156,109.8639,121.0759,86.281,SYNTHETIC,MARKET_DATA
2021-01-31,24M,1.6419,1.5072,2.2092,2.6534,3.0837,1.1462,1.0115,1.5912,2.1476,2.2803,1.8373,1.9434,2.5495,3.6697,1.4976,0.5229,2.4012,4.4542,8.4682,62.4208,12.9832,614.6255,3243.0492,99.826,5636.2544,1218.6075,82.3914,50.5227,1.6601,5.3783,1518.3059,21.344,37.1989,3.8243,127.0929,109.7233,58.4017,172.8064,73.1797,282.1628,278.7041,107.5148,116.4583,110.1607,122.6324,86.5289,SYNTHETIC,MARKET_DATA
2021-02-28,24M,1.5933,1.4663,2.1721,2.6101,3.047,1.1438,1.0168,1.5437,2.1563,2.2818,1.8447,1.9458,2.5719,3.6686,1.5088,0.5461,2.4273,4.4836,8.5386,62.413,13.0039,628.9202,3278.1784,81.4692,5631.3055,1228.7796,82.2704,50.6339,1.652,5.3699,1524.9793,21.5183,36.7869,3.8318,128.5281,109.8604,59.3184,174.4355,73.8924,285.2477,278.853,105.9869,120.3474,110.2298,124.1236,86.5605,SYNTHETIC,MARKET_DATA
2021-03-31,24M,1.5476,1.4081,2.1529,2.6127,3.0513,1.2045,1.065,1.4982,2.2389,2.3444,1.9234,1.9974,2.6708,3.6997,1.5996,0.6925,2.6429,4.3518,8.3156,62.4469,13.0434,586.1048,3309.1431,145.8636,5716.3022,1247.9883,82.7524,50.8982,1.6093,5.2441,1521.0219,21.5707,38.8363,3.836,130.2504,109.421,60.2258,176.7747,74.7756,288.9082,281.3646,103.9192,122.9746,109.9194,124.8912,86.1089,SYNTHETIC,MARKET_DATA
2021-04-30,24M,1.5037,1.3661,2.1129,2.5689,3.0125,1.2028,1.0652,1.4566,2.1472,2.2866,1.8316,1.9292,2.4989,3.6962,1.5648,0.7114,2.6353,4.4092,8.4268,62.4291,13.1828,594.9419,3194.2205,134.5635,5695.8181,1258.0144,82.642,50.9199,1.6078,5.2718,1537.2207,21.8811,37.4081,3.8386,132.0041,108.7611,61.0823,178.7798,75.6515,295.1517,284.8582,102.2365,124.4738,109.8906,125.3968,85.293,SYNTHETIC,MARKET_DATA
2021-05-31,24M,1.4671,1.349,2.087,2.5421,2.9955,1.1931,1.075,1.4236,2.1283,2.2748,1.8133,1.912,2.4442,3.6922,1.5886,0.8066,2.6616,4.3657,8.3464,62.436,13.3017,584.4872,3251.59,174.0647,5749.3067,1274.6522,82.9578,51.0011,1.5817,5.2088,1545.029,22.0858,38.0066,3.8448,133.7113,107.6829,61.8804,179.8306,76.0003,301.7344,287.7133,99.2396,125.2506,108.7458,125.3248,84.4131,SYNTHETIC,MARKET_DATA
2021-06-30,24M,1.429,1.3123,2.0619,2.5344,2.9933,1.2221,1.1053,1.39,2.1106,2.2609,1.7993,1.9002,2.3815,3.6757,1.5698,0.8576,2.5877,4.4017,8.4096,62.4194,13.0394,597.0269,3221.4693,94.1665,5728.9168,1277.7472,82.6882,50.9919,1.5869,5.2356,1556.8936,22.2836,37.6511,3.8507,134.4755,107.5098,62.2858,180.001,75.5268,305.504,289.138,96.879,126.345,108.0559,126.3479,84.2329,SYNTHETIC,MARKET_DATA
2021-07-31,24M,1.3941,1.3056,2.0632,2.5407,3.0056,1.2351,1.1466,1.3603,2.1669,2.3003,1.8557,1.9366,2.4435,3.6588,1.5214,0.8489,2.4879,4.4856,8.5574,62.3932,13.2141,614.977,3265.4866,83.2965,5683.7301,1269.3401,81.8334,50.8986,1.6117,5.3213,1575.8358,22.6226,36.3972,3.8598,135.3222,106.9889,62.9096,180.476,75.0319,308.5497,290.3691,93.6428,127.2562,106.9122,125.6782,83.2583,SYNTHETIC,MARKET_DATA
2021-08-31,24M,1.3665,1.2767,2.0376,2.5196,2.9853,1.2429,1.1532,1.3361,2.0789,2.2379,1.7682,1.8732,2.3228,3.6503,1.5295,0.922,2.4918,4.4599,8.5163,62.3918,13.1371,618.0649,3353.7799,77.7685,5714.302,1281.7931,82.0973,50.893,1.6064,5.3029,1583.3866,22.7871,36.6625,3.8649,136.2416,106.6445,63.5252,180.8444,74.7834,310.2119,291.6389,91.8317,129.2643,105.719,125.3834,83.8573,SYNTHETIC,MARKET_DATA
2021-09-30,24M,1.3283,1.2398,2.0089,2.5052,2.9695,1.2654,1.1769,1.2973,2.0817,2.2386,1.772,1.8681,2.3262,3.6467,1.5442,0.963,2.5024,4.4102,8.4323,62.3926,13.2163,591.4191,3345.544,127.2161,5762.9904,1296.4841,82.0821,50.893,1.5916,5.2456,1588.9603,22.8515,37.6121,3.8724,138.4676,106.952,64.2753,182.9153,75.4624,314.4662,295.947,89.8724,131.3127,105.255,127.0462,84.2116,SYNTHETIC,MARKET_DATA
2021-10-31,24M,1.2883,1.2084,1.9648,2.4669,2.929,1.2585,1.1786,1.256,2.0795,2.2342,1.7726,1.8643,2.2973,3.6269,1.4935,0.9417,2.379,4.4851,8.5793,62.3635,13.3949,599.2523,3313.6831,138.7626,5735.3542,1306.1489,81.371,50.747,1.6053,5.2867,1603.7041,23.0236,36.188,3.8868,140.6477,107.6919,65.274,184.7491,76.2547,318.7151,300.4943,88.2062,133.6986,104.2875,130.3729,85.3838,SYNTHETIC,MARKET_DATA
2021-11-30,24M,1.2442,1.1648,1.9005,2.4047,2.8661,1.2399,1.1605,1.212,2.0164,2.1884,1.7111,1.8179,2.1865,3.6079,1.4259,0.9008,2.2836,4.5915,8.7826,62.3265,13.3508,629.3152,3392.8399,78.0115,5689.735,1313.9791,80.6861,50.5475,1.632,5.3742,1622.58,23.2269,34.3942,3.8963,142.7405,107.679,66.2898,185.686,76.9441,322.8146,304.4346,86.6612,134.8498,102.3228,130.6952,85.6828,SYNTHETIC,MARKET_DATA
2021-12-31,24M,1.2138,1.1464,1.8772,2.3912,2.8509,1.2448,1.1774,1.1805,2.0577,2.218,1.7547,1.8455,2.2269,3.607,1.4027,0.9453,2.2806,4.6047,8.82,62.3061,13.2642,648.2005,3501.8494,53.1039,5704.3841,1319.658,80.29,50.4177,1.6352,5.3786,1634.257,23.3165,34.2916,3.9076,144.5331,108.2173,66.9541,185.1448,77.7708,326.8903,307.336,86.1881,135.5281,101.4167,131.4835,85.9395,SYNTHETIC,MARKET_DATA
2022-01-31,24M,1.1866,1.1347,1.8682,2.396,2.8536,1.2613,1.2093,1.1533,2.0882,2.241,1.7893,1.8655,2.2752,3.6125,1.4063,1.0047,2.3213,4.5751,8.7816,62.2968,13.4337,640.4688,3526.3601,106.9673,5745.4469,1324.1497,80.1079,50.3328,1.632,5.3552,1643.4657,23.393,34.6875,3.9191,146.4696,108.3377,67.5787,185.5807,79.2405,331.7773,309.8177,85.8199,135.3406,101.0795,131.948,86.2734,SYNTHETIC,MARKET_DATA
2022-02-28,24M,1.1537,1.0966,1.8423,2.3837,2.8417,1.2871,1.23,1.1169,2.0622,2.2251,1.7677,1.8462,2.2291,3.6191,1.4047,1.0623,2.3483,4.5488,8.7518,62.2845,13.6717,625.8087,3506.4848,174.7902,5789.8991,1333.0982,80.1933,50.232,1.63,5.343,1658.574,23.5349,35.0694,3.9272,148.7531,107.5799,68.8563,186.714,80.595,335.6503,313.5039,85.3866,134.9556,100.5022,131.744,85.5418,SYNTHETIC,MARKET_DATA
2022-03-31,24M,1.1286,1.0714,1.8276,2.3795,2.8323,1.3081,1.2509,1.0877,2.0867,2.2431,1.7955,1.8628,2.267,3.6077,1.3681,1.1102,2.3691,4.5946,8.8452,62.254,13.688,633.4407,3492.1171,157.5103,5763.4757,1332.4729,79.6682,50.0511,1.6477,5.3912,1679.9017,23.7949,34.6956,3.9351,151.1598,107.6155,69.9454,187.8275,82.0182,340.877,318.1628,85.748,134.5303,98.9009,131.7035,85.7474,SYNTHETIC,MARKET_DATA
2022-04-30,24M,1.0983,1.0699,1.8311,2.3934,2.8448,1.3234,1.2951,1.0548,2.1482,2.2916,1.8602,1.9037,2.3495,3.6094,1.3613,1.1808,2.3899,4.5925,8.8488,62.2419,13.6266,639.4582,3541.4566,141.8026,5760.458,1332.3604,79.4875,49.9746,1.6502,5.3874,1699.6944,23.9989,34.8252,3.9423,153.7193,107.9968,71.4929,190.062,83.0288,348.7218,323.3596,86.3947,135.8495,98.7173,130.8022,86.624,SYNTHETIC,MARKET_DATA
2022-05-31,24M,1.0662,1.0603,1.8179,2.3838,2.8334,1.3235,1.3177,1.0215,2.1221,2.2743,1.8331,1.8824,2.2954,3.6219,1.4053,1.2911,2.4978,4.5288,8.7398,62.2476,13.5615,618.3245,3548.5627,157.9839,5794.8327,1347.718,79.8327,50.0659,1.6378,5.3353,1713.6993,24.0856,35.129,3.9502,156.7298,109.1315,73.4416,193.9949,84.1909,356.5446,330.207,87.7291,137.5359,98.4124,132.0053,86.3838,SYNTHETIC,MARKET_DATA
2022-06-30,24M,1.0389,1.048,1.8081,2.3946,2.8413,1.3466,1.3557,0.9928,2.2197,2.3488,1.9282,1.9515,2.4222,3.6304,1.4074,1.3383,2.5424,4.5341,8.7585,62.2336,13.6597,611.5762,3494.6054,177.0769,5786.4398,1349.2214,79.4071,50.0913,1.6408,5.337,1726.2188,24.186,35.3735,3.9615,159.4743,110.7811,75.0968,198.0279,84.8449,363.5793,336.0056,89.3952,138.8885,97.5174,134.6511,86.7765,SYNTHETIC,MARKET_DATA
2022-07-31,24M,1.0168,1.0426,1.8042,2.4107,2.8531,1.3681,1.3938,0.9721,2.2197,2.3542,1.9206,1.9458,2.4147,3.6296,1.3951,1.3198,2.4888,4.5753,8.8418,62.2111,13.6351,616.9445,3500.1963,153.2711,5754.9967,1343.0353,79.1864,50.1375,1.6534,5.3816,1741.8211,24.4018,34.9402,3.9725,161.4698,112.9095,76.4628,202.8741,84.9516,369.3491,340.8445,91.5742,141.6368,97.8388,136.6297,88.4105,SYNTHETIC,MARKET_DATA
2022-08-31,24M,0.9928,1.038,1.7969,2.4141,2.8529,1.3761,1.4213,0.9469,2.2106,2.355,1.9047,1.9339,2.4049,3.6342,1.4138,1.3488,2.4457,4.566,8.836,62.2026,13.4746,616.9079,3540.9719,123.266,5753.2396,1343.1425,79.2215,50.2296,1.6564,5.3812,1754.8459,24.5808,35.1188,3.9859,163.1914,115.1909,77.3895,208.3581,85.3976,373.9777,344.4006,93.5996,142.0376,99.1736,138.6613,89.9667,SYNTHETIC,MARKET_DATA
2022-09-30,24M,0.9643,1.0049,1.7635,2.4011,2.836,1.3962,1.4367,0.9176,2.1808,2.3375,1.8695,1.9093,2.3854,3.6391,1.4567,1.4101,2.453,4.5075,8.7492,62.2081,13.4523,609.8902,3532.2566,152.5668,5798.1368,1354.7959,79.6465,50.3352,1.6503,5.3459,1759.3768,24.6209,35.6189,4.0005,164.8686,116.9933,77.8075,212.8959,85.758,377.6175,347.0875,95.8491,143.2168,99.965,140.6544,91.4112,SYNTHETIC,MARKET_DATA
2022-10-31,24M,0.9382,0.9845,1.7364,2.3838,2.8188,1.3994,1.4456,0.892,2.1745,2.3366,1.8634,1.9044,2.3818,3.6449,1.4982,1.455,2.4249,4.4371,8.6356,62.216,13.4974,568.1871,3472.3903,207.136,5839.1346,1366.8056,80.1181,50.3811,1.6385,5.2982,1764.4379,24.6496,37.036,4.0146,167.4156,118.4932,78.8878,219.9355,86.4659,382.3169,353.4802,97.236,144.336,100.6234,141.79,92.718,SYNTHETIC,MARKET_DATA
2022-11-30,24M,0.9105,0.9744,1.7199,2.3787,2.8132,1.4043,1.4682,0.8639,2.2114,2.3678,1.8975,1.924,2.4409,3.6333,1.4816,1.4342,2.3284,4.4574,8.6789,62.2003,13.4436,571.0723,3403.592,194.6621,5818.6641,1368.6562,79.9421,50.3474,1.6493,5.3342,1774.5955,24.767,36.6531,4.0268,169.8691,119.6915,80.2573,228.0053,87.8119,388.5584,355.9259,98.0743,144.6978,101.1217,142.1516,93.7012,SYNTHETIC,MARKET_DATA
2022-12-31,24M,0.8934,0.9692,1.7037,2.3702,2.8094,1.401,1.4768,0.8468,2.2229,2.3796,1.9062,1.9289,2.4501,3.6296,1.5009,1.442,2.3099,4.4149,8.6017,62.2021,13.2962,570.018,3420.0318,188.2944,5846.9516,1375.6594,80.148,50.3519,1.643,5.3209,1774.9788,24.7574,37.5271,4.0372,172.4381,121.6109,81.3123,234.7203,89.649,394.6233,359.3186,99.0713,144.9822,101.7172,143.3063,94.9895,SYNTHETIC,MARKET_DATA
2023-01-31,24M,0.8753,0.9454,1.674,2.3481,2.7915,1.4027,1.4728,0.8263,2.2366,2.3922,1.9142,1.9326,2.4526,3.6162,1.4556,1.3585,2.19,4.4572,8.6721,62.1871,13.1167,604.8088,3376.2946,130.8535,5816.3146,1372.59,79.9325,50.2973,1.6661,5.3882,1783.4816,24.8535,36.8622,4.0427,175.0778,124.3515,82.3175,239.4697,91.2414,401.1172,363.3047,101.2861,144.5756,103.6377,145.3897,96.3139,SYNTHETIC,MARKET_DATA
2023-02-28,24M,0.8664,0.9557,1.6921,2.3858,2.834,1.4301,1.5194,0.8147,2.2611,2.4182,1.935,1.9451,2.4756,3.6213,1.4863,1.3865,2.1978,4.3711,8.5091,62.2026,13.1133,575.296,3408.7852,184.2955,5866.8847,1367.4202,80.3478,50.3802,1.659,5.3531,1780.6855,24.7909,38.2949,4.0519,176.8435,127.3798,83.1196,242.8029,91.9965,406.9753,365.8172,104.0199,145.0428,106.4455,148.5115,97.1464,SYNTHETIC,MARKET_DATA
2023-03-31,24M,0.8572,0.9632,1.6923,2.3959,2.8524,1.4327,1.5387,0.8041,2.2313,2.3987,1.9041,1.9243,2.4263,3.6046,1.4569,1.346,2.0989,4.3996,8.543,62.1871,12.9833,587.7542,3326.8868,153.6958,5844.3029,1354.8607,80.3486,50.2496,1.6763,5.3966,1786.7404,24.8649,37.5706,4.0602,178.761,130.1147,83.7788,246.3926,92.3481,410.1752,367.8596,106.1154,146.9793,108.7211,151.4655,97.1836,SYNTHETIC,MARKET_DATA
2023-04-30,24M,0.8435,0.9848,1.7048,2.4126,2.873,1.4278,1.569,0.7866,2.3123,2.4602,1.984,1.9812,2.5372,3.5998,1.451,1.3155,2.0232,4.417,8.5559,62.1807,13.0433,589.3394,3345.6872,172.7912,5819.8459,1342.4437,80.0944,50.1591,1.6957,5.436,1790.4181,24.8664,37.4883,4.07,180.5455,133.2691,84.4737,250.9169,92.6445,410.8634,370.6513,108.6519,148.852,111.0976,156.0062,97.7323,SYNTHETIC,MARKET_DATA
2023-05-31,24M,0.83,0.9927,1.7196,2.4356,2.8962,1.4429,1.6055,0.7695,2.3694,2.5077,2.0401,2.0256,2.6178,3.591,1.4151,1.268,1.9462,4.4889,8.676,62.1635,12.8439,630.1686,3352.6862,97.3916,5761.3748,1325.9995,79.3283,50.0225,1.7264,5.5202,1798.2111,24.8915,36.3972,4.0815,181.3381,135.6421,84.9007,254.7934,92.5674,408.4966,369.8262,111.1219,149.4177,113.2734,159.482,98.3555,SYNTHETIC,MARKET_DATA
2023-06-30,24M,0.8212,1.001,1.7248,2.4375,2.9024,1.4365,1.6163,0.7583,2.3525,2.4998,2.0229,2.0172,2.6046,3.5995,1.4377,1.2476,1.9731,4.4595,8.6114,62.173,12.9074,620.0381,3406.2589,124.1693,5780.4755,1327.227,79.6265,49.985,1.7269,5.5055,1800.8693,24.8797,36.3611,4.0951,182.5316,138.0456,85.6749,259.8815,92.8513,407.8317,369.4416,114.2858,149.6992,114.6669,162.114,99.0247,SYNTHETIC,MARKET_DATA
2023-07-31,24M,0.8114,0.9617,1.7042,2.4375,2.9047,1.4759,1.6262,0.7473,2.3013,2.4656,1.9721,1.9853,2.5467,3.6052,1.4574,1.2072,1.983,4.437,8.5519,62.172,12.9575,604.8489,3366.8584,146.2725,5789.6396,1327.6444,80.0334,49.9132,1.7247,5.4762,1801.7234,24.8241,36.3611,4.1055,183.3012,139.7728,86.1552,262.9895,93.0976,407.9842,369.3549,116.7272,148.1695,115.2168,164.8475,99.4317,SYNTHETIC,MARKET_DATA
2023-08-31,24M,0.8074,0.9602,1.7103,2.4562,2.9303,1.496,1.6488,0.7428,2.3129,2.4746,1.9826,1.9991,2.5785,3.6155,1.4716,1.1543,1.9471,4.4222,8.5055,62.1712,13.1494,591.1968,3330.6018,189.7629,5794.7674,1320.8612,80.2682,49.8333,1.7307,5.4754,1809.6104,24.8337,36.4046,4.1156,183.6607,142.9555,86.3916,265.45,93.2999,409.809,367.4016,119.4808,146.5235,117.4063,169.736,99.9325,SYNTHETIC,MARKET_DATA
2023-09-30,24M,0.8088,0.9699,1.7194,2.4638,2.9443,1.494,1.6551,0.7475,2.3298,2.489,2.0,2.0191,2.6233,3.621,1.4739,1.1114,1.8621,4.4326,8.5076,62.1645,13.1098,598.6541,3300.2683,169.7119,5786.7123,1314.1025,80.3846,49.7778,1.7407,5.5065,1818.8942,24.9194,35.9974,4.1243,183.9637,146.9709,86.8037,268.2688,93.4028,411.0831,366.5697,122.7915,145.8698,119.136,173.8228,102.3056,SYNTHETIC,MARKET_DATA
2023-10-31,24M,0.8121,0.9937,1.7403,2.475,2.9575,1.4813,1.6629,0.7526,2.3098,2.4766,1.9797,2.0099,2.5919,3.631,1.4825,1.0716,1.7937,4.4155,8.4593,62.1623,13.0785,598.7235,3294.5756,164.3018,5793.125,1306.131,80.7598,49.7506,1.7435,5.5111,1827.0569,25.0059,35.7778,4.1299,184.6741,150.567,86.979,271.3175,93.4859,413.5801,366.5082,125.7484,146.3186,121.4137,177.5446,103.6332,SYNTHETIC,MARKET_DATA
2023-11-30,24M,0.822,1.0029,1.7533,2.4773,2.9638,1.4744,1.6553,0.7619,2.3113,2.479,1.9764,2.0102,2.5874,3.6395,1.5146,1.0497,1.762,4.3434,8.3163,62.1754,13.0588,575.524,3260.6525,190.7479,5825.9594,1308.0718,81.4082,49.7735,1.7253,5.4505,1829.4024,24.9995,36.2794,4.1362,185.1882,154.6826,86.9623,275.5858,93.6906,416.1522,367.3255,128.7462,147.3959,123.7668,182.1393,106.0093,SYNTHETIC,MARKET_DATA
2023-12-31,24M,0.8346,1.0032,1.7682,2.4942,2.9874,1.4911,1.6597,0.7735,2.3121,2.48,1.9704,2.0108,2.5754,3.6454,1.5363,1.0346,1.6935,4.2822,8.1892,62.1886,13.0908,548.6079,3182.968,222.9473,5851.5342,1310.3749,81.8628,49.7653,1.7095,5.3982,1830.5597,24.9987,37.3416,4.1421,185.7626,157.4814,86.9937,280.8823,93.9843,418.9895,368.2776,130.7177,147.044,126.112,184.8558,107.3906,SYNTHETIC,MARKET_DATA
2024-01-31,24M,0.8489,1.0096,1.7661,2.4735,2.9755,1.4639,1.6247,0.7832,2.3282,2.494,1.9772,2.0208,2.5901,3.6295,1.4993,0.9591,1.6165,4.3418,8.2794,62.1766,13.0702,557.0973,3119.0585,180.8137,5799.1589,1310.3543,81.6097,49.6698,1.7289,5.4577,1840.679,25.1494,36.4844,4.151,186.6688,161.1039,87.4352,286.9776,94.186,421.5009,369.6553,132.4904,148.2913,128.2909,185.7623,108.5075,SYNTHETIC,MARKET_DATA
2024-02-29,24M,0.8756,1.0074,1.7632,2.4645,2.9748,1.4571,1.5888,0.8096,2.3513,2.5144,1.9934,2.038,2.6414,3.6198,1.51,0.932,1.5884,4.3455,8.2709,62.1742,12.9099,558.7381,3164.9062,139.6972,5774.628,1311.5652,81.6538,49.7457,1.7313,5.4651,1840.5473,25.166,36.6852,4.1603,187.0449,164.0436,87.2012,290.7233,94.6261,424.6976,369.6511,132.5681,148.3297,129.8903,185.99,109.7146,SYNTHETIC,MARKET_DATA
2024-03-31,24M,0.8876,1.0253,1.7866,2.4864,3.0046,1.4611,1.5988,0.8212,2.392,2.5503,2.0279,2.0716,2.7321,3.629,1.5478,0.9256,1.5645,4.3022,8.1846,62.181,12.7868,559.0704,3157.1734,127.6862,5799.248,1307.8422,81.8442,49.8503,1.7197,5.4323,1836.3319,25.0747,37.7146,4.1689,186.3401,166.7703,86.6122,293.3839,94.4381,425.9514,366.5021,132.6805,150.5983,133.5966,185.6382,110.3462,SYNTHETIC,MARKET_DATA
2024-04-30,24M,0.9039,1.0225,1.7781,2.4662,2.9891,1.4437,1.5623,0.8389,2.3734,2.5373,2.0042,2.0623,2.7319,3.6169,1.5312,0.8532,1.5161,4.3536,8.2697,62.158,12.9416,564.7995,3108.7504,132.094,5758.7771,1303.7395,81.7138,49.8542,1.7273,5.4707,1839.4859,25.1242,36.8961,4.1799,186.3974,169.2687,86.0203,296.6781,94.8246,426.4012,364.9416,133.9902,152.2049,135.8893,186.6794,109.2775,SYNTHETIC,MARKET_DATA
2024-05-31,24M,0.9238,1.0414,1.8155,2.5111,3.0396,1.4697,1.5873,0.8604,2.4879,2.6213,2.1165,2.1463,2.9101,3.6107,1.5101,0.7718,1.4474,4.3964,8.3349,62.139,12.9715,582.6031,3144.9896,112.0702,5730.0957,1280.9579,81.0234,49.8413,1.7337,5.5093,1841.6105,25.1745,36.7464,4.1912,185.3373,171.3471,85.1218,296.6753,94.2581,425.8258,360.5868,136.2639,153.4797,138.0954,186.711,109.2644,SYNTHETIC,MARKET_DATA
2024-06-30,24M,0.9408,1.0526,1.8354,2.5242,3.0599,1.4716,1.5834,0.8773,2.4465,2.5947,2.0743,2.1229,2.875,3.6158,1.5596,0.7698,1.4999,4.321,8.1875,62.1533,12.8918,573.2619,3177.522,129.5924,5793.7214,1284.7606,81.8602,49.9707,1.713,5.4584,1838.8422,25.1762,38.273,4.1983,184.5404,173.461,84.3578,296.0762,94.3357,425.6137,357.2681,139.7151,153.8603,141.5311,185.2503,109.0415,SYNTHETIC,MARKET_DATA
2024-07-31,24M,0.9568,1.0705,1.8445,2.5108,3.0551,1.4403,1.554,0.8896,2.4022,2.5653,2.0314,2.0979,2.839,3.602,1.4994,0.672,1.4707,4.4357,8.3782,62.1181,13.0422,603.3208,3106.705,100.4901,5729.3564,1271.8223,81.4417,49.8613,1.742,5.5618,1852.9492,25.3891,36.9955,4.2058,183.8075,176.4684,83.9046,295.353,93.8752,426.6414,355.9138,142.9752,152.4376,146.3622,186.0728,109.7459,SYNTHETIC,MARKET_DATA
2024-08-31,24M,0.9578,1.072,1.8563,2.5242,3.0728,1.4521,1.5664,0.8872,2.4062,2.5693,2.0374,2.1085,2.8647,3.6158,1.5414,0.6608,1.6495,4.3648,8.2431,62.1256,13.1628,594.6081,3202.5218,160.8676,5788.3419,1274.5175,82.0928,49.9482,1.724,5.5052,1850.0577,25.3078,38.5045,4.2125,182.7917,179.9125,83.7302,292.9907,92.8748,426.4411,356.0406,147.2773,152.8092,152.9848,186.6752,109.4671,SYNTHETIC,MARKET_DATA
2024-09-30,24M,0.9609,1.0699,1.8581,2.5207,3.076,1.4508,1.5598,0.888,2.4004,2.5692,2.0349,2.1106,2.8755,3.6111,1.5127,0.5758,1.7121,4.4424,8.3708,62.0919,13.0245,616.1864,3136.591,87.5804,5738.5903,1262.4618,81.8151,49.9487,1.7392,5.5745,1865.2422,25.528,38.1403,4.2205,182.979,184.3577,84.2165,291.967,92.3599,428.2032,358.6518,152.4745,156.4809,162.7092,188.6355,110.2432,SYNTHETIC,MARKET_DATA
2024-10-31,24M,0.9687,1.065,1.8549,2.5158,3.0745,1.4508,1.5471,0.892,2.4254,2.5911,2.0581,2.1311,2.9443,3.606,1.4982,0.5418,1.7654,4.5029,8.47,62.0638,13.331,624.0541,3216.1666,113.1502,5689.443,1255.9479,81.5627,50.035,1.7491,5.6326,1874.2333,25.6878,37.5278,4.2244,182.0524,188.4357,83.9212,288.6701,91.5649,427.3039,357.3717,157.7699,159.0155,170.6237,192.1512,111.5687,SYNTHETIC,MARKET_DATA
2024-11-30,24M,0.9803,1.077,1.8717,2.5353,3.098,1.4583,1.555,0.9019,2.423,2.5926,2.0552,2.1373,2.9795,3.6212,1.5146,0.5363,1.8263,4.5229,8.4942,62.0492,13.1919,652.0859,3279.0462,63.3323,5672.0955,1243.5607,81.4469,50.1167,1.7497,5.6504,1885.993,25.9075,37.5415,4.2304,180.976,192.1396,83.5758,284.127,90.6832,426.1895,357.2442,163.7789,161.5863,177.9279,196.5846,114.0292,SYNTHETIC,MARKET_DATA
2024-12-31,24M,0.9829,1.0606,1.8729,2.5435,3.1039,1.4829,1.5605,0.9042,2.4001,2.5804,2.0292,2.1226,2.975,3.6223,1.5152,0.5457,1.8772,4.5463,8.5345,62.0391,13.3699,645.0953,3306.2056,90.9777,5649.954,1237.7874,81.531,50.1448,1.7485,5.6641,1899.208,26.1212,37.2203,4.2371,179.9819,196.5648,83.3363,281.3596,89.268,423.6777,357.6797,170.4062,163.8544,190.4449,201.7754,117.9696,SYNTHETIC,MARKET_DATA
2025-01-31,24M,0.9809,1.092,1.9061,2.5752,3.1367,1.4833,1.5944,0.9049,2.4251,2.6016,2.0524,2.1454,3.0103,3.6388,1.5626,0.602,2.0275,4.4773,8.4025,62.0541,13.5089,608.5957,3337.3602,155.2791,5693.463,1237.5958,81.8317,50.2227,1.7234,5.5976,1902.5619,26.2116,38.5584,4.2449,178.9709,199.9056,83.0605,279.9572,88.4083,423.7735,357.584,175.9468,167.0658,199.3646,205.7601,121.3697,SYNTHETIC,MARKET_DATA
2025-02-28,24M,0.9782,1.0943,1.8927,2.5486,3.1053,1.4544,1.5704,0.904,2.3647,2.5572,1.9924,2.1069,2.9209,3.6367,1.5403,0.6028,2.0834,4.5124,8.4556,62.0435,13.5606,614.1228,3283.1954,150.269,5670.0737,1243.2854,81.6758,50.1324,1.7268,5.6195,1914.5327,26.4033,37.8961,4.2511,180.0063,203.4757,83.635,280.0179,89.0739,424.9671,361.7737,179.542,171.2832,208.196,210.018,125.0373,SYNTHETIC,MARKET_DATA
2025-03-31,24M,0.9855,1.0815,1.8645,2.5082,3.0612,1.4267,1.5227,0.9132,2.3005,2.5103,1.927,2.0629,2.8425,3.6352,1.5536,0.5954,2.1954,4.5068,8.4409,62.0413,13.5848,604.2246,3323.5559,164.3522,5670.5267,1256.778,81.7623,50.1802,1.7214,5.6169,1923.0683,26.5375,38.0503,4.2614,180.6924,207.6062,84.3274,280.4254,90.0219,427.5998,367.1051,183.258,175.2906,217.8835,214.0639,129.3694,SYNTHETIC,MARKET_DATA
2025-04-30,24M,0.9997,1.0548,1.8309,2.4735,3.0217,1.4186,1.4738,0.9301,2.2582,2.4757,1.8826,2.0326,2.788,3.6226,1.5514,0.5702,2.2925,4.5338,8.4922,62.0266,13.4054,618.459,3325.6843,115.2763,5649.5921,1265.2864,81.7763,50.1767,1.7198,5.6256,1928.73,26.661,37.4243,4.2685,180.8877,212.8912,84.6025,279.4175,90.7765,429.1373,368.4796,186.8098,181.0413,226.2278,220.4127,135.402,SYNTHETIC,MARKET_DATA
2025-05-31,24M,1.0088,1.0613,1.8292,2.4763,3.0225,1.4149,1.4675,0.9402,2.2235,2.441,1.8456,2.0019,2.7438,3.6264,1.5817,0.5985,2.3859,4.4931,8.4272,62.0258,13.4399,589.4523,3356.5072,152.76,5672.4971,1271.2438,82.3171,50.2404,1.7022,5.582,1929.6083,26.7448,38.2841,4.2737,181.6311,218.8778,85.1839,278.7033,91.4835,430.3204,370.1419,190.882,189.8444,234.1674,226.784,140.1898,SYNTHETIC,MARKET_DATA
2025-06-30,24M,1.0146,1.0445,1.8203,2.4811,3.0231,1.4367,1.4665,0.9462,2.2388,2.4442,1.8583,2.0069,2.751,3.6233,1.572,0.5523,2.4234,4.521,8.49,62.0062,13.3973,591.591,3328.596,138.5559,5649.0261,1265.7368,82.1981,50.2553,1.7028,5.5971,1936.8033,26.8738,38.1799,4.2761,182.4478,224.617,85.7836,278.2376,92.0655,432.8391,371.4378,194.1545,197.193,240.0047,232.387,145.0387,SYNTHETIC,MARKET_DATA
2025-07-31,24M,1.02,1.068,1.8157,2.4543,2.9956,1.3863,1.4343,0.9529,2.2224,2.428,1.8417,1.9915,2.7144,3.6259,1.5897,0.5757,2.503,4.5111,8.4835,62.004,13.4221,579.8615,3363.8059,155.1964,5642.9909,1272.1864,82.3306,50.3789,1.6905,5.5838,1944.5508,26.9854,38.4037,4.2818,183.8499,229.4335,86.4901,278.8856,93.2879,437.7884,372.4506,197.8435,204.302,245.0643,237.9132,148.9533,SYNTHETIC,MARKET_DATA
2025-08-31,24M,1.0247,1.0525,1.8067,2.4473,2.9887,1.3948,1.4226,0.9595,2.2578,2.4455,1.8778,2.0098,2.7359,3.6177,1.5917,0.6015,2.5577,4.5223,8.5102,61.9959,13.2973,581.8779,3367.4211,129.5713,5613.9032,1271.7517,82.3295,50.4868,1.6804,5.5738,1948.7893,27.0869,38.388,4.2883,186.3519,234.3282,87.7881,280.6554,94.4124,444.3712,376.7252,201.4934,216.5978,252.6616,244.1492,153.0235,SYNTHETIC,MARKET_DATA
2025-09-30,24M,1.0247,1.0513,1.804,2.445,2.9822,1.3936,1.4202,0.9608,2.2979,2.4676,1.9157,2.032,2.7426,3.6066,1.555,0.5693,2.5605,4.5896,8.6304,61.975,13.3388,601.7546,3386.0634,106.8912,5539.0359,1262.1632,81.9009,50.4912,1.6839,5.5936,1956.6538,27.2439,37.2896,4.2983,188.3824,239.5342,88.9597,283.0359,95.9142,449.3235,379.5359,206.5628,226.9823,259.1242,251.3999,155.3277,SYNTHETIC,MARKET_DATA
2025-10-31,24M,1.0274,1.0267,1.7823,2.4294,2.9647,1.4027,1.402,0.9637,2.271,2.4466,1.8872,2.0063,2.6876,3.5941,1.5572,0.5591,2.642,4.5958,8.6451,61.9722,13.3192,601.7652,3459.0033,99.3328,5504.4191,1262.8967,81.8798,50.581,1.6726,5.5668,1959.1114,27.3111,37.555,4.3031,190.5157,245.3921,89.8604,284.262,97.3209,457.2285,382.8553,209.8717,236.2836,267.2548,253.712,157.7937,SYNTHETIC,MARKET_DATA
2025-11-30,24M,1.024,1.034,1.7933,2.4437,2.975,1.4097,1.4197,0.9628,2.2647,2.4337,1.8788,1.9945,2.6649,3.5956,1.5874,0.6248,2.7523,4.5573,8.5763,61.9786,13.3488,594.2342,3475.1726,123.5325,5509.6773,1259.4824,82.1221,50.7155,1.6565,5.5222,1957.7957,27.3284,38.6331,4.312,193.1809,250.7218,91.6702,285.7206,98.5095,467.6389,387.482,213.3141,243.4285,275.3274,257.0082,161.5432,SYNTHETIC,MARKET_DATA
2025-12-31,24M,1.0066,1.025,1.7813,2.4283,2.9476,1.4033,1.4217,0.9469,2.2574,2.4203,1.869,1.978,2.6249,3.586,1.6006,0.6492,2.8045,4.5588,8.5852,61.9791,13.5051,589.3429,3449.8861,158.1963,5495.1766,1257.6453,82.1868,50.805,1.6515,5.5109,1959.487,27.4465,38.6944,4.3225,196.4381,258.5093,93.9662,287.2839,99.1282,479.1883,391.4997,217.8229,255.647,285.4435,262.7101,167.049,SYNTHETIC,MARKET_DATA
2026-01-31,24M,0.9899,1.0172,1.7677,2.4156,2.9173,1.3983,1.4256,0.9326,2.1918,2.3629,1.8003,1.9223,2.5113,3.5725,1.5968,0.6564,2.7542,4.5842,8.6401,61.9711,13.4996,591.9217,3455.7065,155.4398,5458.4394,1248.3005,82.1257,50.8332,1.6502,5.5197,1963.2076,27.5313,38.1267,4.3312,200.4186,267.1923,97.0281,289.632,100.2006,491.1517,398.4575,223.6512,272.5649,296.3543,272.8955,172.2977,SYNTHETIC,MARKET_DATA
2026-02-28,24M,0.9697,1.0144,1.7681,2.4182,2.9029,1.4039,1.4486,0.9118,2.2033,2.3608,1.8062,1.9179,2.4819,3.5665,1.5788,0.641,2.6874,4.6215,8.7117,61.9619,13.4186,612.3547,3485.1638,121.9189,5422.428,1235.2075,81.7788,50.8159,1.6544,5.5369,1970.3839,27.6672,37.4984,4.3404,204.2786,277.5802,99.5973,293.3346,100.7842,497.5553,406.3394,231.3015,289.3617,309.4965,286.2737,178.1403,SYNTHETIC,MARKET_DATA
2026-03-31,24M,0.963,1.0082,1.7639,2.4169,2.8861,1.4088,1.4539,0.9042,2.1735,2.3305,1.7721,1.886,2.3964,3.5624,1.5899,0.6798,2.6572,4.6165,8.7009,61.9657,13.4279,609.5417,3526.5861,130.335,5414.7802,1230.2488,81.8473,50.8584,1.6511,5.5168,1972.5393,27.7319,37.2167,4.3493,208.1287,286.9277,102.3134,297.4131,101.3887,505.0553,415.1873,237.5265,303.1152,318.7632,299.1827,182.2323,SYNTHETIC,MARKET_DATA
2026-04-30,24M,0.9509,1.0144,1.7767,2.4395,2.8986,1.4252,1.4886,0.8913,2.2184,2.3586,1.8101,1.9052,2.4318,3.5635,1.6093,0.7125,2.6355,4.5961,8.6668,61.9721,13.461,600.9306,3528.1805,154.5072,5427.4618,1222.4707,81.6533,50.8767,1.6448,5.4904,1973.6631,27.7872,37.6581,4.3578,211.8312,296.6452,104.6846,302.2208,101.5909,512.6439,421.3384,244.5351,318.2878,328.0653,310.5797,188.2367,SYNTHETIC,MARKET_DATA
2026-05-31,24M,0.934,0.9945,1.7443,2.4024,2.8491,1.4079,1.4684,0.8708,2.1629,2.3181,1.7487,1.8569,2.3558,3.564,1.6244,0.7088,2.5919,4.5845,8.6511,61.9772,13.548,585.2807,3512.0086,182.3715,5424.8521,1231.56,81.9049,50.8967,1.6377,5.465,1975.6041,27.8591,37.504,4.367,216.4096,305.6721,107.7335,307.8577,102.2517,518.1748,429.5942,249.4975,331.5738,337.1432,319.7515,193.1406,SYNTHETIC,MARKET_DATA
2026-06-30,24M,0.9124,0.9726,1.7095,2.3601,2.7937,1.3876,1.4477,0.8498,2.0961,2.2671,1.6794,1.7948,2.2295,3.5572,1.6017,0.6588,2.4896,4.6087,8.6916,61.9728,13.5626,588.3088,3502.9817,167.6858,5393.9428,1234.8821,81.7633,50.8505,1.6388,5.4776,1980.2865,27.9016,36.6931,4.3758,220.7003,315.078,110.2459,313.9512,102.7135,523.7085,438.4352,253.2984,342.5932,345.1458,329.1487,198.6032,SYNTHETIC,MARKET_DATA
2026-07-31,24M,0.8895,0.9235,1.6719,2.3326,2.7563,1.4091,1.4431,0.8266,2.0934,2.2637,1.6725,1.7808,2.1912,3.5556,1.6251,0.6853,2.4388,4.5493,8.5816,61.9876,13.5366,571.0568,3527.0916,185.7814,5424.1001,1245.3904,81.8702,50.875,1.6177,5.4308,1977.1928,27.835,36.9363,4.3853,224.2319,324.5149,111.5888,318.8588,103.796,528.9957,443.2265,256.1667,354.1059,352.3719,337.2176,204.3911,SYNTHETIC,MARKET_DATA
2018-01-31,YTD,2.1096,1.7279,2.0745,2.3581,2.8081,0.6302,0.2485,2.0596,1.5582,1.6582,1.2082,1.2582,1.6814,3.1316,1.2451,0.4941,1.0676,4.9635,9.3344,62.3841,9.0,505.6238,1600.0,170.0,5275.5278,1208.0786,80.2188,49.6411,1.7991,5.894,1497.0825,20.7928,23.744,3.7048,96.7203,100.0,45.2705,129.8249,50.4143,217.3448,189.0247,79.0392,94.377,94.3161,110.053,72.2205,SYNTHETIC,MARKET_DATA
2018-02-28,YTD,2.0997,1.7582,2.2641,2.7072,3.1573,0.9491,0.6075,2.0513,1.8146,1.8824,1.4386,1.4263,2.0381,3.2438,1.1894,0.3237,0.8132,4.963,9.3349,62.3805,9.1278,500.6584,2716.2372,175.0071,5226.5639,1122.9954,79.8288,49.531,1.7951,5.8021,1464.0535,20.6519,24.2626,3.7008,98.11,98.9814,45.1375,132.2355,51.737,213.0797,189.5167,78.0838,90.577,93.2825,109.4619,73.1554,SYNTHETIC,MARKET_DATA
2018-03-31,YTD,2.0896,1.92,2.4185,2.8742,3.3095,0.9541,0.7846,2.0745,2.0508,2.0826,1.6812,1.6372,2.3094,3.3403,1.168,0.1992,0.8482,4.9632,9.3025,62.368,9.1807,498.1745,3106.9561,185.7489,5212.2482,1071.0877,78.8978,49.378,1.787,5.737,1465.8787,21.0693,25.5216,3.6907,95.9734,98.7082,45.2516,132.0729,50.6289,207.4411,179.8277,77.2269,88.0942,87.9171,113.2574,77.3529,SYNTHETIC,MARKET_DATA
2018-04-30,YTD,2.1275,2.0626,2.5027,2.9367,3.3617,0.8741,0.8092,2.1317,2.4653,2.425,2.111,1.9931,2.9022,3.2839,0.7202,-0.2648,-0.0481,5.7142,10.6294,62.1729,10.528,816.8119,3301.2584,-179.2188,5034.1861,978.3158,72.1174,48.6778,1.9891,6.3411,1543.3856,22.5166,22.8912,3.6826,95.0097,99.1385,45.5727,130.4763,49.7299,205.3788,174.3075,74.8675,86.695,82.9489,117.1123,80.9617,SYNTHETIC,MARKET_DATA
2018-05-31,YTD,2.1415,2.1023,2.5799,3.0335,3.4542,0.9312,0.892,2.1605,2.4402,2.4301,2.0743,1.9994,2.9966,3.3259,0.7748,-0.1305,-0.057,5.5741,10.3572,62.1894,11.3485,759.2753,3947.9352,-119.9147,5081.095,963.149,73.301,48.8458,1.9706,6.2377,1549.6814,22.7455,23.4058,3.674,94.0825,100.0211,46.7441,125.7199,49.3684,204.7573,168.0828,78.1306,86.5766,81.3476,120.5028,81.3005,SYNTHETIC,MARKET_DATA
2018-06-30,YTD,2.1508,2.1473,2.6297,3.0558,3.4688,0.9085,0.9051,2.1749,2.4345,2.4338,2.0515,1.9926,3.0203,3.3275,0.787,-0.0908,-0.0823,5.5655,10.3178,62.1967,11.8899,757.7592,3931.8514,-109.8161,5075.872,952.6217,73.4501,48.6776,1.9733,6.2104,1566.3509,22.9026,22.0048,3.6808,94.38,99.9751,48.5318,124.3213,49.7362,204.458,166.7184,77.5204,87.1173,78.437,124.071,80.8445,SYNTHETIC,MARKET_DATA
2018-07-31,YTD,2.1894,2.1483,2.6465,3.0793,3.4994,0.931,0.8899,2.2123,2.3925,2.4089,2.0008,1.9611,2.9314,3.3376,0.7809,-0.0605,-0.105,5.5359,10.2367,62.1979,13.2471,726.6893,3969.8808,122.2208,5081.9786,949.6055,73.8468,48.5813,1.9669,6.178,1575.5398,22.964,21.0041,3.6852,95.0772,100.905,49.7927,123.2345,49.8841,203.5848,165.2218,79.8506,89.9334,77.336,127.8235,81.7764,SYNTHETIC,MARKET_DATA
2018-08-31,YTD,2.2372,2.1506,2.6238,3.0358,3.4702,0.8852,0.7986,2.2519,2.1766,2.2481,1.7781,1.8033,2.5943,3.3452,0.8069,-0.0066,-0.0742,5.4797,10.1191,62.2028,13.4078,702.8205,3983.7983,129.8921,5128.228,964.5467,74.5115,48.4173,1.9504,6.1204,1575.6122,22.8495,20.9471,3.6981,95.8446,101.7648,50.7999,123.8784,50.0915,203.1055,164.9482,82.5675,93.0015,77.7746,131.5438,80.8522,SYNTHETIC,MARKET_DATA
2018-09-30,YTD,2.2708,2.1454,2.6486,3.0838,3.5161,0.9384,0.813,2.2764,2.1768,2.2415,1.7746,1.7992,2.5468,3.3683,0.8866,0.0481,0.1007,5.3393,9.838,62.2269,13.6642,669.6555,3977.3544,215.7895,5240.3376,979.159,75.5203,48.3438,1.9081,5.9926,1567.3395,22.6592,23.2045,3.7054,96.2918,102.7734,51.6795,125.8416,50.3803,203.9101,163.9273,83.963,94.2642,78.8745,131.508,80.7853,SYNTHETIC,MARKET_DATA
2018-10-31,YTD,2.3052,2.163,2.6832,3.1217,3.5464,0.9587,0.8165,2.3026,2.1839,2.2424,1.7757,1.802,2.5153,3.3774,0.892,0.0363,0.1277,5.3237,9.8017,62.2222,13.778,653.894,3890.1765,230.5269,5261.1915,977.1604,75.7173,48.2552,1.908,5.9919,1572.4268,22.6184,22.8903,3.7069,96.3264,103.3868,51.9042,126.2278,50.335,204.1012,163.9254,85.6403,94.9092,78.8347,133.2368,80.5866,SYNTHETIC,MARKET_DATA
2018-11-30,YTD,2.326,2.1895,2.7269,3.1679,3.5836,0.9784,0.8419,2.3189,2.3645,2.3727,1.9569,1.9367,2.7696,3.4026,0.9521,0.0305,0.1942,5.1856,9.5477,62.2489,13.8434,624.1621,3894.9652,287.8021,5354.4972,982.3912,75.8425,48.292,1.8732,5.8934,1564.0435,22.3971,26.2387,3.712,96.374,102.8749,51.923,128.1362,50.3936,204.2483,166.2673,86.1112,95.213,78.6832,132.1408,80.4384,SYNTHETIC,MARKET_DATA
2018-12-31,YTD,2.3384,2.1863,2.7332,3.1742,3.5772,0.9879,0.8358,2.3278,2.338,2.355,1.9347,1.9321,2.755,3.4144,0.9849,0.0381,0.2913,5.1107,9.4131,62.2642,13.7447,605.8664,3798.9285,277.2982,5379.8035,991.9684,76.4416,48.3215,1.8618,5.8623,1559.4301,22.224,27.1582,3.7186,96.8337,102.1811,52.0047,130.0497,50.6143,205.9267,169.5111,85.9153,94.1078,78.2023,129.7702,80.6754,SYNTHETIC,MARKET_DATA
2019-01-31,YTD,2.475,2.3564,2.9334,3.3883,3.6651,1.0319,0.9132,2.4552,2.4412,2.507,2.0902,2.2042,3.3559,3.6383,1.446,-0.18,2.0903,4.0632,7.656,62.4756,15.0168,344.9294,3143.9814,773.4574,5651.2269,1067.3194,82.5509,48.0606,1.648,5.2761,1565.5309,20.7724,44.9929,3.7798,107.6025,88.4435,54.4937,150.8329,48.7979,254.535,250.2899,88.2416,75.5837,67.6995,98.2705,65.8732,SYNTHETIC,MARKET_DATA
2019-02-28,YTD,2.3653,2.0734,2.738,3.2577,3.5366,1.1842,0.8924,2.3404,2.3067,2.4161,1.984,2.119,2.9553,3.6089,1.3416,-0.1149,1.7961,4.3184,8.0838,62.378,13.4956,495.2622,3035.8067,278.112,5519.3407,1090.8046,81.5762,47.8527,1.715,5.4298,1563.8472,20.519,41.0619,3.7819,105.9183,90.83,52.7834,158.3285,48.8442,244.7488,254.4379,94.2978,77.7502,67.1503,101.4052,72.8486,SYNTHETIC,MARKET_DATA
2019-03-31,YTD,2.2617,2.1246,2.6368,3.0245,3.3191,0.8999,0.7628,2.2332,1.9595,2.1455,1.6512,1.8826,2.5144,3.4945,0.9504,-0.5722,0.7714,5.0734,9.4895,62.1983,13.3052,780.3543,3138.0654,-151.2851,5179.5605,1071.9695,78.4849,47.4279,1.9107,6.0382,1601.5634,20.8441,32.3746,3.7927,104.8388,94.513,51.4442,158.2472,49.3562,248.4562,244.5319,99.5136,78.723,69.3389,98.7504,80.5793,SYNTHETIC,MARKET_DATA
2019-04-30,YTD,2.2008,2.0132,2.6283,3.0829,3.3909,1.0697,0.882,2.1627,2.2482,2.3299,1.9337,2.0806,3.0552,3.5708,1.3274,-0.1553,1.3625,4.5099,8.5122,62.3399,12.9554,641.7521,3646.7585,58.1914,5545.6653,1121.8031,80.6569,48.4365,1.7862,5.5523,1534.9191,19.9221,42.6796,3.8185,105.0586,98.6564,51.483,158.0103,50.3328,247.9838,239.9636,102.1014,81.857,70.6454,98.3169,86.0092,SYNTHETIC,MARKET_DATA
2019-05-31,YTD,2.1434,1.9083,2.5841,3.0626,3.3729,1.1543,0.9192,2.096,2.3589,2.4162,2.0439,2.16,3.1943,3.5887,1.294,-0.3302,1.5091,4.6314,8.7644,62.3081,12.9338,649.0055,3275.0333,-1.7469,5412.267,1102.5004,79.6027,48.7122,1.8313,5.656,1535.6075,19.9471,40.3419,3.8186,106.2914,104.4597,51.6732,159.2815,53.3012,250.0619,244.3095,111.7444,87.8219,76.2695,101.919,89.4536,SYNTHETIC,MARKET_DATA
2019-06-30,YTD,2.1156,1.9428,2.5973,3.0412,3.3534,1.0984,0.9256,2.0579,2.4379,2.4859,2.1137,2.2081,3.3172,3.6487,1.4409,-0.123,1.848,4.3676,8.3174,62.381,13.7351,584.4437,3369.5543,306.193,5587.7629,1129.1722,81.0831,49.2303,1.7505,5.4038,1507.9067,19.7218,44.3639,3.8232,109.6367,105.8093,51.8482,162.0703,57.5811,255.9529,252.9889,116.3621,91.3753,79.6795,101.8791,89.5098,SYNTHETIC,MARKET_DATA
2019-07-31,YTD,2.0874,1.9134,2.5364,2.9621,3.2761,1.0486,0.8747,2.0151,2.2999,2.3959,1.9759,2.1077,3.0844,3.6577,1.4709,0.0264,1.9839,4.3259,8.2828,62.4001,13.0461,613.564,3168.5401,186.6546,5597.2354,1152.5774,81.8462,49.6084,1.7296,5.3529,1496.9104,19.5955,44.4681,3.82,111.445,108.3133,51.7579,163.335,60.2784,261.0741,256.7792,123.0117,96.1824,84.6847,107.0528,92.493,SYNTHETIC,MARKET_DATA
2019-08-31,YTD,2.0445,1.905,2.5087,2.921,3.2387,1.016,0.8765,1.9618,2.4277,2.4976,2.103,2.1916,3.21,3.6584,1.4016,-0.0171,1.9729,4.4701,8.5602,62.3714,13.1752,622.0537,3134.3974,151.4115,5497.1437,1143.2112,80.4244,49.7234,1.7535,5.47,1500.4392,19.737,42.0658,3.8244,112.7862,109.2869,51.9966,164.5711,62.13,264.089,259.9568,124.784,98.1532,88.1624,109.6445,91.3621,SYNTHETIC,MARKET_DATA
2019-09-30,YTD,2.026,1.8758,2.4702,2.8743,3.2058,0.9984,0.8483,1.9399,2.2778,2.3955,1.9512,2.0833,2.9457,3.6572,1.423,0.1005,2.1247,4.4799,8.5936,62.3821,12.8104,655.9715,3245.86,54.4492,5492.6222,1152.4405,80.9563,49.8683,1.7565,5.5166,1496.3116,19.8367,41.1198,3.8208,111.5617,109.6657,51.7128,161.2388,61.5051,262.0043,257.554,126.9809,101.7336,91.4247,110.4931,90.0162,SYNTHETIC,MARKET_DATA
2019-10-31,YTD,2.0013,1.8583,2.483,2.8999,3.2471,1.0416,0.8985,1.9197,2.317,2.4265,1.9853,2.101,3.0015,3.676,1.5048,0.2804,2.3998,4.3849,8.4141,62.4165,12.7408,623.7479,3249.5598,82.1814,5556.0616,1153.0795,81.6261,50.1142,1.7458,5.4896,1485.4606,19.9144,42.9607,3.8115,110.4942,109.3447,51.4591,159.718,61.4337,260.0827,255.2989,127.3918,102.2323,94.5449,109.7628,87.5426,SYNTHETIC,MARKET_DATA
2019-11-30,YTD,1.9811,1.8419,2.5121,2.9549,3.3103,1.113,0.9738,1.9039,2.4657,2.5382,2.1358,2.2022,3.1927,3.6846,1.5564,0.3794,2.5299,4.3368,8.3211,62.4346,12.9492,601.0054,3175.7096,157.8009,5593.248,1148.0177,81.4994,50.375,1.7406,5.4733,1479.2122,20.0427,44.3327,3.8146,110.4176,110.4892,51.6156,159.6572,61.899,258.9887,254.73,127.0147,104.2887,99.105,113.0818,86.4209,SYNTHETIC,MARKET_DATA
2019-12-31,YTD,1.9496,1.806,2.4757,2.914,3.2784,1.108,0.9643,1.8765,2.3775,2.478,2.048,2.1364,3.0742,3.6779,1.5538,0.3536,2.5367,4.4014,8.4261,62.4269,12.924,608.4912,3132.2193,129.2437,5555.5549,1150.0096,81.5254,50.4995,1.7573,5.5406,1484.5653,20.2704,42.3076,3.8107,111.4575,110.8724,52.3581,162.6323,62.4578,258.7569,257.5365,125.2504,108.0291,101.7965,113.6621,85.5237,SYNTHETIC,MARKET_DATA
2020-01-31,YTD,1.5224,1.2249,2.19,2.8414,3.317,1.6165,1.319,1.5095,1.747,2.0466,1.3965,1.6322,1.8224,3.8256,2.0262,0.7966,3.2299,3.8427,7.2314,62.6036,10.8737,457.1506,3798.3252,-28.95,5960.9736,1246.0394,90.0414,53.1287,1.4959,4.9433,1411.5458,20.7877,44.1764,3.7425,121.8244,108.3776,57.1521,177.4197,60.846,257.2902,295.7665,110.188,134.2595,117.8893,116.9523,69.0123,SYNTHETIC,MARKET_DATA
2020-02-29,YTD,1.5129,1.4763,2.1825,2.698,3.1579,1.2217,1.1851,1.5161,2.0133,2.1983,1.6541,1.8127,2.4195,3.7052,1.7412,0.498,2.7955,4.2687,7.9598,62.5194,11.2921,592.6916,3280.2426,-140.7091,5671.483,1237.5689,86.4963,52.3419,1.5932,5.2611,1437.3533,21.2012,34.3536,3.7546,123.4487,117.1881,56.4813,179.846,64.5696,265.5271,290.652,112.2733,133.3602,122.4607,130.9512,83.2922,SYNTHETIC,MARKET_DATA
2020-03-31,YTD,1.4736,1.408,2.0353,2.5169,2.9919,1.1089,1.0433,1.4723,1.9413,2.1296,1.5889,1.7328,2.2147,3.731,1.6341,0.248,2.3624,4.3595,8.137,62.5098,12.4066,548.9047,3365.5542,59.7075,5673.6342,1268.2037,86.4927,52.1828,1.6031,5.3435,1439.9662,21.2769,30.8923,3.7804,128.794,117.7634,59.9006,185.2228,67.9966,274.21,293.8071,111.2783,129.4591,130.6243,135.6034,87.1142,SYNTHETIC,MARKET_DATA
2020-04-30,YTD,1.4729,1.3085,1.9505,2.4435,2.9147,1.135,0.9705,1.4617,1.6958,1.9466,1.351,1.5669,1.8468,3.7646,1.6573,0.2661,2.2391,4.248,7.9497,62.5387,12.2178,513.8531,3378.0336,78.7937,5809.0798,1294.5906,87.1445,52.0905,1.5774,5.2976,1419.3004,20.9885,32.9437,3.7942,128.6949,118.3311,59.2915,181.8532,70.9852,267.2894,291.3258,109.7593,122.3636,128.0062,139.0575,90.9723,SYNTHETIC,MARKET_DATA
2020-05-31,YTD,1.4593,1.302,1.9536,2.4578,2.9292,1.1558,0.9985,1.4409,1.8076,2.0213,1.4706,1.645,2.0354,3.6797,1.3643,0.0698,1.7633,4.6843,8.7604,62.414,12.4908,654.9693,3262.4382,-72.2378,5547.2638,1228.937,84.1151,51.2272,1.6872,5.6712,1455.8152,21.579,29.3549,3.7986,129.7359,116.6636,58.1102,181.6041,74.4919,267.7966,292.8066,105.319,117.002,128.2976,137.8824,93.7289,SYNTHETIC,MARKET_DATA
2020-06-30,YTD,1.4436,1.3013,1.9573,2.4435,2.9224,1.1422,0.9999,1.4212,1.7314,1.9539,1.4021,1.5822,1.947,3.6525,1.3124,0.1525,1.6824,4.7487,8.8899,62.3926,12.5971,660.2214,3565.182,-82.1715,5485.2298,1216.2615,83.5008,50.8173,1.7066,5.7107,1480.6663,21.8781,27.4372,3.8001,130.7326,115.8989,57.3518,181.3951,76.5237,268.6724,293.2326,102.006,117.7515,131.5811,138.3759,95.835,SYNTHETIC,MARKET_DATA
2020-07-31,YTD,1.4208,1.2845,1.948,2.4286,2.9139,1.1441,1.0078,1.3968,1.8525,2.0326,1.5427,1.6782,2.1065,3.6838,1.4624,0.4615,1.9841,4.4528,8.3772,62.4639,12.4859,597.6434,3610.1199,40.8463,5672.9675,1254.6887,84.7079,50.8555,1.6235,5.4039,1472.7551,21.5559,31.5261,3.8037,133.6344,113.8679,57.6556,181.6464,79.986,273.086,294.7826,100.3023,116.9011,131.5905,136.4174,93.3055,SYNTHETIC,MARKET_DATA
2020-08-31,YTD,1.4264,1.2638,1.9362,2.4146,2.9106,1.1508,0.9882,1.4063,1.804,1.9928,1.5033,1.6505,2.0289,3.6608,1.4187,0.4856,1.9865,4.4797,8.4359,62.458,13.1375,579.3168,3370.002,162.3548,5648.8707,1263.2805,84.5451,50.5886,1.6139,5.3896,1492.1858,21.7037,30.4661,3.8053,137.0723,111.8387,58.9041,181.9615,82.9731,280.2258,296.8713,98.7986,118.0329,129.3816,132.7737,92.1838,SYNTHETIC,MARKET_DATA
2020-09-30,YTD,1.4337,1.31,1.9978,2.4617,2.9606,1.1517,1.028,1.4135,1.9857,2.1305,1.6875,1.7879,2.2295,3.6678,1.4226,0.5064,2.0189,4.4157,8.309,62.4714,13.3229,557.7179,3382.3963,226.9344,5677.4234,1261.4737,84.1726,50.4344,1.5838,5.2945,1497.7846,21.701,32.1693,3.8031,138.78,110.6154,60.3241,181.6651,84.4288,288.1829,296.2683,96.0801,116.9701,127.56,130.0839,90.8411,SYNTHETIC,MARKET_DATA
2020-10-31,YTD,1.4289,1.3096,2.0097,2.4701,2.966,1.1605,1.0412,1.4066,1.9445,2.1056,1.6431,1.7598,2.1407,3.6538,1.3602,0.4384,2.0096,4.5009,8.4546,62.446,12.9636,635.0002,3328.7486,89.5774,5647.6167,1252.8166,83.5705,50.2383,1.5952,5.3332,1519.6189,21.9799,30.4523,3.8059,139.2988,109.7672,60.9066,180.3836,84.5727,293.8673,293.2118,94.8956,116.3285,124.1687,128.9746,89.6981,SYNTHETIC,MARKET_DATA
2020-11-30,YTD,1.4338,1.3039,2.024,2.486,2.9777,1.1821,1.0522,1.4099,1.9443,2.1029,1.6428,1.7674,2.0982,3.6575,1.3962,0.517,2.1409,4.436,8.3433,62.4539,13.0694,608.7667,3397.0167,133.0928,5717.2083,1259.0494,83.8643,50.2662,1.5705,5.245,1526.8706,22.0351,32.1688,3.811,139.4356,109.3572,61.496,179.3948,83.328,296.353,294.7917,93.5221,116.4802,121.3483,128.8076,88.7976,SYNTHETIC,MARKET_DATA
2020-12-31,YTD,1.4269,1.3021,2.0304,2.4901,2.9757,1.188,1.0632,1.4004,2.0199,2.1581,1.7223,1.8271,2.1911,3.6654,1.4198,0.5717,2.1946,4.4327,8.3497,62.4448,13.0078,607.5011,3339.9006,109.2957,5734.993,1262.2818,83.432,50.3552,1.5702,5.2201,1540.7557,22.1747,33.26,3.8193,139.8183,108.0362,62.5837,179.0299,82.296,301.2628,296.2412,91.5357,117.6021,117.9314,128.4896,87.0384,SYNTHETIC,MARKET_DATA
2021-01-31,YTD,1.3616,1.2314,1.8808,2.2212,2.6245,0.9898,0.8596,1.3215,1.2153,1.6016,0.9418,1.2842,1.3601,3.5918,1.7044,1.2665,2.9443,4.9545,9.5837,62.114,15.4325,504.0337,3311.7239,306.8086,5434.7579,1366.4017,80.456,50.3483,1.5601,5.2268,1701.0191,23.6859,30.9556,4.0022,142.5233,94.8995,76.8334,198.2406,68.0653,306.2055,293.8563,67.1639,163.0082,74.8225,135.6287,71.8222,SYNTHETIC,MARKET_DATA
2021-02-28,YTD,1.2256,1.0207,1.7662,2.1545,2.5756,1.1338,0.9288,1.2039,1.7986,1.9813,1.4984,1.6885,2.2266,3.5717,1.6059,0.8867,2.5358,5.1168,9.8922,62.1039,13.9513,746.3505,3541.2276,-175.4939,5351.7189,1362.411,79.0766,50.3313,1.5744,5.3042,1711.6723,24.0673,29.0991,3.9834,140.6016,95.704,74.9542,201.5811,67.0307,307.6036,278.0076,65.4236,168.1323,71.5404,137.9785,76.203,SYNTHETIC,MARKET_DATA
2021-03-31,YTD,1.1368,0.9572,1.8355,2.3095,2.7132,1.3523,1.1727,1.1116,2.281,2.3567,1.957,2.0078,2.8197,3.719,1.8526,1.2662,2.9896,4.5511,8.9117,62.2866,13.9254,605.2235,3722.7308,61.4664,5747.7862,1406.7106,80.6738,51.1947,1.4755,4.9487,1668.4543,23.6295,40.7944,3.9608,141.7393,94.2468,73.4836,205.7959,68.5456,319.6434,280.3374,63.7231,159.9954,69.7828,129.2733,79.2025,SYNTHETIC,MARKET_DATA
2021-04-30,YTD,1.0935,0.8855,1.787,2.2838,2.7033,1.3983,1.1903,1.0713,1.9393,2.1411,1.6123,1.7656,2.253,3.7177,1.7954,1.3374,2.9808,4.4631,8.7458,62.299,14.2569,563.4266,3395.7218,149.954,5848.9301,1433.0154,81.6365,51.3913,1.4502,4.9011,1682.2805,23.8734,40.4255,3.9601,143.2561,94.4975,73.1516,205.7024,69.9806,338.8349,287.7797,65.1623,151.8061,70.8054,124.2428,80.081,SYNTHETIC,MARKET_DATA
2021-05-31,YTD,1.0818,0.924,1.7872,2.295,2.7414,1.3709,1.2132,1.0649,2.0209,2.2088,1.6992,1.8254,2.2896,3.6872,1.7827,1.321,2.9301,4.385,8.5653,62.3088,14.5458,536.1626,3349.5774,261.2693,5911.6241,1431.3315,81.9024,51.466,1.4374,4.8328,1690.9763,24.0906,41.4112,3.9614,145.044,95.9572,72.8389,202.4788,70.6937,354.3396,296.2667,67.8079,147.5103,70.9022,122.3138,80.4879,SYNTHETIC,MARKET_DATA
2021-06-30,YTD,1.0787,0.9756,1.8326,2.3705,2.8185,1.3948,1.2918,1.064,2.0854,2.2573,1.7705,1.8819,2.3128,3.6647,1.7727,1.4567,2.7363,4.3062,8.4043,62.3154,14.0291,540.5665,3311.1916,205.7803,5922.3342,1415.5785,81.921,51.4883,1.4429,4.8248,1684.8391,23.9661,43.8329,3.9659,144.9873,98.0316,71.1077,198.7496,70.1807,357.9296,301.9855,70.3059,145.4929,72.4473,122.9672,81.3175,SYNTHETIC,MARKET_DATA
2021-07-31,YTD,1.0789,1.0616,1.8853,2.4089,2.8596,1.3473,1.33,1.0614,2.1912,2.3351,1.8748,1.953,2.436,3.6137,1.5896,1.3506,2.4032,4.5608,8.8641,62.2538,13.8969,637.4983,3269.4314,63.318,5729.0851,1369.244,79.6335,51.224,1.551,5.1503,1713.5112,24.3955,39.7139,3.9734,144.6484,99.8605,70.4048,196.4032,69.3813,358.9251,302.9973,72.4395,145.6931,74.5645,122.8324,82.1294,SYNTHETIC,MARKET_DATA
2021-08-31,YTD,1.0792,1.073,1.8623,2.3738,2.8135,1.3008,1.2947,1.055,2.0686,2.2573,1.7522,1.8662,2.2804,3.5942,1.5298,1.361,2.3515,4.5988,8.9455,62.2393,13.689,652.2599,3487.5573,26.9079,5704.2279,1370.1534,79.28,51.1203,1.5814,5.2376,1712.6174,24.4304,38.7019,3.974,144.5974,100.8576,70.1595,194.6108,69.3495,354.6953,304.2067,75.1001,147.4993,75.7276,122.5671,84.0909,SYNTHETIC,MARKET_DATA
2021-09-30,YTD,1.066,1.0378,1.8192,2.3494,2.7856,1.3116,1.2834,1.0302,1.9658,2.1836,1.6494,1.7804,2.1286,3.5906,1.5762,1.4349,2.4895,4.4617,8.712,62.2668,13.478,611.7661,3537.8175,75.6395,5806.5326,1393.3429,79.8985,51.1099,1.5641,5.1572,1699.7777,24.1805,40.6619,3.9737,145.7743,102.9931,69.858,193.4632,69.7332,353.8878,308.3757,77.5926,151.0592,79.1343,126.414,84.4977,SYNTHETIC,MARKET_DATA
2021-10-31,YTD,1.0415,1.0287,1.791,2.3356,2.7717,1.3069,1.2941,1.0018,2.031,2.2252,1.7152,1.8192,2.1969,3.5686,1.5208,1.4302,2.432,4.5482,8.8736,62.2428,13.7705,602.7626,3435.8554,128.9644,5772.2541,1393.0871,78.9676,50.8814,1.6055,5.2649,1703.9652,24.2368,39.1308,3.9837,146.5179,105.115,70.1867,193.1212,70.7405,352.9752,311.9521,78.9433,152.3516,81.1616,132.0757,85.3894,SYNTHETIC,MARKET_DATA
2021-11-30,YTD,1.0123,0.9927,1.7429,2.3062,2.7409,1.3134,1.2939,0.9735,2.0679,2.2552,1.7561,1.8449,2.2194,3.5454,1.4234,1.3353,2.351,4.7174,9.1822,62.1959,13.789,647.5196,3517.775,67.783,5690.2539,1383.2906,77.5881,50.6371,1.6712,5.46,1719.0365,24.4158,36.9371,3.9918,147.7323,106.6159,70.857,192.0678,71.8637,352.3809,314.8299,79.5997,152.3633,82.6516,134.0695,85.1157,SYNTHETIC,MARKET_DATA
2021-12-31,YTD,1.0007,0.9907,1.7241,2.2922,2.7261,1.3015,1.2915,0.9605,2.0956,2.2779,1.7871,1.864,2.2628,3.5486,1.3856,1.3189,2.3667,4.7767,9.2904,62.1675,13.5207,688.8999,3663.7983,-3.0878,5673.7752,1377.0343,77.1479,50.4801,1.7003,5.5371,1727.7582,24.4582,35.3231,3.996,149.2479,108.3984,71.3246,191.2597,73.2456,352.5179,318.4308,80.8405,153.4542,84.902,134.4774,84.8406,SYNTHETIC,MARKET_DATA
2022-01-31,YTD,0.8706,0.9434,1.9724,2.9567,3.3818,2.0132,2.0861,0.8587,2.4772,2.5979,2.2266,2.1117,2.9799,3.9573,2.1114,2.2229,4.2062,3.1326,6.3085,62.3807,14.9416,271.5915,4386.5821,1263.7697,6946.4815,1353.8392,85.672,51.0928,1.4184,4.3824,1632.5552,22.6248,53.6775,4.0172,168.3,111.2658,72.142,187.8804,96.1203,374.5782,355.3255,101.3518,129.7577,109.7955,128.1001,77.0251,SYNTHETIC,MARKET_DATA
2022-02-28,YTD,0.7915,0.8789,1.7628,2.6089,3.047,1.7299,1.8173,0.7529,2.0666,2.2835,1.8102,1.8208,2.4451,3.8496,1.7653,1.9022,3.607,3.5984,7.1412,62.2594,16.1814,323.9906,3335.8669,1319.5263,6697.663,1398.8508,85.3356,50.1136,1.5309,4.8333,1729.1584,23.823,43.6869,3.9897,174.0893,109.5388,79.3067,198.6765,98.461,370.6463,364.6667,102.6553,126.4899,111.4863,134.0772,78.5195,SYNTHETIC,MARKET_DATA
2022-03-31,YTD,0.792,0.8078,1.6383,2.4233,2.8427,1.6154,1.6312,0.7306,2.173,2.3308,1.9151,1.8708,2.5353,3.7368,1.3575,1.5672,3.0702,4.279,8.3385,62.0923,15.7967,430.8262,3287.6955,894.9581,6146.3669,1370.7227,81.5188,49.2499,1.7033,5.4442,1805.1241,25.1042,34.1246,4.0001,181.8081,112.9487,83.8303,206.6841,101.9764,386.1033,380.4215,107.7577,121.4763,110.4979,137.363,85.5775,SYNTHETIC,MARKET_DATA
2022-04-30,YTD,0.7799,0.8496,1.6735,2.4567,2.8779,1.6071,1.6767,0.7079,2.2384,2.3881,1.9843,1.9163,2.5819,3.7789,1.4088,1.679,2.8947,4.175,8.1224,62.1533,14.3921,461.3996,3615.6768,610.9857,6145.5231,1370.8047,82.3297,49.4323,1.6675,5.3505,1811.9251,25.0833,36.1456,4.0019,183.812,117.0083,86.5242,211.3564,102.5335,398.2783,387.4674,110.9993,124.292,111.8097,134.9698,95.0793,SYNTHETIC,MARKET_DATA
2022-05-31,YTD,0.7508,0.889,1.6688,2.4227,2.8451,1.5337,1.6719,0.6781,2.1164,2.2917,1.8468,1.8222,2.3637,3.7511,1.3766,1.7297,2.8058,4.3199,8.3754,62.133,13.9176,511.5647,3486.6621,431.1858,5981.4173,1363.6249,81.9201,49.5388,1.6996,5.4631,1837.1384,25.2711,33.3745,4.0027,188.28,121.0518,89.2503,224.0843,105.3086,410.1369,402.5872,112.7158,126.6395,113.8771,140.3871,95.8615,SYNTHETIC,MARKET_DATA
2022-06-30,YTD,0.7438,0.9076,1.6809,2.4571,2.8838,1.5495,1.7132,0.6704,2.3791,2.4773,2.096,2.0061,2.728,3.7461,1.3313,1.7246,2.7295,4.4661,8.6437,62.1024,14.179,513.7241,3536.2058,413.7203,5813.4527,1334.5151,79.9694,49.5119,1.7288,5.5441,1848.5136,25.3561,31.7647,4.0157,190.4973,126.1542,89.9226,232.9274,104.8202,415.4281,407.9107,114.8346,131.1931,115.9838,151.0462,99.183,SYNTHETIC,MARKET_DATA
2022-07-31,YTD,0.7454,0.9285,1.6977,2.4954,2.9213,1.5668,1.7499,0.6826,2.4077,2.4996,2.1116,2.0221,2.75,3.7613,1.4364,1.7455,2.6979,4.3518,8.452,62.1379,13.7576,490.4799,3604.4519,384.2766,5846.4966,1334.8392,80.9243,49.8951,1.686,5.414,1841.5463,25.277,33.75,4.0262,191.703,129.9554,90.2566,242.4326,104.6061,418.6588,409.6689,118.7691,137.8452,119.3234,154.0613,101.7776,SYNTHETIC,MARKET_DATA
2022-08-31,YTD,0.7635,0.9387,1.6952,2.4835,2.9167,1.5448,1.72,0.7057,2.2626,2.4039,1.9533,1.9156,2.5627,3.7424,1.452,1.6963,2.4818,4.3636,8.4839,62.1476,13.7686,485.4391,3487.3695,372.841,5795.4372,1333.7341,81.3397,50.0243,1.6773,5.3973,1853.9528,25.4968,32.9478,4.0402,193.0472,132.7595,90.2101,251.6014,105.8537,421.488,408.0649,121.0331,137.5612,122.6523,154.307,104.2653,SYNTHETIC,MARKET_DATA
2022-09-30,YTD,0.7685,0.9326,1.6946,2.4881,2.9209,1.5555,1.7196,0.7125,2.314,2.4491,1.9937,1.958,2.6522,3.7532,1.5667,1.7459,2.4784,4.1565,8.1202,62.2101,13.8243,455.5572,3463.4821,492.1687,5927.4306,1355.1747,82.4565,50.2145,1.6241,5.2073,1831.4376,25.1794,35.7089,4.0507,193.0081,134.0179,89.2663,255.6681,105.7281,423.4552,402.2722,121.8428,137.4733,123.6887,154.5397,105.4322,SYNTHETIC,MARKET_DATA
2022-10-31,YTD,0.7674,0.921,1.6716,2.4525,2.8888,1.5315,1.6851,0.7142,2.2246,2.3902,1.9039,1.901,2.5123,3.7447,1.5894,1.6619,2.3558,4.0987,8.0119,62.2297,13.5231,442.9682,3258.0467,459.2544,5971.0179,1365.9709,83.1579,50.1506,1.6031,5.1403,1832.0532,25.1795,37.0391,4.0627,194.2168,134.4293,89.5475,263.8812,105.4412,426.8911,403.9578,121.4105,137.4675,122.2647,153.7101,105.9664,SYNTHETIC,MARKET_DATA
2022-11-30,YTD,0.772,0.9286,1.6808,2.4588,2.8956,1.5302,1.6868,0.7192,2.2796,2.4299,1.9543,1.9387,2.5649,3.7149,1.5682,1.5838,2.2451,4.1145,8.0355,62.223,13.4609,440.4869,3182.6368,441.9469,5966.5464,1365.9545,83.1052,50.1128,1.6013,5.148,1833.0639,25.2,37.3212,4.0711,194.7142,134.3918,90.5211,272.9086,105.236,430.9016,400.806,119.4557,136.4868,120.7045,152.0834,105.7322,SYNTHETIC,MARKET_DATA
2022-12-31,YTD,0.7861,0.9477,1.6833,2.4482,2.8927,1.5005,1.6621,0.7332,2.3502,2.4814,2.0253,1.9937,2.6375,3.7105,1.6162,1.5651,2.2531,4.0531,7.9131,62.2368,13.0717,451.1362,3176.2653,379.6766,6020.1281,1374.2846,83.1482,50.2236,1.5858,5.1047,1822.1995,25.0566,39.731,4.0783,195.6282,134.8233,91.3,278.181,106.0525,436.7287,400.2064,117.302,136.5102,118.5323,152.1352,105.1384,SYNTHETIC,MARKET_DATA
2023-01-31,YTD,0.9263,0.66,1.1693,1.6911,2.1938,1.0311,0.7648,0.829,1.5435,1.9033,1.1347,1.3737,1.4195,3.2708,0.6164,-0.7358,0.0649,5.9692,11.2738,61.7523,11.1245,1339.0114,2262.0318,-1071.7738,4699.4698,1292.7347,75.2821,49.0389,2.114,6.8422,1905.0853,25.9943,15.0,4.1351,205.8766,160.6756,100.9587,312.2239,106.2822,462.0593,389.5221,120.3189,153.2508,120.9138,185.6294,103.6084,SYNTHETIC,MARKET_DATA
2023-02-28,YTD,0.9016,0.8584,1.6273,2.3414,2.8709,1.483,1.4398,0.8178,2.2571,2.4439,1.8444,1.8834,2.5321,3.4728,1.4303,0.2205,1.1906,4.591,8.7802,62.1103,11.7566,809.6864,3406.2683,-223.4809,5590.9151,1263.5399,81.4738,50.671,1.7663,5.6902,1780.1523,24.4695,38.3133,4.1602,193.4673,164.9311,96.6414,298.5718,95.1997,455.8274,355.9911,124.8067,168.8593,128.2801,200.4411,102.0859,SYNTHETIC,MARKET_DATA
2023-03-31,YTD,0.8472,0.9088,1.7443,2.5149,3.0567,1.6062,1.6677,0.7699,2.3481,2.5093,1.9402,1.971,2.6291,3.5193,1.5003,0.4981,1.3016,4.4287,8.4421,62.1667,11.4222,747.1123,2977.5712,-215.3226,5726.5959,1240.3205,82.2784,50.3768,1.7414,5.5547,1762.5463,24.4897,41.1427,4.1451,192.3228,162.2773,93.2154,299.1742,90.1385,444.0583,348.6655,120.0759,175.9725,125.8139,194.5465,96.755,SYNTHETIC,MARKET_DATA
2023-04-30,YTD,0.794,0.9789,1.7942,2.5378,3.0848,1.5589,1.7438,0.71,2.4755,2.6246,2.0791,2.0799,2.7754,3.5391,1.4956,0.5783,1.2607,4.4759,8.4708,62.1705,12.7396,679.3549,2949.654,56.935,5686.2956,1233.7212,81.3145,50.2347,1.7661,5.5916,1774.9161,24.5278,40.1928,4.157,191.9007,164.4466,92.12,302.8819,87.9536,436.2757,355.7756,122.6464,175.025,127.0879,200.4423,96.538,SYNTHETIC,MARKET_DATA
2023-05-31,YTD,0.7775,1.0368,1.8638,2.6088,3.158,1.572,1.8313,0.6936,2.7239,2.8234,2.3418,2.2898,3.0942,3.502,1.3708,0.4859,1.1841,4.7402,8.9217,62.1233,12.375,824.8852,3026.3187,-175.0643,5500.8555,1192.9636,77.9674,49.8847,1.8374,5.7895,1802.4909,24.7342,35.9877,4.1743,187.7641,163.3069,90.063,298.8294,84.702,420.9314,346.7029,125.6512,168.8007,126.372,199.9571,96.6445,SYNTHETIC,MARKET_DATA
2023-06-30,YTD,0.7896,1.1026,1.917,2.6396,3.1902,1.537,1.85,0.7098,2.6039,2.7379,2.2373,2.2354,2.9306,3.5442,1.5197,0.6793,1.3891,4.4848,8.4432,62.1988,12.4741,740.6466,3256.1002,-50.7201,5656.4295,1221.8488,79.8351,50.0209,1.7782,5.5631,1788.401,24.4554,39.1691,4.1976,185.3616,163.7705,88.5579,299.3943,82.9895,410.7631,342.4773,131.164,164.3608,124.2462,198.1981,97.4583,SYNTHETIC,MARKET_DATA
2023-07-31,YTD,0.7976,1.0357,1.8871,2.6397,3.1864,1.604,1.8421,0.7201,2.46,2.6299,2.1008,2.1467,2.767,3.5301,1.4405,0.5458,1.2825,4.6365,8.6934,62.1506,12.7356,756.9184,3087.1227,-80.7572,5532.5867,1204.621,79.2403,49.7201,1.831,5.6827,1805.207,24.6242,35.7164,4.2076,181.8936,162.1302,87.0091,293.3258,81.2049,404.7339,337.4075,132.9741,156.6211,120.8489,196.688,97.3597,SYNTHETIC,MARKET_DATA
2023-08-31,YTD,0.8209,1.046,1.8822,2.6317,3.1761,1.5857,1.8108,0.7429,2.3386,2.5422,1.9813,2.077,2.6656,3.5519,1.4418,0.498,1.2629,4.6206,8.657,62.1466,13.2486,715.7961,3219.2674,31.3133,5547.6751,1205.7587,79.6404,49.5644,1.8445,5.7012,1816.5121,24.6593,35.3346,4.2093,178.2654,164.8915,85.3974,286.7997,80.302,400.2524,328.4558,136.3286,152.1232,122.7949,201.8561,98.92,SYNTHETIC,MARKET_DATA
2023-09-30,YTD,0.8403,1.0395,1.8612,2.599,3.1452,1.5595,1.7587,0.7654,2.2507,2.4752,1.8996,2.021,2.5903,3.5678,1.5041,0.5532,1.2954,4.509,8.461,62.1663,12.981,688.129,3218.4481,26.0861,5645.8943,1229.191,80.5294,49.5791,1.8244,5.6521,1816.8853,24.6126,36.5827,4.2062,176.5094,170.6199,84.5016,282.9256,79.7433,397.7807,327.7119,140.8464,153.4261,125.5844,207.7913,104.0074,SYNTHETIC,MARKET_DATA
2023-10-31,YTD,0.8462,1.0875,1.879,2.587,3.127,1.4995,1.7409,0.7757,2.2394,2.4579,1.8916,2.0136,2.537,3.572,1.4767,0.5413,1.193,4.5497,8.5317,62.1473,13.248,671.6558,3134.7604,71.3821,5643.0701,1226.2189,80.4359,49.4384,1.8465,5.7214,1828.9525,24.8334,34.9327,4.2064,175.8843,174.6096,83.7868,280.9544,79.949,398.4717,329.2071,142.9684,155.559,128.4333,214.2477,106.1344,SYNTHETIC,MARKET_DATA
2023-11-30,YTD,0.8565,1.0661,1.8512,2.5398,3.0777,1.4737,1.6834,0.7881,2.2606,2.472,1.9093,2.0225,2.519,3.567,1.4533,0.4795,1.1556,4.5615,8.5594,62.1376,13.2711,659.5325,3170.0383,73.136,5644.4526,1235.8267,80.3376,49.3752,1.8508,5.7427,1837.7788,24.9442,34.2148,4.2079,175.5508,178.7725,83.1842,281.2288,80.6817,399.3531,332.2995,144.3451,157.6296,130.7598,218.796,109.1589,SYNTHETIC,MARKET_DATA
2023-12-31,YTD,0.883,1.0586,1.8532,2.5403,3.0821,1.4817,1.6572,0.8138,2.274,2.4786,1.9154,2.0278,2.5133,3.5802,1.4563,0.5042,1.1339,4.5113,8.4653,62.1403,13.1099,646.0796,3189.6706,66.218,5682.9403,1246.4651,80.5775,49.307,1.8332,5.6918,1838.9198,24.9409,34.9523,4.2059,175.8969,180.1394,82.6875,283.5835,81.916,401.2504,336.3487,144.1333,157.5779,133.6917,217.5765,109.6428,SYNTHETIC,MARKET_DATA
2024-01-31,YTD,1.2134,1.0985,1.9202,2.4602,3.095,1.3618,1.2469,1.0921,2.8617,2.934,2.3909,2.353,3.3333,3.5765,1.2245,0.4107,2.3573,4.5628,8.4729,62.0938,14.4483,475.3366,2852.7536,252.562,5689.4729,1353.3452,79.5959,48.7988,1.8847,5.8095,1875.4191,26.2417,33.1036,4.2289,190.0497,198.2066,82.737,334.1697,100.9616,434.8511,388.3914,143.8971,159.6922,162.0898,149.8549,103.8314,SYNTHETIC,MARKET_DATA
2024-02-29,YTD,1.2844,0.9294,1.7019,2.2519,2.8955,1.3225,0.9675,1.1859,2.5361,2.6965,2.0867,2.1481,3.2374,3.543,1.4499,0.6703,2.3452,4.358,8.1217,62.0871,14.0111,445.5527,3119.1251,320.5248,5774.7877,1413.1344,82.8274,49.8786,1.7923,5.6359,1849.0099,25.8301,35.8098,4.2075,189.4778,188.2861,81.7957,316.7693,106.1634,439.1435,381.1492,124.8609,141.9177,156.8256,147.6877,106.4077,SYNTHETIC,MARKET_DATA
2024-03-31,YTD,1.216,0.9853,1.7849,2.3608,2.9798,1.3754,1.1447,1.1124,2.8117,2.8929,2.3757,2.3578,3.7888,3.6061,1.4499,0.6951,2.0383,4.4394,8.3016,62.0323,13.3651,514.5262,3081.3386,132.869,5728.077,1350.4614,81.3694,49.9298,1.7848,5.7164,1851.302,25.712,37.1086,4.2144,186.4284,187.2605,80.7779,306.6969,105.6071,441.7982,366.2178,123.4606,149.9104,170.3743,143.6223,109.2226,SYNTHETIC,MARKET_DATA
2024-04-30,YTD,1.1958,0.9656,1.7328,2.2886,2.8881,1.323,1.0929,1.1003,2.6058,2.7318,2.1874,2.2256,3.5209,3.6084,1.3783,0.5904,1.8301,4.6035,8.6053,61.9703,13.497,558.5491,3170.3714,65.866,5588.9804,1330.9924,81.4352,49.9656,1.7745,5.7853,1865.4825,25.8361,33.4724,4.2285,187.6214,187.7326,80.6838,306.1317,107.5754,442.7483,367.4515,130.6343,155.2573,170.4736,145.9112,106.4008,SYNTHETIC,MARKET_DATA
2024-05-31,YTD,1.1791,1.0725,1.8957,2.5036,3.0956,1.4311,1.3245,1.0952,2.9599,2.9701,2.5482,2.4726,3.9702,3.5846,1.2509,0.4682,1.6246,4.8683,9.075,61.8951,13.3451,674.7415,3304.3659,-101.0245,5398.5124,1222.4232,77.8907,49.9032,1.8154,5.9962,1890.1823,26.1149,30.5176,4.2382,186.2387,187.6072,80.2651,299.8911,106.6228,442.9509,365.6717,139.3376,157.5308,171.3976,149.2921,104.8558,SYNTHETIC,MARKET_DATA
2024-06-30,YTD,1.1687,1.1053,1.9494,2.577,3.1739,1.4716,1.4082,1.0858,2.9167,2.9362,2.5117,2.4547,3.9266,3.6277,1.4244,0.6653,1.955,4.6213,8.637,61.9615,13.3828,612.34,3514.4218,40.3008,5582.2013,1232.0579,79.9588,50.3336,1.7427,5.785,1881.6435,26.0659,35.4902,4.2404,185.6088,190.0728,79.3788,293.703,106.2258,441.925,363.8729,150.8243,158.4584,177.6604,152.6242,105.7868,SYNTHETIC,MARKET_DATA
2024-07-31,YTD,1.1644,1.1593,1.9593,2.5522,3.1531,1.3929,1.3877,1.0806,2.7163,2.7919,2.321,2.3208,3.6539,3.6127,1.3099,0.502,1.934,4.8782,9.1002,61.8965,13.5908,678.067,3342.9787,-35.5767,5427.6011,1202.6588,79.4804,50.2241,1.7975,5.9749,1918.3105,26.6153,32.5631,4.2443,184.9999,195.0538,79.6651,292.0466,104.2322,444.8937,367.2788,160.7949,156.3374,188.7525,158.2337,109.8528,SYNTHETIC,MARKET_DATA
2024-08-31,YTD,1.1332,1.1453,1.9594,2.5733,3.1726,1.428,1.4402,1.0469,2.5447,2.6718,2.1545,2.209,3.4306,3.6538,1.4673,0.5747,2.3498,4.6113,8.6456,61.9587,13.9847,623.4397,3546.031,186.6019,5605.8602,1226.162,82.0295,50.573,1.7209,5.7182,1912.4468,26.4239,36.4363,4.2513,184.1347,200.053,80.4194,287.9268,102.5254,443.8428,371.3542,170.712,154.8567,203.2708,159.7651,110.495,SYNTHETIC,MARKET_DATA
2024-09-30,YTD,1.1054,1.1106,1.9344,2.5587,3.157,1.4481,1.4532,1.0178,2.5493,2.6871,2.1657,2.2241,3.4523,3.6618,1.5037,0.5224,2.5281,4.5837,8.6045,61.9524,13.6474,635.7666,3339.81,131.1903,5626.2467,1227.4065,82.3292,50.7035,1.7032,5.6774,1923.9243,26.5907,37.8387,4.2597,185.5854,205.6882,81.8603,285.2275,101.3966,448.0251,376.6036,179.861,162.6383,221.2813,164.6189,113.0392,SYNTHETIC,MARKET_DATA
2024-10-31,YTD,1.0892,1.0694,1.8795,2.5042,3.0977,1.4348,1.415,0.9988,2.4965,2.6568,2.1145,2.1898,3.3978,3.6502,1.4981,0.4791,2.5284,4.6283,8.6858,61.9304,14.0997,624.039,3337.7233,195.7413,5581.9989,1235.3462,82.4376,50.7977,1.6982,5.7027,1936.87,26.8332,37.4859,4.2601,185.3125,208.7197,82.1735,282.5721,99.6347,446.8456,377.7838,186.3358,166.1991,229.0927,171.2189,115.9938,SYNTHETIC,MARKET_DATA
2024-11-30,YTD,1.0898,1.0897,1.9065,2.5483,3.1368,1.4586,1.4585,0.9993,2.5214,2.6756,2.1395,2.2149,3.4465,3.6622,1.5208,0.4966,2.5349,4.6396,8.7009,61.919,13.6815,666.2571,3392.262,93.6959,5575.0437,1220.178,82.1977,50.8794,1.6889,5.6982,1954.0092,27.1827,37.7573,4.2637,184.2709,210.0096,83.0638,279.988,98.0336,446.6105,376.7332,191.5892,168.2154,233.7575,177.6735,120.2164,SYNTHETIC,MARKET_DATA
2024-12-31,YTD,1.0829,1.0625,1.8925,2.5467,3.1256,1.4841,1.4638,0.9946,2.5262,2.6821,2.143,2.2175,3.4368,3.6644,1.574,0.5873,2.6205,4.5813,8.6037,61.938,13.6298,644.1111,3422.7406,115.7375,5616.9677,1229.1096,82.4845,50.9826,1.6638,5.6364,1959.4961,27.3014,39.4882,4.2682,184.0669,212.9901,83.9852,279.1356,96.62,446.1051,379.0107,196.6791,170.131,247.1981,185.9743,126.2964,SYNTHETIC,MARKET_DATA
2025-01-31,YTD,0.8763,1.4134,1.9677,2.4533,2.9826,1.0398,1.577,0.8458,2.1417,2.4121,1.6922,1.9195,2.2653,3.6664,1.7544,0.6149,3.672,4.3127,8.1067,62.1107,14.4626,463.0211,3009.7414,471.4591,5743.6847,1288.1375,82.4989,50.9072,1.5125,5.2458,1985.58,28.1659,47.1154,4.3236,181.6127,240.8568,94.3392,278.5672,85.6499,464.3591,387.2244,253.2946,230.3233,334.9869,281.2621,185.21,SYNTHETIC,MARKET_DATA
2025-02-28,YTD,0.8451,1.2629,1.8652,2.4035,2.8881,1.1406,1.5585,0.8157,1.8322,2.1654,1.4023,1.6953,1.8819,3.6454,1.7314,0.9057,3.6654,4.1845,7.8335,62.1626,14.0453,438.0157,3130.1455,488.0144,5832.3515,1329.5156,83.2118,50.522,1.5063,5.1554,1964.0491,27.8557,46.4238,4.3283,193.7598,247.8627,100.2254,282.4722,92.8698,471.2995,405.119,234.4361,258.0047,341.2931,299.3523,186.8989,SYNTHETIC,MARKET_DATA
2025-03-31,YTD,0.8679,1.0761,1.6774,2.2328,2.7157,1.1567,1.3649,0.8422,1.5508,1.9487,1.1227,1.4935,1.5684,3.6228,1.8075,0.8955,3.8477,4.1129,7.6931,62.1837,13.142,420.1462,3116.3732,371.6729,5891.1776,1392.2452,84.1291,50.6601,1.5242,5.1771,1953.4285,27.8208,47.7834,4.3398,198.0069,250.6086,101.1435,291.7007,96.1693,475.4347,424.0691,222.8907,267.4614,345.3225,292.8546,187.9534,SYNTHETIC,MARKET_DATA
2025-04-30,YTD,0.8945,0.9444,1.5421,2.1178,2.5919,1.1734,1.2233,0.8654,1.6238,1.9963,1.1995,1.54,1.6529,3.541,1.7129,0.7253,3.7523,4.4008,8.2168,62.0955,12.9529,519.5372,3066.5263,202.7262,5684.1242,1398.715,82.7861,50.4257,1.5939,5.3605,1952.0485,27.7666,41.4171,4.3458,197.3355,262.405,99.7168,291.2294,97.0047,469.0331,420.5753,221.068,278.1462,341.7853,312.2664,201.1324,SYNTHETIC,MARKET_DATA
2025-05-31,YTD,0.9017,1.0405,1.6543,2.2863,2.7674,1.2458,1.3845,0.8666,1.8761,2.1544,1.4607,1.7102,1.984,3.5218,1.6901,0.7392,3.6258,4.4849,8.4068,62.0592,12.7112,557.7984,3267.7663,121.4905,5609.0624,1353.5544,81.7407,50.3436,1.615,5.3953,1948.4125,27.7277,41.0943,4.3499,195.6801,270.4096,98.9312,286.0791,95.3364,452.8162,406.5216,223.9351,293.5524,336.2399,319.9984,203.3016,SYNTHETIC,MARKET_DATA
2025-06-30,YTD,0.9163,1.0382,1.7069,2.3904,2.8673,1.3522,1.474,0.8776,1.9586,2.1933,1.5537,1.7726,2.0345,3.5482,1.7469,0.7056,3.5741,4.3835,8.2653,62.0671,12.5839,526.6291,3345.6617,139.5925,5652.718,1333.6464,82.5034,50.4627,1.5953,5.295,1938.7822,27.4658,43.0076,4.3536,195.225,275.9793,98.3468,286.9066,94.1796,447.4086,397.5098,226.1572,297.715,322.4852,320.6447,205.7349,SYNTHETIC,MARKET_DATA
2025-07-31,YTD,0.9247,1.0611,1.691,2.3339,2.8152,1.2729,1.4093,0.8872,1.8507,2.1074,1.4581,1.6972,1.8734,3.5424,1.696,0.6484,3.428,4.5158,8.5185,62.0301,12.9146,533.2596,3284.6093,139.4211,5508.7131,1322.5604,81.9818,50.5227,1.6319,5.4075,1960.6681,27.5875,39.7738,4.3609,195.1554,274.8232,97.8219,284.8435,94.9875,453.1133,388.0505,227.045,295.2984,308.1154,320.589,203.5896,SYNTHETIC,MARKET_DATA
2025-08-31,YTD,0.9463,1.0219,1.6836,2.3434,2.8305,1.3215,1.397,0.9089,1.9117,2.1376,1.5271,1.7386,1.9481,3.5382,1.6715,0.6654,3.3046,4.5484,8.5842,62.0169,13.031,526.1439,3402.9137,147.0939,5439.5226,1307.6516,82.036,50.5904,1.64,5.4302,1965.256,27.5566,38.8379,4.3629,197.3753,278.1818,98.7527,284.6871,95.7353,462.3329,385.5924,229.5902,310.3531,309.4451,328.9775,204.0818,SYNTHETIC,MARKET_DATA
2025-09-30,YTD,0.9518,1.0149,1.6776,2.3364,2.8209,1.3215,1.3846,0.9164,1.978,2.1746,1.5969,1.7793,1.9706,3.5258,1.6102,0.616,3.1177,4.6243,8.7168,61.9952,12.8982,572.5536,3431.4024,68.5221,5350.1127,1294.1931,81.5158,50.5028,1.6523,5.464,1970.0743,27.6065,36.7677,4.3695,198.9108,285.205,99.4972,287.3957,97.4665,466.1694,385.9952,237.264,321.7671,308.7292,340.1234,203.6289,SYNTHETIC,MARKET_DATA
2025-10-31,YTD,0.953,1.0062,1.6617,2.3133,2.7931,1.3071,1.3604,0.9185,1.9295,2.1369,1.5508,1.7343,1.8472,3.5043,1.5776,0.5734,3.0285,4.6685,8.7972,61.9865,13.1263,567.6635,3501.4748,91.4343,5293.7861,1286.4811,81.2729,50.4851,1.6643,5.4878,1972.7207,27.6892,35.736,4.3648,201.1653,291.7951,99.4445,287.9203,99.2759,478.9937,389.6286,237.6856,329.3891,312.7771,338.8954,201.7123,SYNTHETIC,MARKET_DATA
2025-11-30,YTD,0.946,1.0082,1.6777,2.3222,2.7965,1.3141,1.3762,0.9159,1.9652,2.1521,1.581,1.7428,1.8423,3.5088,1.6109,0.652,3.0648,4.5854,8.6506,62.0056,13.2253,548.5628,3538.6936,144.1646,5338.3944,1283.1612,81.6273,50.6203,1.6502,5.4332,1965.6066,27.5781,37.2975,4.3713,204.3485,296.9333,101.3671,290.7437,100.845,495.2685,397.3227,237.9624,331.2458,315.9579,339.304,204.2285,SYNTHETIC,MARKET_DATA
2025-12-31,YTD,0.9303,0.9875,1.6701,2.31,2.7696,1.3225,1.3797,0.8991,1.9887,2.1585,1.5949,1.7386,1.813,3.5075,1.6272,0.7111,2.9885,4.5363,8.5668,62.0203,13.3804,534.5747,3477.0315,200.6551,5373.3856,1286.1809,81.8891,50.6274,1.6392,5.3854,1959.4779,27.5916,37.9006,4.3769,208.8093,304.0286,103.9471,295.4321,101.6365,512.2716,403.9888,238.9667,341.1631,323.6889,339.446,207.8016,SYNTHETIC,MARKET_DATA
2026-01-31,YTD,0.8135,0.9111,1.5945,2.1541,2.3671,1.243,1.3406,0.7501,1.2856,1.5563,0.743,1.0155,0.6084,3.2535,1.1347,0.5836,1.15,5.1726,9.7898,61.9003,14.3168,537.2292,2992.4436,186.4079,4807.7792,1129.0717,78.1299,49.4747,1.8524,6.0209,1964.7125,28.2774,19.4786,4.4371,285.5821,406.5987,156.2231,390.5249,126.6971,721.9715,555.3789,283.7774,565.7218,423.949,394.3036,229.8016,SYNTHETIC,MARKET_DATA
2026-02-28,YTD,0.8412,0.8016,1.5438,2.1309,2.3587,1.3294,1.2897,0.7657,1.8859,1.9826,1.3329,1.4265,1.5215,3.3095,1.1885,0.572,0.9395,5.1109,9.6397,61.8803,12.9734,721.6948,3542.4579,-114.8035,4901.8035,1143.8807,77.9314,50.0089,1.8269,5.9477,1979.772,28.4787,21.4583,4.4214,283.5641,417.1361,149.3692,389.3778,126.0351,659.5473,559.2257,286.6044,546.4937,445.4609,430.4506,239.5038,SYNTHETIC,MARKET_DATA
2026-03-31,YTD,0.8672,0.8505,1.6458,2.2696,2.4876,1.4191,1.4024,0.7711,2.1402,2.1751,1.6009,1.6215,1.9612,3.4175,1.3646,0.94,0.8601,4.901,9.2267,61.9244,12.7473,676.1171,3694.9385,-90.0211,5084.9056,1131.2893,78.6532,50.3571,1.7813,5.7639,1955.7203,27.9952,25.2874,4.4288,279.9527,414.6073,147.5553,387.7309,123.6911,648.7341,555.7184,281.0897,529.6556,436.9316,435.403,230.6895,SYNTHETIC,MARKET_DATA
2026-04-30,YTD,0.8618,0.9017,1.705,2.356,2.5941,1.4543,1.4942,0.7668,2.3717,2.3615,1.8342,1.7886,2.3628,3.4736,1.4306,0.9706,0.8159,4.8272,9.0949,61.9278,13.2324,628.0754,3640.1381,43.7313,5182.6914,1119.9449,78.2343,50.3953,1.7341,5.6622,1950.5391,27.8804,27.2549,4.4403,279.9799,416.5476,144.9943,395.753,122.3512,643.4818,546.4838,290.9076,531.1021,426.2044,433.1288,233.5272,SYNTHETIC,MARKET_DATA
2026-05-31,YTD,0.8307,0.926,1.7182,2.3791,2.623,1.4531,1.5484,0.7303,2.506,2.4795,1.9711,1.8911,2.6789,3.4793,1.3651,0.7543,0.604,4.9917,9.3912,61.8856,13.5511,655.2432,3602.5541,15.0168,5060.9544,1097.2139,76.5376,50.3433,1.7491,5.7757,1967.5445,28.0952,24.8039,4.4518,282.1019,413.9883,146.3482,398.6454,121.6153,630.0857,548.5253,291.3758,521.9795,419.5561,423.0905,230.0957,SYNTHETIC,MARKET_DATA
2026-06-30,YTD,0.7919,0.8954,1.6622,2.3041,2.5585,1.4087,1.5122,0.6975,2.2713,2.3234,1.7534,1.7219,2.3453,3.5128,1.4288,0.7039,0.6955,4.821,9.0624,61.9359,13.6128,608.2036,3726.8043,78.259,5177.266,1141.0051,78.2649,50.5153,1.6916,5.6517,1964.8415,27.8864,27.4849,4.4535,282.6575,416.3474,144.4976,400.3723,120.5669,620.0057,551.6147,292.7263,506.2431,416.4696,418.3785,232.0037,SYNTHETIC,MARKET_DATA
2026-07-31,YTD,0.7629,0.8112,1.5844,2.224,2.4972,1.4128,1.4611,0.6682,2.1539,2.255,1.6474,1.6445,2.1671,3.5086,1.3939,0.6258,0.6803,4.8455,9.0878,61.9256,13.6988,615.3717,3607.6832,59.0008,5183.9103,1160.6422,78.3948,50.4641,1.6813,5.7004,1979.0159,27.9471,26.5352,4.4594,280.293,421.3587,140.0856,400.3034,120.2358,615.6619,544.6279,292.2594,493.9108,418.2211,413.6879,237.8831,SYNTHETIC,MARKET_DATA
