observation_date,panel,series,value
2018-01-31,activity,Industrial production,0.4941
2018-02-28,activity,Industrial production,0.1533
2018-03-31,activity,Industrial production,-0.0498
2018-04-30,activity,Industrial production,-1.6566
2018-05-31,activity,Industrial production,0.4063
2018-06-30,activity,Industrial production,0.1081
2018-07-31,activity,Industrial production,0.1214
2018-08-31,activity,Industrial production,0.3706
2018-09-30,activity,Industrial production,0.4852
2018-10-31,activity,Industrial production,-0.0698
2018-11-30,activity,Industrial production,-0.0267
2018-12-31,activity,Industrial production,0.1209
2019-01-31,activity,Industrial production,-0.18
2019-02-28,activity,Industrial production,-0.0498
2019-03-31,activity,Industrial production,-1.4869
2019-04-30,activity,Industrial production,1.0956
2019-05-31,activity,Industrial production,-1.0298
2019-06-30,activity,Industrial production,0.9131
2019-07-31,activity,Industrial production,0.9223
2019-08-31,activity,Industrial production,-0.3214
2019-09-30,activity,Industrial production,1.0416
2019-10-31,activity,Industrial production,1.8996
2019-11-30,activity,Industrial production,1.3689
2019-12-31,activity,Industrial production,0.0701
2020-01-31,activity,Industrial production,0.7966
2020-02-29,activity,Industrial production,0.1994
2020-03-31,activity,Industrial production,-0.2519
2020-04-30,activity,Industrial production,0.3204
2020-05-31,activity,Industrial production,-0.7153
2020-06-30,activity,Industrial production,0.5656
2020-07-31,activity,Industrial production,2.3157
2020-08-31,activity,Industrial production,0.6544
2020-09-30,activity,Industrial production,0.6728
2020-10-31,activity,Industrial production,-0.1733
2020-11-30,activity,Industrial production,1.3031
2020-12-31,activity,Industrial production,1.1727
2021-01-31,activity,Industrial production,1.2665
2021-02-28,activity,Industrial production,0.5069
2021-03-31,activity,Industrial production,2.0251
2021-04-30,activity,Industrial production,1.551
2021-05-31,activity,Industrial production,1.2552
2021-06-30,activity,Industrial production,2.1354
2021-07-31,activity,Industrial production,0.7142
2021-08-31,activity,Industrial production,1.4333
2021-09-30,activity,Industrial production,2.0263
2021-10-31,activity,Industrial production,1.3882
2021-11-30,activity,Industrial production,0.3864
2021-12-31,activity,Industrial production,1.1377
2022-01-31,activity,Industrial production,2.2229
2022-02-28,activity,Industrial production,1.5814
2022-03-31,activity,Industrial production,0.8973
2022-04-30,activity,Industrial production,2.0145
2022-05-31,activity,Industrial production,1.9325
2022-06-30,activity,Industrial production,1.6989
2022-07-31,activity,Industrial production,1.8707
2022-08-31,activity,Industrial production,1.3523
2022-09-30,activity,Industrial production,2.1426
2022-10-31,activity,Industrial production,0.9057
2022-11-30,activity,Industrial production,0.8027
2022-12-31,activity,Industrial production,1.3596
2023-01-31,activity,Industrial production,-0.7358
2023-02-28,activity,Industrial production,1.1769
2023-03-31,activity,Industrial production,1.0534
2023-04-30,activity,Industrial production,0.8187
2023-05-31,activity,Industrial production,0.1164
2023-06-30,activity,Industrial production,1.6463
2023-07-31,activity,Industrial production,-0.2553
2023-08-31,activity,Industrial production,0.1632
2023-09-30,activity,Industrial production,0.9953
2023-10-31,activity,Industrial production,0.4339
2023-11-30,activity,Industrial production,-0.1389
2023-12-31,activity,Industrial production,0.7758
2024-01-31,activity,Industrial production,0.4107
2024-02-29,activity,Industrial production,0.9298
2024-03-31,activity,Industrial production,0.7447
2024-04-30,activity,Industrial production,0.2765
2024-05-31,activity,Industrial production,-0.0209
2024-06-30,activity,Industrial production,1.6512
2024-07-31,activity,Industrial production,-0.4777
2024-08-31,activity,Industrial production,1.0834
2024-09-30,activity,Industrial production,0.1041
2024-10-31,activity,Industrial production,0.0891
2024-11-30,activity,Industrial production,0.6715
2024-12-31,activity,Industrial production,1.5853
2025-01-31,activity,Industrial production,0.6149
2025-02-28,activity,Industrial production,1.1965
2025-03-31,activity,Industrial production,0.8751
2025-04-30,activity,Industrial production,0.2145
2025-05-31,activity,Industrial production,0.7951
2025-06-30,activity,Industrial production,0.5373
2025-07-31,activity,Industrial production,0.3052
2025-08-31,activity,Industrial production,0.7845
2025-09-30,activity,Industrial production,0.2208
2025-10-31,activity,Industrial production,0.19
2025-11-30,activity,Industrial production,1.4381
2025-12-31,activity,Industrial production,1.3607
2026-01-31,activity,Industrial production,0.5836
2026-02-28,activity,Industrial production,0.5603
2026-03-31,activity,Industrial production,1.676
2026-04-30,activity,Industrial production,1.0624
2026-05-31,activity,Industrial production,-0.1108
2026-06-30,activity,Industrial production,0.4521
2026-07-31,activity,Industrial production,0.1569
2018-01-31,activity,Real GDP,1.2451
2018-02-28,activity,Real GDP,1.1336
2018-03-31,activity,Real GDP,1.1252
2018-04-30,activity,Real GDP,-0.623
2018-05-31,activity,Real GDP,0.9932
2018-06-30,activity,Real GDP,0.8482
2018-07-31,activity,Real GDP,0.7442
2018-08-31,activity,Real GDP,0.9887
2018-09-30,activity,Real GDP,1.524
2018-10-31,activity,Real GDP,0.9408
2018-11-30,activity,Real GDP,1.553
2018-12-31,activity,Real GDP,1.3458
2019-01-31,activity,Real GDP,1.446
2019-02-28,activity,Real GDP,1.2373
2019-03-31,activity,Real GDP,0.168
2019-04-30,activity,Real GDP,2.4582
2019-05-31,activity,Real GDP,1.1604
2019-06-30,activity,Real GDP,2.1756
2019-07-31,activity,Real GDP,1.6508
2019-08-31,activity,Real GDP,0.917
2019-09-30,activity,Real GDP,1.5939
2019-10-31,activity,Real GDP,2.2405
2019-11-30,activity,Real GDP,2.0729
2019-12-31,activity,Real GDP,1.5252
2020-01-31,activity,Real GDP,2.0262
2020-02-29,activity,Real GDP,1.4561
2020-03-31,activity,Real GDP,1.42
2020-04-30,activity,Real GDP,1.7269
2020-05-31,activity,Real GDP,0.1923
2020-06-30,activity,Real GDP,1.0529
2020-07-31,activity,Real GDP,2.3625
2020-08-31,activity,Real GDP,1.1122
2020-09-30,activity,Real GDP,1.4546
2020-10-31,activity,Real GDP,0.7986
2020-11-30,activity,Real GDP,1.7554
2020-12-31,activity,Real GDP,1.68
2021-01-31,activity,Real GDP,1.7044
2021-02-28,activity,Real GDP,1.5074
2021-03-31,activity,Real GDP,2.346
2021-04-30,activity,Real GDP,1.6238
2021-05-31,activity,Real GDP,1.7317
2021-06-30,activity,Real GDP,1.723
2021-07-31,activity,Real GDP,0.4909
2021-08-31,activity,Real GDP,1.1111
2021-09-30,activity,Real GDP,1.9471
2021-10-31,activity,Real GDP,1.0231
2021-11-30,activity,Real GDP,0.4492
2021-12-31,activity,Real GDP,0.9696
2022-01-31,activity,Real GDP,2.1114
2022-02-28,activity,Real GDP,1.4191
2022-03-31,activity,Real GDP,0.5421
2022-04-30,activity,Real GDP,1.5626
2022-05-31,activity,Real GDP,1.248
2022-06-30,activity,Real GDP,1.1047
2022-07-31,activity,Real GDP,2.0667
2022-08-31,activity,Real GDP,1.5612
2022-09-30,activity,Real GDP,2.4848
2022-10-31,activity,Real GDP,1.7933
2022-11-30,activity,Real GDP,1.3563
2022-12-31,activity,Real GDP,2.1447
2023-01-31,activity,Real GDP,0.6164
2023-02-28,activity,Real GDP,2.2443
2023-03-31,activity,Real GDP,1.6404
2023-04-30,activity,Real GDP,1.4812
2023-05-31,activity,Real GDP,0.8718
2023-06-30,activity,Real GDP,2.2644
2023-07-31,activity,Real GDP,0.965
2023-08-31,activity,Real GDP,1.451
2023-09-30,activity,Real GDP,2.002
2023-10-31,activity,Real GDP,1.2304
2023-11-30,activity,Real GDP,1.2197
2023-12-31,activity,Real GDP,1.4892
2024-01-31,activity,Real GDP,1.2245
2024-02-29,activity,Real GDP,1.6754
2024-03-31,activity,Real GDP,1.45
2024-04-30,activity,Real GDP,1.1632
2024-05-31,activity,Real GDP,0.7416
2024-06-30,activity,Real GDP,2.2921
2024-07-31,activity,Real GDP,0.6229
2024-08-31,activity,Real GDP,2.5689
2024-09-30,activity,Real GDP,1.7951
2024-10-31,activity,Real GDP,1.4472
2024-11-30,activity,Real GDP,1.7479
2024-12-31,activity,Real GDP,2.1592
2025-01-31,activity,Real GDP,1.7544
2025-02-28,activity,Real GDP,1.7085
2025-03-31,activity,Real GDP,1.9596
2025-04-30,activity,Real GDP,1.429
2025-05-31,activity,Real GDP,1.5989
2025-06-30,activity,Real GDP,2.0313
2025-07-31,activity,Real GDP,1.3901
2025-08-31,activity,Real GDP,1.5001
2025-09-30,activity,Real GDP,1.1197
2025-10-31,activity,Real GDP,1.2843
2025-11-30,activity,Real GDP,1.9445
2025-12-31,activity,Real GDP,1.8057
2026-01-31,activity,Real GDP,1.1347
2026-02-28,activity,Real GDP,1.2423
2026-03-31,activity,Real GDP,1.717
2026-04-30,activity,Real GDP,1.6284
2026-05-31,activity,Real GDP,1.1034
2026-06-30,activity,Real GDP,1.7472
2026-07-31,activity,Real GDP,1.1846
2018-01-31,activity,Retail sales,1.0676
2018-02-28,activity,Retail sales,0.5589
2018-03-31,activity,Retail sales,0.918
2018-04-30,activity,Retail sales,-2.7368
2018-05-31,activity,Retail sales,-0.0925
2018-06-30,activity,Retail sales,-0.209
2018-07-31,activity,Retail sales,-0.2413
2018-08-31,activity,Retail sales,0.1417
2018-09-30,activity,Retail sales,1.4999
2018-10-31,activity,Retail sales,0.37
2018-11-30,activity,Retail sales,0.8595
2018-12-31,activity,Retail sales,1.3594
2019-01-31,activity,Retail sales,2.0903
2019-02-28,activity,Retail sales,1.5018
2019-03-31,activity,Retail sales,-1.2779
2019-04-30,activity,Retail sales,3.1357
2019-05-31,activity,Retail sales,2.0958
2019-06-30,activity,Retail sales,3.5423
2019-07-31,activity,Retail sales,2.7993
2019-08-31,activity,Retail sales,1.8957
2019-09-30,activity,Retail sales,3.3394
2019-10-31,activity,Retail sales,4.8752
2019-11-30,activity,Retail sales,3.8317
2019-12-31,activity,Retail sales,2.6106
2020-01-31,activity,Retail sales,3.2299
2020-02-29,activity,Retail sales,2.3612
2020-03-31,activity,Retail sales,1.4962
2020-04-30,activity,Retail sales,1.8689
2020-05-31,activity,Retail sales,-0.1395
2020-06-30,activity,Retail sales,1.2775
2020-07-31,activity,Retail sales,3.7945
2020-08-31,activity,Retail sales,2.0031
2020-09-30,activity,Retail sales,2.278
2020-10-31,activity,Retail sales,1.9261
2020-11-30,activity,Retail sales,3.4538
2020-12-31,activity,Retail sales,2.785
2021-01-31,activity,Retail sales,2.9443
2021-02-28,activity,Retail sales,2.1272
2021-03-31,activity,Retail sales,3.8972
2021-04-30,activity,Retail sales,2.9544
2021-05-31,activity,Retail sales,2.7273
2021-06-30,activity,Retail sales,1.7674
2021-07-31,activity,Retail sales,0.4049
2021-08-31,activity,Retail sales,1.9894
2021-09-30,activity,Retail sales,3.5937
2021-10-31,activity,Retail sales,1.9142
2021-11-30,activity,Retail sales,1.5406
2021-12-31,activity,Retail sales,2.5398
2022-01-31,activity,Retail sales,4.2062
2022-02-28,activity,Retail sales,3.0079
2022-03-31,activity,Retail sales,1.9964
2022-04-30,activity,Retail sales,2.3685
2022-05-31,activity,Retail sales,2.4499
2022-06-30,activity,Retail sales,2.3484
2022-07-31,activity,Retail sales,2.508
2022-08-31,activity,Retail sales,0.9689
2022-09-30,activity,Retail sales,2.4514
2022-10-31,activity,Retail sales,1.2525
2022-11-30,activity,Retail sales,1.1382
2022-12-31,activity,Retail sales,2.3415
2023-01-31,activity,Retail sales,0.0649
2023-02-28,activity,Retail sales,2.3163
2023-03-31,activity,Retail sales,1.5237
2023-04-30,activity,Retail sales,1.1377
2023-05-31,activity,Retail sales,0.8778
2023-06-30,activity,Retail sales,2.4142
2023-07-31,activity,Retail sales,0.6427
2023-08-31,activity,Retail sales,1.1262
2023-09-30,activity,Retail sales,1.5554
2023-10-31,activity,Retail sales,0.2709
2023-11-30,activity,Retail sales,0.7814
2023-12-31,activity,Retail sales,0.8954
2024-01-31,activity,Retail sales,2.3573
2024-02-29,activity,Retail sales,2.3331
2024-03-31,activity,Retail sales,1.4245
2024-04-30,activity,Retail sales,1.2055
2024-05-31,activity,Retail sales,0.8029
2024-06-30,activity,Retail sales,3.6065
2024-07-31,activity,Retail sales,1.8082
2024-08-31,activity,Retail sales,5.2602
2024-09-30,activity,Retail sales,3.9543
2024-10-31,activity,Retail sales,2.5314
2024-11-30,activity,Retail sales,2.6001
2024-12-31,activity,Retail sales,3.562
2025-01-31,activity,Retail sales,3.672
2025-02-28,activity,Retail sales,3.6588
2025-03-31,activity,Retail sales,4.2123
2025-04-30,activity,Retail sales,3.4662
2025-05-31,activity,Retail sales,3.1195
2025-06-30,activity,Retail sales,3.316
2025-07-31,activity,Retail sales,2.5513
2025-08-31,activity,Retail sales,2.4402
2025-09-30,activity,Retail sales,1.6225
2025-10-31,activity,Retail sales,2.2263
2025-11-30,activity,Retail sales,3.428
2025-12-31,activity,Retail sales,2.1486
2026-01-31,activity,Retail sales,1.15
2026-02-28,activity,Retail sales,0.729
2026-03-31,activity,Retail sales,0.7014
2026-04-30,activity,Retail sales,0.6832
2026-05-31,activity,Retail sales,-0.2436
2026-06-30,activity,Retail sales,1.1531
2026-07-31,activity,Retail sales,0.5886
2018-01-31,aifirms,A1,79.0392
2018-02-28,aifirms,A1,77.1283
2018-03-31,aifirms,A1,75.5131
2018-04-30,aifirms,A1,67.7892
2018-05-31,aifirms,A1,91.1833
2018-06-30,aifirms,A1,74.4694
2018-07-31,aifirms,A1,93.8318
2018-08-31,aifirms,A1,101.586
2018-09-30,aifirms,A1,95.1267
2018-10-31,aifirms,A1,100.7358
2018-11-30,aifirms,A1,90.8199
2018-12-31,aifirms,A1,83.7611
2019-01-31,aifirms,A1,88.2416
2019-02-28,aifirms,A1,100.3541
2019-03-31,aifirms,A1,109.9453
2019-04-30,aifirms,A1,109.8647
2019-05-31,aifirms,A1,150.3161
2019-06-30,aifirms,A1,139.4507
2019-07-31,aifirms,A1,162.9096
2019-08-31,aifirms,A1,137.1903
2019-09-30,aifirms,A1,144.5557
2019-10-31,aifirms,A1,131.0901
2019-11-30,aifirms,A1,123.2441
2019-12-31,aifirms,A1,105.8429
2020-01-31,aifirms,A1,110.188
2020-02-29,aifirms,A1,114.3586
2020-03-31,aifirms,A1,109.2882
2020-04-30,aifirms,A1,105.2026
2020-05-31,aifirms,A1,87.5577
2020-06-30,aifirms,A1,85.4408
2020-07-31,aifirms,A1,90.0806
2020-08-31,aifirms,A1,88.2727
2020-09-30,aifirms,A1,74.3322
2020-10-31,aifirms,A1,84.2347
2020-11-30,aifirms,A1,79.7875
2020-12-31,aifirms,A1,69.6847
2021-01-31,aifirms,A1,67.1639
2021-02-28,aifirms,A1,63.6833
2021-03-31,aifirms,A1,60.3221
2021-04-30,aifirms,A1,69.48
2021-05-31,aifirms,A1,78.3902
2021-06-30,aifirms,A1,82.7958
2021-07-31,aifirms,A1,85.2412
2021-08-31,aifirms,A1,93.7242
2021-09-30,aifirms,A1,97.5325
2021-10-31,aifirms,A1,91.0998
2021-11-30,aifirms,A1,86.1641
2021-12-31,aifirms,A1,94.4887
2022-01-31,aifirms,A1,101.3518
2022-02-28,aifirms,A1,103.9589
2022-03-31,aifirms,A1,117.9625
2022-04-30,aifirms,A1,120.7241
2022-05-31,aifirms,A1,119.5816
2022-06-30,aifirms,A1,125.4289
2022-07-31,aifirms,A1,142.3758
2022-08-31,aifirms,A1,136.881
2022-09-30,aifirms,A1,128.3205
2022-10-31,aifirms,A1,117.5203
2022-11-30,aifirms,A1,99.9071
2022-12-31,aifirms,A1,93.612
2023-01-31,aifirms,A1,120.3189
2023-02-28,aifirms,A1,129.2945
2023-03-31,aifirms,A1,110.6144
2023-04-30,aifirms,A1,130.3577
2023-05-31,aifirms,A1,137.6705
2023-06-30,aifirms,A1,158.728
2023-07-31,aifirms,A1,143.835
2023-08-31,aifirms,A1,159.8101
2023-09-30,aifirms,A1,176.989
2023-10-31,aifirms,A1,162.0658
2023-11-30,aifirms,A1,158.1125
2023-12-31,aifirms,A1,141.8034
2024-01-31,aifirms,A1,143.8971
2024-02-29,aifirms,A1,105.8246
2024-03-31,aifirms,A1,120.6602
2024-04-30,aifirms,A1,152.1552
2024-05-31,aifirms,A1,174.1508
2024-06-30,aifirms,A1,208.2581
2024-07-31,aifirms,A1,220.6181
2024-08-31,aifirms,A1,240.1322
2024-09-30,aifirms,A1,253.053
2024-10-31,aifirms,A1,244.6089
2024-11-30,aifirms,A1,244.1235
2024-12-31,aifirms,A1,252.6672
2025-01-31,aifirms,A1,253.2946
2025-02-28,aifirms,A1,215.5776
2025-03-31,aifirms,A1,199.7999
2025-04-30,aifirms,A1,215.5998
2025-05-31,aifirms,A1,235.4038
2025-06-30,aifirms,A1,237.2675
2025-07-31,aifirms,A1,232.372
2025-08-31,aifirms,A1,247.4068
2025-09-30,aifirms,A1,298.6543
2025-10-31,aifirms,A1,241.4796
2025-11-30,aifirms,A1,240.731
2025-12-31,aifirms,A1,250.0134
2026-01-31,aifirms,A1,283.7774
2026-02-28,aifirms,A1,289.4315
2026-03-31,aifirms,A1,270.0603
2026-04-30,aifirms,A1,320.361
2026-05-31,aifirms,A1,293.2488
2026-06-30,aifirms,A1,299.4787
2026-07-31,aifirms,A1,289.4583
2018-01-31,aifirms,A2,94.377
2018-02-28,aifirms,A2,86.7769
2018-03-31,aifirms,A2,83.1287
2018-04-30,aifirms,A2,82.4974
2018-05-31,aifirms,A2,86.1031
2018-06-30,aifirms,A2,89.8206
2018-07-31,aifirms,A2,106.8303
2018-08-31,aifirms,A2,114.4777
2018-09-30,aifirms,A2,104.3659
2018-10-31,aifirms,A2,100.7141
2018-11-30,aifirms,A2,98.251
2018-12-31,aifirms,A2,81.9508
2019-01-31,aifirms,A2,75.5837
2019-02-28,aifirms,A2,79.9167
2019-03-31,aifirms,A2,80.6685
2019-04-30,aifirms,A2,91.2593
2019-05-31,aifirms,A2,111.6816
2019-06-30,aifirms,A2,109.142
2019-07-31,aifirms,A2,125.025
2019-08-31,aifirms,A2,111.9492
2019-09-30,aifirms,A2,130.3762
2019-10-31,aifirms,A2,106.7208
2019-11-30,aifirms,A2,124.8523
2019-12-31,aifirms,A2,149.1737
2020-01-31,aifirms,A2,134.2595
2020-02-29,aifirms,A2,132.4609
2020-03-31,aifirms,A2,121.6569
2020-04-30,aifirms,A2,101.0773
2020-05-31,aifirms,A2,95.5556
2020-06-30,aifirms,A2,121.4989
2020-07-31,aifirms,A2,111.7984
2020-08-31,aifirms,A2,125.9557
2020-09-30,aifirms,A2,108.4678
2020-10-31,aifirms,A2,110.5539
2020-11-30,aifirms,A2,117.9979
2020-12-31,aifirms,A2,129.942
2021-01-31,aifirms,A2,163.0082
2021-02-28,aifirms,A2,173.2564
2021-03-31,aifirms,A2,143.7216
2021-04-30,aifirms,A2,127.2384
2021-05-31,aifirms,A2,130.327
2021-06-30,aifirms,A2,135.406
2021-07-31,aifirms,A2,146.8939
2021-08-31,aifirms,A2,160.1431
2021-09-30,aifirms,A2,179.5381
2021-10-31,aifirms,A2,163.9835
2021-11-30,aifirms,A2,152.4801
2021-12-31,aifirms,A2,165.4541
2022-01-31,aifirms,A2,129.7577
2022-02-28,aifirms,A2,123.2222
2022-03-31,aifirms,A2,111.4489
2022-04-30,aifirms,A2,132.7392
2022-05-31,aifirms,A2,136.0296
2022-06-30,aifirms,A2,153.9612
2022-07-31,aifirms,A2,177.7577
2022-08-31,aifirms,A2,135.5728
2022-09-30,aifirms,A2,136.7704
2022-10-31,aifirms,A2,137.4148
2022-11-30,aifirms,A2,126.6806
2022-12-31,aifirms,A2,136.7672
2023-01-31,aifirms,A2,153.2508
2023-02-28,aifirms,A2,184.4678
2023-03-31,aifirms,A2,190.1989
2023-04-30,aifirms,A2,172.1824
2023-05-31,aifirms,A2,143.9037
2023-06-30,aifirms,A2,142.1615
2023-07-31,aifirms,A2,110.1826
2023-08-31,aifirms,A2,120.6377
2023-09-30,aifirms,A2,163.8491
2023-10-31,aifirms,A2,174.7554
2023-11-30,aifirms,A2,178.3356
2023-12-31,aifirms,A2,157.0089
2024-01-31,aifirms,A2,159.6922
2024-02-29,aifirms,A2,124.1432
2024-03-31,aifirms,A2,165.8958
2024-04-30,aifirms,A2,171.2978
2024-05-31,aifirms,A2,166.6247
2024-06-30,aifirms,A2,163.0965
2024-07-31,aifirms,A2,143.6113
2024-08-31,aifirms,A2,144.492
2024-09-30,aifirms,A2,224.8911
2024-10-31,aifirms,A2,198.2464
2024-11-30,aifirms,A2,188.378
2024-12-31,aifirms,A2,191.2032
2025-01-31,aifirms,A2,230.3233
2025-02-28,aifirms,A2,285.6861
2025-03-31,aifirms,A2,286.3748
2025-04-30,aifirms,A2,310.2006
2025-05-31,aifirms,A2,355.1774
2025-06-30,aifirms,A2,318.528
2025-07-31,aifirms,A2,280.7985
2025-08-31,aifirms,A2,415.7363
2025-09-30,aifirms,A2,413.0788
2025-10-31,aifirms,A2,397.9871
2025-11-30,aifirms,A2,349.8125
2025-12-31,aifirms,A2,450.2533
2026-01-31,aifirms,A2,565.7218
2026-02-28,aifirms,A2,527.2657
2026-03-31,aifirms,A2,495.9794
2026-04-30,aifirms,A2,535.4416
2026-05-31,aifirms,A2,485.4888
2026-06-30,aifirms,A2,427.5611
2026-07-31,aifirms,A2,419.9169
2018-01-31,aifirms,A3,94.3161
2018-02-28,aifirms,A3,92.249
2018-03-31,aifirms,A3,77.1862
2018-04-30,aifirms,A3,68.0443
2018-05-31,aifirms,A3,74.9425
2018-06-30,aifirms,A3,63.884
2018-07-31,aifirms,A3,70.7303
2018-08-31,aifirms,A3,80.8448
2018-09-30,aifirms,A3,87.6735
2018-10-31,aifirms,A3,78.4769
2018-11-30,aifirms,A3,77.1674
2018-12-31,aifirms,A3,72.9123
2019-01-31,aifirms,A3,67.6995
2019-02-28,aifirms,A3,66.6012
2019-03-31,aifirms,A3,73.7159
2019-04-30,aifirms,A3,74.5649
2019-05-31,aifirms,A3,98.7659
2019-06-30,aifirms,A3,96.7294
2019-07-31,aifirms,A3,114.7164
2019-08-31,aifirms,A3,112.506
2019-09-30,aifirms,A3,117.5228
2019-10-31,aifirms,A3,122.6273
2019-11-30,aifirms,A3,144.7059
2019-12-31,aifirms,A3,131.4027
2020-01-31,aifirms,A3,117.8893
2020-02-29,aifirms,A3,127.0321
2020-03-31,aifirms,A3,146.9515
2020-04-30,aifirms,A3,120.1521
2020-05-31,aifirms,A3,129.463
2020-06-30,aifirms,A3,147.9984
2020-07-31,aifirms,A3,131.6473
2020-08-31,aifirms,A3,113.9192
2020-09-30,aifirms,A3,112.9871
2020-10-31,aifirms,A3,93.647
2020-11-30,aifirms,A3,93.1439
2020-12-31,aifirms,A3,80.3456
2021-01-31,aifirms,A3,74.8225
2021-02-28,aifirms,A3,68.2584
2021-03-31,aifirms,A3,66.2675
2021-04-30,aifirms,A3,73.8732
2021-05-31,aifirms,A3,71.2896
2021-06-30,aifirms,A3,80.1729
2021-07-31,aifirms,A3,87.2677
2021-08-31,aifirms,A3,83.869
2021-09-30,aifirms,A3,106.3878
2021-10-31,aifirms,A3,99.4073
2021-11-30,aifirms,A3,97.5521
2021-12-31,aifirms,A3,109.6567
2022-01-31,aifirms,A3,109.7955
2022-02-28,aifirms,A3,113.1771
2022-03-31,aifirms,A3,108.5211
2022-04-30,aifirms,A3,115.7452
2022-05-31,aifirms,A3,122.1465
2022-06-30,aifirms,A3,126.5176
2022-07-31,aifirms,A3,139.361
2022-08-31,aifirms,A3,145.9543
2022-09-30,aifirms,A3,131.9804
2022-10-31,aifirms,A3,109.4482
2022-11-30,aifirms,A3,105.1029
2022-12-31,aifirms,A3,94.6379
2023-01-31,aifirms,A3,120.9138
2023-02-28,aifirms,A3,135.6465
2023-03-31,aifirms,A3,120.8813
2023-04-30,aifirms,A3,130.9101
2023-05-31,aifirms,A3,123.5084
2023-06-30,aifirms,A3,113.617
2023-07-31,aifirms,A3,100.4652
2023-08-31,aifirms,A3,136.4172
2023-09-30,aifirms,A3,147.9003
2023-10-31,aifirms,A3,154.0731
2023-11-30,aifirms,A3,154.0248
2023-12-31,aifirms,A3,165.9427
2024-01-31,aifirms,A3,162.0898
2024-02-29,aifirms,A3,151.5614
2024-03-31,aifirms,A3,197.4718
2024-04-30,aifirms,A3,170.7713
2024-05-31,aifirms,A3,175.0938
2024-06-30,aifirms,A3,208.9743
2024-07-31,aifirms,A3,255.3051
2024-08-31,aifirms,A3,304.8987
2024-09-30,aifirms,A3,365.3656
2024-10-31,aifirms,A3,299.3955
2024-11-30,aifirms,A3,280.4049
2024-12-31,aifirms,A3,395.0457
2025-01-31,aifirms,A3,334.9869
2025-02-28,aifirms,A3,347.5994
2025-03-31,aifirms,A3,353.3814
2025-04-30,aifirms,A3,331.1735
2025-05-31,aifirms,A3,314.0586
2025-06-30,aifirms,A3,253.7114
2025-07-31,aifirms,A3,221.8964
2025-08-31,aifirms,A3,318.7531
2025-09-30,aifirms,A3,303.0021
2025-10-31,aifirms,A3,349.2082
2025-11-30,aifirms,A3,347.7657
2025-12-31,aifirms,A3,408.7303
2026-01-31,aifirms,A3,423.949
2026-02-28,aifirms,A3,466.9728
2026-03-31,aifirms,A3,419.8731
2026-04-30,aifirms,A3,394.0229
2026-05-31,aifirms,A3,392.9627
2026-06-30,aifirms,A3,401.0372
2026-07-31,aifirms,A3,428.7301
2018-01-31,aifirms,A4,110.053
2018-02-28,aifirms,A4,108.8709
2018-03-31,aifirms,A4,120.8482
2018-04-30,aifirms,A4,128.6771
2018-05-31,aifirms,A4,134.0645
2018-06-30,aifirms,A4,141.9121
2018-07-31,aifirms,A4,150.3387
2018-08-31,aifirms,A4,157.586
2018-09-30,aifirms,A4,131.2216
2018-10-31,aifirms,A4,148.7959
2018-11-30,aifirms,A4,121.1803
2018-12-31,aifirms,A4,103.6939
2019-01-31,aifirms,A4,98.2705
2019-02-28,aifirms,A4,104.54
2019-03-31,aifirms,A4,93.4408
2019-04-30,aifirms,A4,97.0165
2019-05-31,aifirms,A4,116.3274
2019-06-30,aifirms,A4,101.6794
2019-07-31,aifirms,A4,138.0951
2019-08-31,aifirms,A4,127.7862
2019-09-30,aifirms,A4,117.282
2019-10-31,aifirms,A4,103.1901
2019-11-30,aifirms,A4,146.2718
2019-12-31,aifirms,A4,120.0456
2020-01-31,aifirms,A4,116.9523
2020-02-29,aifirms,A4,144.9502
2020-03-31,aifirms,A4,144.9077
2020-04-30,aifirms,A4,149.4197
2020-05-31,aifirms,A4,133.1824
2020-06-30,aifirms,A4,140.8432
2020-07-31,aifirms,A4,124.6662
2020-08-31,aifirms,A4,107.268
2020-09-30,aifirms,A4,108.5656
2020-10-31,aifirms,A4,118.9911
2020-11-30,aifirms,A4,127.1373
2020-12-31,aifirms,A4,124.9916
2021-01-31,aifirms,A4,135.6287
2021-02-28,aifirms,A4,140.3282
2021-03-31,aifirms,A4,111.8629
2021-04-30,aifirms,A4,109.1513
2021-05-31,aifirms,A4,114.5977
2021-06-30,aifirms,A4,126.2343
2021-07-31,aifirms,A4,122.0234
2021-08-31,aifirms,A4,120.7104
2021-09-30,aifirms,A4,157.1887
2021-10-31,aifirms,A4,183.0317
2021-11-30,aifirms,A4,154.007
2021-12-31,aifirms,A4,138.9651
2022-01-31,aifirms,A4,128.1001
2022-02-28,aifirms,A4,140.0543
2022-03-31,aifirms,A4,143.9345
2022-04-30,aifirms,A4,127.7901
2022-05-31,aifirms,A4,162.0563
2022-06-30,aifirms,A4,204.342
2022-07-31,aifirms,A4,172.1516
2022-08-31,aifirms,A4,156.0272
2022-09-30,aifirms,A4,156.401
2022-10-31,aifirms,A4,146.2442
2022-11-30,aifirms,A4,135.8162
2022-12-31,aifirms,A4,152.7042
2023-01-31,aifirms,A4,185.6294
2023-02-28,aifirms,A4,215.2527
2023-03-31,aifirms,A4,182.7574
2023-04-30,aifirms,A4,218.1295
2023-05-31,aifirms,A4,198.0166
2023-06-30,aifirms,A4,189.4029
2023-07-31,aifirms,A4,187.6272
2023-08-31,aifirms,A4,238.0332
2023-09-30,aifirms,A4,255.2727
2023-10-31,aifirms,A4,272.3547
2023-11-30,aifirms,A4,264.2796
2023-12-31,aifirms,A4,204.162
2024-01-31,aifirms,A4,149.8549
2024-02-29,aifirms,A4,145.5204
2024-03-31,aifirms,A4,135.4915
2024-04-30,aifirms,A4,152.7779
2024-05-31,aifirms,A4,162.8158
2024-06-30,aifirms,A4,169.2848
2024-07-31,aifirms,A4,191.8905
2024-08-31,aifirms,A4,170.4847
2024-09-30,aifirms,A4,203.4498
2024-10-31,aifirms,A4,230.619
2024-11-30,aifirms,A4,242.2192
2024-12-31,aifirms,A4,277.2828
2025-01-31,aifirms,A4,281.2621
2025-02-28,aifirms,A4,317.4424
2025-03-31,aifirms,A4,279.8592
2025-04-30,aifirms,A4,370.5017
2025-05-31,aifirms,A4,350.9264
2025-06-30,aifirms,A4,323.8762
2025-07-31,aifirms,A4,320.2547
2025-08-31,aifirms,A4,387.6968
2025-09-30,aifirms,A4,429.2912
2025-10-31,aifirms,A4,327.8432
2025-11-30,aifirms,A4,343.3897
2025-12-31,aifirms,A4,341.0079
2026-01-31,aifirms,A4,394.3036
2026-02-28,aifirms,A4,466.5976
2026-03-31,aifirms,A4,445.3078
2026-04-30,aifirms,A4,426.306
2026-05-31,aifirms,A4,382.9375
2026-06-30,aifirms,A4,394.8185
2026-07-31,aifirms,A4,385.5446
2018-01-31,aifirms,A5,72.2205
2018-02-28,aifirms,A5,74.0904
2018-03-31,aifirms,A5,85.7478
2018-04-30,aifirms,A5,91.7882
2018-05-31,aifirms,A5,82.6556
2018-06-30,aifirms,A5,78.5647
2018-07-31,aifirms,A5,87.3677
2018-08-31,aifirms,A5,74.3825
2018-09-30,aifirms,A5,80.2508
2018-10-31,aifirms,A5,78.7981
2018-11-30,aifirms,A5,78.9557
2018-12-31,aifirms,A5,83.2832
2019-01-31,aifirms,A5,65.8732
2019-02-28,aifirms,A5,79.8241
2019-03-31,aifirms,A5,96.0406
2019-04-30,aifirms,A5,102.299
2019-05-31,aifirms,A5,103.2313
2019-06-30,aifirms,A5,89.7907
2019-07-31,aifirms,A5,110.3921
2019-08-31,aifirms,A5,83.4461
2019-09-30,aifirms,A5,79.2488
2019-10-31,aifirms,A5,65.2803
2019-11-30,aifirms,A5,75.2033
2019-12-31,aifirms,A5,75.6545
2020-01-31,aifirms,A5,69.0123
2020-02-29,aifirms,A5,97.5721
2020-03-31,aifirms,A5,94.7581
2020-04-30,aifirms,A5,102.5466
2020-05-31,aifirms,A5,104.7554
2020-06-30,aifirms,A5,106.3653
2020-07-31,aifirms,A5,78.1283
2020-08-31,aifirms,A5,84.3325
2020-09-30,aifirms,A5,80.0992
2020-10-31,aifirms,A5,79.4107
2020-11-30,aifirms,A5,79.7933
2020-12-31,aifirms,A5,67.6865
2021-01-31,aifirms,A5,71.8222
2021-02-28,aifirms,A5,80.5838
2021-03-31,aifirms,A5,85.2014
2021-04-30,aifirms,A5,82.7166
2021-05-31,aifirms,A5,82.1156
2021-06-30,aifirms,A5,85.4655
2021-07-31,aifirms,A5,87.0007
2021-08-31,aifirms,A5,97.8216
2021-09-30,aifirms,A5,87.7517
2021-10-31,aifirms,A5,93.4153
2021-11-30,aifirms,A5,82.3782
2021-12-31,aifirms,A5,81.8151
2022-01-31,aifirms,A5,77.0251
2022-02-28,aifirms,A5,80.014
2022-03-31,aifirms,A5,99.6933
2022-04-30,aifirms,A5,123.585
2022-05-31,aifirms,A5,98.9901
2022-06-30,aifirms,A5,115.7903
2022-07-31,aifirms,A5,117.3453
2022-08-31,aifirms,A5,121.6796
2022-09-30,aifirms,A5,114.7673
2022-10-31,aifirms,A5,110.7739
2022-11-30,aifirms,A5,103.3902
2022-12-31,aifirms,A5,98.6062
2023-01-31,aifirms,A5,103.6084
2023-02-28,aifirms,A5,100.5634
2023-03-31,aifirms,A5,86.0932
2023-04-30,aifirms,A5,95.8868
2023-05-31,aifirms,A5,97.0706
2023-06-30,aifirms,A5,101.5274
2023-07-31,aifirms,A5,96.7681
2023-08-31,aifirms,A5,109.8416
2023-09-30,aifirms,A5,144.707
2023-10-31,aifirms,A5,125.2774
2023-11-30,aifirms,A5,139.4034
2023-12-31,aifirms,A5,114.9665
2024-01-31,aifirms,A5,103.8314
2024-02-29,aifirms,A5,108.984
2024-03-31,aifirms,A5,114.8523
2024-04-30,aifirms,A5,97.9357
2024-05-31,aifirms,A5,98.6758
2024-06-30,aifirms,A5,110.4413
2024-07-31,aifirms,A5,134.2494
2024-08-31,aifirms,A5,114.9902
2024-09-30,aifirms,A5,133.3926
2024-10-31,aifirms,A5,142.5853
2024-11-30,aifirms,A5,162.4429
2024-12-31,aifirms,A5,193.1756
2025-01-31,aifirms,A5,185.21
2025-02-28,aifirms,A5,188.5879
2025-03-31,aifirms,A5,190.0624
2025-04-30,aifirms,A5,240.6693
2025-05-31,aifirms,A5,211.9785
2025-06-30,aifirms,A5,217.9011
2025-07-31,aifirms,A5,190.7184
2025-08-31,aifirms,A5,207.5266
2025-09-30,aifirms,A5,200.0064
2025-10-31,aifirms,A5,184.4629
2025-11-30,aifirms,A5,229.3903
2025-12-31,aifirms,A5,247.105
2026-01-31,aifirms,A5,229.8016
2026-02-28,aifirms,A5,249.206
2026-03-31,aifirms,A5,213.0607
2026-04-30,aifirms,A5,242.0406
2026-05-31,aifirms,A5,216.3697
2026-06-30,aifirms,A5,241.5437
2026-07-31,aifirms,A5,273.1595
2018-01-31,aiidx,AI basket (synthetic),100.0
2018-02-28,aiidx,AI basket (synthetic),97.9627
2018-03-31,aiidx,AI basket (synthetic),98.162
2018-04-30,aiidx,AI basket (synthetic),100.4294
2018-05-31,aiidx,AI basket (synthetic),103.5512
2018-06-30,aiidx,AI basket (synthetic),99.7452
2018-07-31,aiidx,AI basket (synthetic),106.4843
2018-08-31,aiidx,AI basket (synthetic),107.7834
2018-09-30,aiidx,AI basket (synthetic),110.8423
2018-10-31,aiidx,AI basket (synthetic),108.9076
2018-11-30,aiidx,AI basket (synthetic),97.7563
2018-12-31,aiidx,AI basket (synthetic),94.5485
2019-01-31,aiidx,AI basket (synthetic),88.4435
2019-02-28,aiidx,AI basket (synthetic),93.2165
2019-03-31,aiidx,AI basket (synthetic),101.8788
2019-04-30,aiidx,AI basket (synthetic),111.0869
2019-05-31,aiidx,AI basket (synthetic),127.6727
2019-06-30,aiidx,AI basket (synthetic),112.5575
2019-07-31,aiidx,AI basket (synthetic),123.3369
2019-08-31,aiidx,AI basket (synthetic),116.1025
2019-09-30,aiidx,AI basket (synthetic),112.6961
2019-10-31,aiidx,AI basket (synthetic),106.4554
2019-11-30,aiidx,AI basket (synthetic),121.9345
2019-12-31,aiidx,AI basket (synthetic),115.0871
2020-01-31,aiidx,AI basket (synthetic),108.3776
2020-02-29,aiidx,AI basket (synthetic),125.9986
2020-03-31,aiidx,AI basket (synthetic),118.9141
2020-04-30,aiidx,AI basket (synthetic),120.0343
2020-05-31,aiidx,AI basket (synthetic),109.9932
2020-06-30,aiidx,AI basket (synthetic),112.0758
2020-07-31,aiidx,AI basket (synthetic),101.6815
2020-08-31,aiidx,AI basket (synthetic),97.6345
2020-09-30,aiidx,AI basket (synthetic),100.8286
2020-10-31,aiidx,AI basket (synthetic),102.1334
2020-11-30,aiidx,AI basket (synthetic),105.2575
2020-12-31,aiidx,AI basket (synthetic),93.5051
2021-01-31,aiidx,AI basket (synthetic),94.8995
2021-02-28,aiidx,AI basket (synthetic),96.5086
2021-03-31,aiidx,AI basket (synthetic),91.3323
2021-04-30,aiidx,AI basket (synthetic),95.2497
2021-05-31,aiidx,AI basket (synthetic),101.7959
2021-06-30,aiidx,AI basket (synthetic),108.4038
2021-07-31,aiidx,AI basket (synthetic),110.8342
2021-08-31,aiidx,AI basket (synthetic),107.837
2021-09-30,aiidx,AI basket (synthetic),120.0766
2021-10-31,aiidx,AI basket (synthetic),124.212
2021-11-30,aiidx,AI basket (synthetic),121.6252
2021-12-31,aiidx,AI basket (synthetic),128.0065
2022-01-31,aiidx,AI basket (synthetic),111.2658
2022-02-28,aiidx,AI basket (synthetic),107.8118
2022-03-31,aiidx,AI basket (synthetic),119.7684
2022-04-30,aiidx,AI basket (synthetic),129.187
2022-05-31,aiidx,AI basket (synthetic),137.2262
2022-06-30,aiidx,AI basket (synthetic),151.6661
2022-07-31,aiidx,AI basket (synthetic),152.7626
2022-08-31,aiidx,AI basket (synthetic),152.3882
2022-09-30,aiidx,AI basket (synthetic),144.0846
2022-10-31,aiidx,AI basket (synthetic),138.1321
2022-11-30,aiidx,AI basket (synthetic),134.0168
2022-12-31,aiidx,AI basket (synthetic),139.57
2023-01-31,aiidx,AI basket (synthetic),160.6756
2023-02-28,aiidx,AI basket (synthetic),169.1866
2023-03-31,aiidx,AI basket (synthetic),156.9696
2023-04-30,aiidx,AI basket (synthetic),170.9545
2023-05-31,aiidx,AI basket (synthetic),158.7482
2023-06-30,aiidx,AI basket (synthetic),166.0883
2023-07-31,aiidx,AI basket (synthetic),152.2882
2023-08-31,aiidx,AI basket (synthetic),184.2207
2023-09-30,aiidx,AI basket (synthetic),216.4471
2023-10-31,aiidx,AI basket (synthetic),210.5166
2023-11-30,aiidx,AI basket (synthetic),220.4017
2023-12-31,aiidx,AI basket (synthetic),195.176
2024-01-31,aiidx,AI basket (synthetic),198.2066
2024-02-29,aiidx,AI basket (synthetic),178.3656
2024-03-31,aiidx,AI basket (synthetic),185.2091
2024-04-30,aiidx,AI basket (synthetic),189.1488
2024-05-31,aiidx,AI basket (synthetic),187.1056
2024-06-30,aiidx,AI basket (synthetic),202.4009
2024-07-31,aiidx,AI basket (synthetic),224.94
2024-08-31,aiidx,AI basket (synthetic),235.0473
2024-09-30,aiidx,AI basket (synthetic),250.7697
2024-10-31,aiidx,AI basket (synthetic),236.0038
2024-11-30,aiidx,AI basket (synthetic),222.9087
2024-12-31,aiidx,AI basket (synthetic),245.7748
2025-01-31,aiidx,AI basket (synthetic),240.8568
2025-02-28,aiidx,AI basket (synthetic),254.8687
2025-03-31,aiidx,AI basket (synthetic),256.1003
2025-04-30,aiidx,AI basket (synthetic),297.7941
2025-05-31,aiidx,AI basket (synthetic),302.428
2025-06-30,aiidx,AI basket (synthetic),303.8279
2025-07-31,aiidx,AI basket (synthetic),267.8864
2025-08-31,aiidx,AI basket (synthetic),301.692
2025-09-30,aiidx,AI basket (synthetic),341.3912
2025-10-31,aiidx,AI basket (synthetic),351.1061
2025-11-30,aiidx,AI basket (synthetic),348.315
2025-12-31,aiidx,AI basket (synthetic),382.0768
2026-01-31,aiidx,AI basket (synthetic),406.5987
2026-02-28,aiidx,AI basket (synthetic),427.6735
2026-03-31,aiidx,AI basket (synthetic),409.5497
2026-04-30,aiidx,AI basket (synthetic),422.3685
2026-05-31,aiidx,AI basket (synthetic),403.751
2026-06-30,aiidx,AI basket (synthetic),428.143
2026-07-31,aiidx,AI basket (synthetic),451.4265
2018-01-31,beef,Ground beef,3.7048
2018-02-28,beef,Ground beef,3.6969
2018-03-31,beef,Ground beef,3.6704
2018-04-30,beef,Ground beef,3.6582
2018-05-31,beef,Ground beef,3.6398
2018-06-30,beef,Ground beef,3.7149
2018-07-31,beef,Ground beef,3.7112
2018-08-31,beef,Ground beef,3.7886
2018-09-30,beef,Ground beef,3.7637
2018-10-31,beef,Ground beef,3.7202
2018-11-30,beef,Ground beef,3.7632
2018-12-31,beef,Ground beef,3.7911
2019-01-31,beef,Ground beef,3.7798
2019-02-28,beef,Ground beef,3.7839
2019-03-31,beef,Ground beef,3.8143
2019-04-30,beef,Ground beef,3.8961
2019-05-31,beef,Ground beef,3.8191
2019-06-30,beef,Ground beef,3.8461
2019-07-31,beef,Ground beef,3.8009
2019-08-31,beef,Ground beef,3.855
2019-09-30,beef,Ground beef,3.7917
2019-10-31,beef,Ground beef,3.7276
2019-11-30,beef,Ground beef,3.8462
2019-12-31,beef,Ground beef,3.7682
2020-01-31,beef,Ground beef,3.7425
2020-02-29,beef,Ground beef,3.7667
2020-03-31,beef,Ground beef,3.8321
2020-04-30,beef,Ground beef,3.8355
2020-05-31,beef,Ground beef,3.8162
2020-06-30,beef,Ground beef,3.8078
2020-07-31,beef,Ground beef,3.8248
2020-08-31,beef,Ground beef,3.8169
2020-09-30,beef,Ground beef,3.7857
2020-10-31,beef,Ground beef,3.8306
2020-11-30,beef,Ground beef,3.862
2020-12-31,beef,Ground beef,3.9108
2021-01-31,beef,Ground beef,4.0022
2021-02-28,beef,Ground beef,3.9645
2021-03-31,beef,Ground beef,3.9158
2021-04-30,beef,Ground beef,3.9581
2021-05-31,beef,Ground beef,3.9667
2021-06-30,beef,Ground beef,3.9879
2021-07-31,beef,Ground beef,4.019
2021-08-31,beef,Ground beef,3.9775
2021-09-30,beef,Ground beef,3.9717
2021-10-31,beef,Ground beef,4.0739
2021-11-30,beef,Ground beef,4.073
2021-12-31,beef,Ground beef,4.0413
2022-01-31,beef,Ground beef,4.0172
2022-02-28,beef,Ground beef,3.9623
2022-03-31,beef,Ground beef,4.0209
2022-04-30,beef,Ground beef,4.0071
2022-05-31,beef,Ground beef,4.0062
2022-06-30,beef,Ground beef,4.0808
2022-07-31,beef,Ground beef,4.0888
2022-08-31,beef,Ground beef,4.1381
2022-09-30,beef,Ground beef,4.1352
2022-10-31,beef,Ground beef,4.17
2022-11-30,beef,Ground beef,4.1554
2022-12-31,beef,Ground beef,4.1581
2023-01-31,beef,Ground beef,4.1351
2023-02-28,beef,Ground beef,4.1852
2023-03-31,beef,Ground beef,4.1149
2023-04-30,beef,Ground beef,4.1929
2023-05-31,beef,Ground beef,4.2436
2023-06-30,beef,Ground beef,4.3136
2023-07-31,beef,Ground beef,4.2679
2023-08-31,beef,Ground beef,4.2213
2023-09-30,beef,Ground beef,4.1811
2023-10-31,beef,Ground beef,4.2083
2023-11-30,beef,Ground beef,4.2229
2023-12-31,beef,Ground beef,4.1845
2024-01-31,beef,Ground beef,4.2289
2024-02-29,beef,Ground beef,4.186
2024-03-31,beef,Ground beef,4.2282
2024-04-30,beef,Ground beef,4.271
2024-05-31,beef,Ground beef,4.277
2024-06-30,beef,Ground beef,4.2515
2024-07-31,beef,Ground beef,4.2678
2024-08-31,beef,Ground beef,4.2999
2024-09-30,beef,Ground beef,4.3272
2024-10-31,beef,Ground beef,4.2633
2024-11-30,beef,Ground beef,4.2998
2024-12-31,beef,Ground beef,4.3182
2025-01-31,beef,Ground beef,4.3236
2025-02-28,beef,Ground beef,4.333
2025-03-31,beef,Ground beef,4.363
2025-04-30,beef,Ground beef,4.3638
2025-05-31,beef,Ground beef,4.3661
2025-06-30,beef,Ground beef,4.3721
2025-07-31,beef,Ground beef,4.4048
2025-08-31,beef,Ground beef,4.3771
2025-09-30,beef,Ground beef,4.4225
2025-10-31,beef,Ground beef,4.3223
2025-11-30,beef,Ground beef,4.4366
2025-12-31,beef,Ground beef,4.4376
2026-01-31,beef,Ground beef,4.4371
2026-02-28,beef,Ground beef,4.4058
2026-03-31,beef,Ground beef,4.4434
2026-04-30,beef,Ground beef,4.4748
2026-05-31,beef,Ground beef,4.4979
2026-06-30,beef,Ground beef,4.4622
2026-07-31,beef,Ground beef,4.495
2018-01-31,bitcoin,Bitcoin,8000.0
2018-02-28,bitcoin,Bitcoin,5936.8783
2018-03-31,bitcoin,Bitcoin,5870.9985
2018-04-30,bitcoin,Bitcoin,8812.353
2018-05-31,bitcoin,Bitcoin,9219.1172
2018-06-30,bitcoin,Bitcoin,5671.2989
2018-07-31,bitcoin,Bitcoin,4437.5571
2018-08-31,bitcoin,Bitcoin,5783.1145
2018-09-30,bitcoin,Bitcoin,4882.5987
2018-10-31,bitcoin,Bitcoin,6256.0268
2018-11-30,bitcoin,Bitcoin,3263.6064
2018-12-31,bitcoin,Bitcoin,5320.1295
2019-01-31,bitcoin,Bitcoin,4827.8671
2019-02-28,bitcoin,Bitcoin,4890.0744
2019-03-31,bitcoin,Bitcoin,4380.8301
2019-04-30,bitcoin,Bitcoin,3803.0775
2019-05-31,bitcoin,Bitcoin,4972.5275
2019-06-30,bitcoin,Bitcoin,2124.9732
2019-07-31,bitcoin,Bitcoin,2881.314
2019-08-31,bitcoin,Bitcoin,2454.2423
2019-09-30,bitcoin,Bitcoin,3316.1279
2019-10-31,bitcoin,Bitcoin,8190.908
2019-11-30,bitcoin,Bitcoin,6635.2903
2019-12-31,bitcoin,Bitcoin,5029.0788
2020-01-31,bitcoin,Bitcoin,6179.1699
2020-02-29,bitcoin,Bitcoin,4425.5814
2020-03-31,bitcoin,Bitcoin,6353.955
2020-04-30,bitcoin,Bitcoin,5836.9221
2020-05-31,bitcoin,Bitcoin,5287.2809
2020-06-30,bitcoin,Bitcoin,5503.5807
2020-07-31,bitcoin,Bitcoin,7789.5764
2020-08-31,bitcoin,Bitcoin,6810.3817
2020-09-30,bitcoin,Bitcoin,12801.465
2020-10-31,bitcoin,Bitcoin,18331.0692
2020-11-30,bitcoin,Bitcoin,7823.9047
2020-12-31,bitcoin,Bitcoin,8096.342
2021-01-31,bitcoin,Bitcoin,6481.7765
2021-02-28,bitcoin,Bitcoin,4145.3698
2021-03-31,bitcoin,Bitcoin,5444.7223
2021-04-30,bitcoin,Bitcoin,8016.7651
2021-05-31,bitcoin,Bitcoin,6474.6689
2021-06-30,bitcoin,Bitcoin,5524.8793
2021-07-31,bitcoin,Bitcoin,6036.1871
2021-08-31,bitcoin,Bitcoin,7313.1511
2021-09-30,bitcoin,Bitcoin,5849.7514
2021-10-31,bitcoin,Bitcoin,5596.2903
2021-11-30,bitcoin,Bitcoin,5458.0467
2021-12-31,bitcoin,Bitcoin,5950.553
2022-01-31,bitcoin,Bitcoin,4853.0651
2022-02-28,bitcoin,Bitcoin,4217.7296
2022-03-31,bitcoin,Bitcoin,5206.5956
2022-04-30,bitcoin,Bitcoin,6133.5729
2022-05-31,bitcoin,Bitcoin,6228.2506
2022-06-30,bitcoin,Bitcoin,4601.3044
2022-07-31,bitcoin,Bitcoin,4843.7073
2022-08-31,bitcoin,Bitcoin,4648.7657
2022-09-30,bitcoin,Bitcoin,10751.6124
2022-10-31,bitcoin,Bitcoin,15318.3029
2022-11-30,bitcoin,Bitcoin,12682.316
2022-12-31,bitcoin,Bitcoin,14494.697
2023-01-31,bitcoin,Bitcoin,23899.7719
2023-02-28,bitcoin,Bitcoin,16979.526
2023-03-31,bitcoin,Bitcoin,19466.8924
2023-04-30,bitcoin,Bitcoin,10795.4457
2023-05-31,bitcoin,Bitcoin,14835.0256
2023-06-30,bitcoin,Bitcoin,17982.0043
2023-07-31,bitcoin,Bitcoin,15282.8039
2023-08-31,bitcoin,Bitcoin,11551.6871
2023-09-30,bitcoin,Bitcoin,24289.4112
2023-10-31,bitcoin,Bitcoin,38658.6019
2023-11-30,bitcoin,Bitcoin,35697.904
2023-12-31,bitcoin,Bitcoin,24389.5418
2024-01-31,bitcoin,Bitcoin,19195.3927
2024-02-29,bitcoin,Bitcoin,30609.1252
2024-03-31,bitcoin,Bitcoin,50012.0656
2024-04-30,bitcoin,Bitcoin,36632.1618
2024-05-31,bitcoin,Bitcoin,37319.4486
2024-06-30,bitcoin,Bitcoin,17792.6981
2024-07-31,bitcoin,Bitcoin,25597.6946
2024-08-31,bitcoin,Bitcoin,20275.9105
2024-09-30,bitcoin,Bitcoin,20884.8017
2024-10-31,bitcoin,Bitcoin,20649.918
2024-11-30,bitcoin,Bitcoin,29120.176
2024-12-31,bitcoin,Bitcoin,20423.1849
2025-01-31,bitcoin,Bitcoin,29807.8045
2025-02-28,bitcoin,Bitcoin,47981.1679
2025-03-31,bitcoin,Bitcoin,36871.8987
2025-04-30,bitcoin,Bitcoin,31487.8694
2025-05-31,bitcoin,Bitcoin,29967.3347
2025-06-30,bitcoin,Bitcoin,50496.9784
2025-07-31,bitcoin,Bitcoin,46180.7138
2025-08-31,bitcoin,Bitcoin,58811.5677
2025-09-30,bitcoin,Bitcoin,49738.1207
2025-10-31,bitcoin,Bitcoin,43196.9214
2025-11-30,bitcoin,Bitcoin,39050.6639
2025-12-31,bitcoin,Bitcoin,44282.2981
2026-01-31,bitcoin,Bitcoin,52123.4908
2026-02-28,bitcoin,Bitcoin,40889.6325
2026-03-31,bitcoin,Bitcoin,24845.7955
2026-04-30,bitcoin,Bitcoin,31476.2179
2026-05-31,bitcoin,Bitcoin,32940.7014
2026-06-30,bitcoin,Bitcoin,19884.8706
2026-07-31,bitcoin,Bitcoin,17610.8618
2018-01-31,claims,Continuing claims,1600.0
2018-02-28,claims,Continuing claims,3832.4743
2018-03-31,claims,Continuing claims,3888.394
2018-04-30,claims,Continuing claims,3884.1652
2018-05-31,claims,Continuing claims,6534.6423
2018-06-30,claims,Continuing claims,3851.4327
2018-07-31,claims,Continuing claims,4198.0569
2018-08-31,claims,Continuing claims,4081.2207
2018-09-30,claims,Continuing claims,3925.8032
2018-10-31,claims,Continuing claims,3105.5754
2018-11-30,claims,Continuing claims,3942.8526
2018-12-31,claims,Continuing claims,2742.5251
2019-01-31,claims,Continuing claims,3143.9814
2019-02-28,claims,Continuing claims,2927.6321
2019-03-31,claims,Continuing claims,3342.5827
2019-04-30,claims,Continuing claims,5172.8378
2019-05-31,claims,Continuing claims,1788.1328
2019-06-30,claims,Continuing claims,3842.1588
2019-07-31,claims,Continuing claims,1962.4552
2019-08-31,claims,Continuing claims,2895.3983
2019-09-30,claims,Continuing claims,4137.5611
2019-10-31,claims,Continuing claims,3282.8577
2019-11-30,claims,Continuing claims,2437.208
2019-12-31,claims,Continuing claims,2653.8257
2020-01-31,claims,Continuing claims,3798.3252
2020-02-29,claims,Continuing claims,2762.1601
2020-03-31,claims,Continuing claims,3536.1772
2020-04-30,claims,Continuing claims,3415.4717
2020-05-31,claims,Continuing claims,2800.0569
2020-06-30,claims,Continuing claims,5078.9006
2020-07-31,claims,Continuing claims,3879.7473
2020-08-31,claims,Continuing claims,1689.1767
2020-09-30,claims,Continuing claims,3481.5512
2020-10-31,claims,Continuing claims,2845.9192
2020-11-30,claims,Continuing claims,4079.6979
2020-12-31,claims,Continuing claims,2711.6231
2021-01-31,claims,Continuing claims,3311.7239
2021-02-28,claims,Continuing claims,3770.7314
2021-03-31,claims,Continuing claims,4085.7371
2021-04-30,claims,Continuing claims,2414.6949
2021-05-31,claims,Continuing claims,3164.9997
2021-06-30,claims,Continuing claims,3119.2629
2021-07-31,claims,Continuing claims,3018.87
2021-08-31,claims,Continuing claims,5014.4383
2021-09-30,claims,Continuing claims,3939.8996
2021-10-31,claims,Continuing claims,2518.1962
2021-11-30,claims,Continuing claims,4336.9714
2021-12-31,claims,Continuing claims,5270.0538
2022-01-31,claims,Continuing claims,4386.5821
2022-02-28,claims,Continuing claims,2285.1517
2022-03-31,claims,Continuing claims,3191.3526
2022-04-30,claims,Continuing claims,4599.6206
2022-05-31,claims,Continuing claims,2970.6034
2022-06-30,claims,Continuing claims,3783.9245
2022-07-31,claims,Continuing claims,4013.9281
2022-08-31,claims,Continuing claims,2667.7928
2022-09-30,claims,Continuing claims,3272.3829
2022-10-31,claims,Continuing claims,1409.1284
2022-11-30,claims,Continuing claims,2428.5379
2022-12-31,claims,Continuing claims,3106.1791
2023-01-31,claims,Continuing claims,2262.0318
2023-02-28,claims,Continuing claims,4550.5047
2023-03-31,claims,Continuing claims,2120.177
2023-04-30,claims,Continuing claims,2865.9025
2023-05-31,claims,Continuing claims,3332.9774
2023-06-30,claims,Continuing claims,4405.0075
2023-07-31,claims,Continuing claims,2073.2582
2023-08-31,claims,Continuing claims,4144.28
2023-09-30,claims,Continuing claims,3211.8941
2023-10-31,claims,Continuing claims,2381.5711
2023-11-30,claims,Continuing claims,3522.8174
2023-12-31,claims,Continuing claims,3405.6258
2024-01-31,claims,Continuing claims,2852.7536
2024-02-29,claims,Continuing claims,3385.4965
2024-03-31,claims,Continuing claims,3005.7658
2024-04-30,claims,Continuing claims,3437.4697
2024-05-31,claims,Continuing claims,3840.3441
2024-06-30,claims,Continuing claims,4564.7011
2024-07-31,claims,Continuing claims,2314.3198
2024-08-31,claims,Continuing claims,4967.3971
2024-09-30,claims,Continuing claims,1690.0426
2024-10-31,claims,Continuing claims,3318.943
2024-11-30,claims,Continuing claims,3937.6481
2024-12-31,claims,Continuing claims,3758.0058
2025-01-31,claims,Continuing claims,3009.7414
2025-02-28,claims,Continuing claims,3250.5497
2025-03-31,claims,Continuing claims,3088.8285
2025-04-30,claims,Continuing claims,2916.9855
2025-05-31,claims,Continuing claims,4072.7266
2025-06-30,claims,Continuing claims,3735.1388
2025-07-31,claims,Continuing claims,2918.2945
2025-08-31,claims,Continuing claims,4231.0449
2025-09-30,claims,Continuing claims,3659.3114
2025-10-31,claims,Continuing claims,4132.1268
2025-11-30,claims,Continuing claims,3910.8822
2025-12-31,claims,Continuing claims,2798.748
2026-01-31,claims,Continuing claims,2992.4436
2026-02-28,claims,Continuing claims,4092.4723
2026-03-31,claims,Continuing claims,3999.8998
2026-04-30,claims,Continuing claims,3475.7366
2026-05-31,claims,Continuing claims,3452.2182
2026-06-30,claims,Continuing claims,4348.0551
2026-07-31,claims,Continuing claims,2892.9571
2018-01-31,claims,Initial claims,505.6238
2018-02-28,claims,Initial claims,495.693
2018-03-31,claims,Initial claims,493.2065
2018-04-30,claims,Initial claims,1772.7242
2018-05-31,claims,Initial claims,529.1287
2018-06-30,claims,Initial claims,750.1792
2018-07-31,claims,Initial claims,540.2696
2018-08-31,claims,Initial claims,535.7392
2018-09-30,claims,Initial claims,404.3353
2018-10-31,claims,Initial claims,512.0406
2018-11-30,claims,Initial claims,326.8426
2018-12-31,claims,Initial claims,404.6138
2019-01-31,claims,Initial claims,344.9294
2019-02-28,claims,Initial claims,645.595
2019-03-31,claims,Initial claims,1350.5384
2019-04-30,claims,Initial claims,225.9456
2019-05-31,claims,Initial claims,678.0192
2019-06-30,claims,Initial claims,261.6346
2019-07-31,claims,Initial claims,788.286
2019-08-31,claims,Initial claims,681.4814
2019-09-30,claims,Initial claims,927.3142
2019-10-31,claims,Initial claims,333.7353
2019-11-30,claims,Initial claims,373.5802
2019-12-31,claims,Initial claims,690.8353
2020-01-31,claims,Initial claims,457.1506
2020-02-29,claims,Initial claims,728.2327
2020-03-31,claims,Initial claims,461.331
2020-04-30,claims,Initial claims,408.698
2020-05-31,claims,Initial claims,1219.4342
2020-06-30,claims,Initial claims,686.4818
2020-07-31,claims,Initial claims,222.1758
2020-08-31,claims,Initial claims,451.0305
2020-09-30,claims,Initial claims,384.9264
2020-10-31,claims,Initial claims,1330.5415
2020-11-30,claims,Initial claims,346.431
2020-12-31,claims,Initial claims,593.5797
2021-01-31,claims,Initial claims,504.0337
2021-02-28,claims,Initial claims,988.6672
2021-03-31,claims,Initial claims,322.9695
2021-04-30,claims,Initial claims,438.0359
2021-05-31,claims,Initial claims,427.1068
2021-06-30,claims,Initial claims,562.5861
2021-07-31,claims,Initial claims,1219.0889
2021-08-31,claims,Initial claims,755.591
2021-09-30,claims,Initial claims,287.8159
2021-10-31,claims,Initial claims,521.7312
2021-11-30,claims,Initial claims,1095.089
2021-12-31,claims,Initial claims,1144.0831
2022-01-31,claims,Initial claims,271.5915
2022-02-28,claims,Initial claims,376.3898
2022-03-31,claims,Initial claims,644.4974
2022-04-30,claims,Initial claims,553.1198
2022-05-31,claims,Initial claims,712.2252
2022-06-30,claims,Initial claims,524.5211
2022-07-31,claims,Initial claims,351.0146
2022-08-31,claims,Initial claims,450.1538
2022-09-30,claims,Initial claims,216.502
2022-10-31,claims,Initial claims,329.6665
2022-11-30,claims,Initial claims,415.6745
2022-12-31,claims,Initial claims,568.2786
2023-01-31,claims,Initial claims,1339.0114
2023-02-28,claims,Initial claims,280.3614
2023-03-31,claims,Initial claims,621.9643
2023-04-30,claims,Initial claims,476.0827
2023-05-31,claims,Initial claims,1407.0062
2023-06-30,claims,Initial claims,319.4538
2023-07-31,claims,Initial claims,854.5495
2023-08-31,claims,Initial claims,427.94
2023-09-30,claims,Initial claims,466.7923
2023-10-31,claims,Initial claims,523.3966
2023-11-30,claims,Initial claims,538.2996
2023-12-31,claims,Initial claims,498.0975
2024-01-31,claims,Initial claims,475.3366
2024-02-29,claims,Initial claims,415.7688
2024-03-31,claims,Initial claims,652.4732
2024-04-30,claims,Initial claims,690.6175
2024-05-31,claims,Initial claims,1139.5112
2024-06-30,claims,Initial claims,300.3329
2024-07-31,claims,Initial claims,1072.4291
2024-08-31,claims,Initial claims,241.0481
2024-09-30,claims,Initial claims,734.3822
2024-10-31,claims,Initial claims,518.4908
2024-11-30,claims,Initial claims,1088.4374
2024-12-31,claims,Initial claims,400.5053
2025-01-31,claims,Initial claims,463.0211
2025-02-28,claims,Initial claims,413.0102
2025-03-31,claims,Initial claims,384.4072
2025-04-30,claims,Initial claims,817.7102
2025-05-31,claims,Initial claims,710.8433
2025-06-30,claims,Initial claims,370.7824
2025-07-31,claims,Initial claims,573.0428
2025-08-31,claims,Initial claims,476.3344
2025-09-30,claims,Initial claims,943.8311
2025-10-31,claims,Initial claims,523.6527
2025-11-30,claims,Initial claims,357.5558
2025-12-31,claims,Initial claims,380.7051
2026-01-31,claims,Initial claims,537.2292
2026-02-28,claims,Initial claims,906.1605
2026-03-31,claims,Initial claims,584.9616
2026-04-30,claims,Initial claims,483.9504
2026-05-31,claims,Initial claims,763.9142
2026-06-30,claims,Initial claims,373.0056
2026-07-31,claims,Initial claims,658.3807
2018-01-31,credit,HY corporate OAS,5.894
2018-02-28,credit,HY corporate OAS,5.7102
2018-03-31,credit,HY corporate OAS,5.6069
2018-04-30,credit,HY corporate OAS,8.1532
2018-05-31,credit,HY corporate OAS,5.8241
2018-06-30,credit,HY corporate OAS,6.074
2018-07-31,credit,HY corporate OAS,5.9839
2018-08-31,credit,HY corporate OAS,5.7167
2018-09-30,credit,HY corporate OAS,4.9703
2018-10-31,credit,HY corporate OAS,5.9858
2018-11-30,credit,HY corporate OAS,4.9089
2018-12-31,credit,HY corporate OAS,5.5195
2019-01-31,credit,HY corporate OAS,5.2761
2019-02-28,credit,HY corporate OAS,5.5835
2019-03-31,credit,HY corporate OAS,7.2549
2019-04-30,credit,HY corporate OAS,4.0945
2019-05-31,credit,HY corporate OAS,6.071
2019-06-30,credit,HY corporate OAS,4.1427
2019-07-31,credit,HY corporate OAS,5.0475
2019-08-31,credit,HY corporate OAS,6.2895
2019-09-30,credit,HY corporate OAS,5.8898
2019-10-31,credit,HY corporate OAS,5.2466
2019-11-30,credit,HY corporate OAS,5.3102
2019-12-31,credit,HY corporate OAS,6.2806
2020-01-31,credit,HY corporate OAS,4.9433
2020-02-29,credit,HY corporate OAS,5.5788
2020-03-31,credit,HY corporate OAS,5.5084
2020-04-30,credit,HY corporate OAS,5.1599
2020-05-31,credit,HY corporate OAS,7.1654
2020-06-30,credit,HY corporate OAS,5.9083
2020-07-31,credit,HY corporate OAS,3.5635
2020-08-31,credit,HY corporate OAS,5.2891
2020-09-30,credit,HY corporate OAS,4.5338
2020-10-31,credit,HY corporate OAS,5.6818
2020-11-30,credit,HY corporate OAS,4.3624
2020-12-31,credit,HY corporate OAS,4.9465
2021-01-31,credit,HY corporate OAS,5.2268
2021-02-28,credit,HY corporate OAS,5.3816
2021-03-31,credit,HY corporate OAS,4.2376
2021-04-30,credit,HY corporate OAS,4.7584
2021-05-31,credit,HY corporate OAS,4.5593
2021-06-30,credit,HY corporate OAS,4.785
2021-07-31,credit,HY corporate OAS,7.1034
2021-08-31,credit,HY corporate OAS,5.849
2021-09-30,credit,HY corporate OAS,4.5135
2021-10-31,credit,HY corporate OAS,6.2348
2021-11-30,credit,HY corporate OAS,7.4105
2021-12-31,credit,HY corporate OAS,6.3858
2022-01-31,credit,HY corporate OAS,4.3824
2022-02-28,credit,HY corporate OAS,5.2842
2022-03-31,credit,HY corporate OAS,6.6658
2022-04-30,credit,HY corporate OAS,5.0694
2022-05-31,credit,HY corporate OAS,5.9136
2022-06-30,credit,HY corporate OAS,5.9493
2022-07-31,credit,HY corporate OAS,4.6334
2022-08-31,credit,HY corporate OAS,5.2806
2022-09-30,credit,HY corporate OAS,3.687
2022-10-31,credit,HY corporate OAS,4.537
2022-11-30,credit,HY corporate OAS,5.2251
2022-12-31,credit,HY corporate OAS,4.6279
2023-01-31,credit,HY corporate OAS,6.8422
2023-02-28,credit,HY corporate OAS,4.5381
2023-03-31,credit,HY corporate OAS,5.2837
2023-04-30,credit,HY corporate OAS,5.7023
2023-05-31,credit,HY corporate OAS,6.5813
2023-06-30,credit,HY corporate OAS,4.4309
2023-07-31,credit,HY corporate OAS,6.4002
2023-08-31,credit,HY corporate OAS,5.8306
2023-09-30,credit,HY corporate OAS,5.2595
2023-10-31,credit,HY corporate OAS,6.3452
2023-11-30,credit,HY corporate OAS,5.9558
2023-12-31,credit,HY corporate OAS,5.1319
2024-01-31,credit,HY corporate OAS,5.8095
2024-02-29,credit,HY corporate OAS,5.4623
2024-03-31,credit,HY corporate OAS,5.8774
2024-04-30,credit,HY corporate OAS,5.9918
2024-05-31,credit,HY corporate OAS,6.8399
2024-06-30,credit,HY corporate OAS,4.7289
2024-07-31,credit,HY corporate OAS,7.1146
2024-08-31,credit,HY corporate OAS,3.9213
2024-09-30,credit,HY corporate OAS,5.3509
2024-10-31,credit,HY corporate OAS,5.9299
2024-11-30,credit,HY corporate OAS,5.654
2024-12-31,credit,HY corporate OAS,4.9563
2025-01-31,credit,HY corporate OAS,5.2458
2025-02-28,credit,HY corporate OAS,5.065
2025-03-31,credit,HY corporate OAS,5.2207
2025-04-30,credit,HY corporate OAS,5.9107
2025-05-31,credit,HY corporate OAS,5.5343
2025-06-30,credit,HY corporate OAS,4.7934
2025-07-31,credit,HY corporate OAS,6.0825
2025-08-31,credit,HY corporate OAS,5.5895
2025-09-30,credit,HY corporate OAS,5.7346
2025-10-31,credit,HY corporate OAS,5.7017
2025-11-30,credit,HY corporate OAS,4.8869
2025-12-31,credit,HY corporate OAS,4.8593
2026-01-31,credit,HY corporate OAS,6.0209
2026-02-28,credit,HY corporate OAS,5.8745
2026-03-31,credit,HY corporate OAS,5.3963
2026-04-30,credit,HY corporate OAS,5.3572
2026-05-31,credit,HY corporate OAS,6.2296
2026-06-30,credit,HY corporate OAS,5.0318
2026-07-31,credit,HY corporate OAS,5.9926
2018-01-31,credit,IG corporate OAS,1.7991
2018-02-28,credit,IG corporate OAS,1.7911
2018-03-31,credit,IG corporate OAS,1.7706
2018-04-30,credit,IG corporate OAS,2.5956
2018-05-31,credit,IG corporate OAS,1.8966
2018-06-30,credit,IG corporate OAS,1.987
2018-07-31,credit,IG corporate OAS,1.928
2018-08-31,credit,IG corporate OAS,1.8352
2018-09-30,credit,IG corporate OAS,1.57
2018-10-31,credit,IG corporate OAS,1.907
2018-11-30,credit,IG corporate OAS,1.5248
2018-12-31,credit,IG corporate OAS,1.7361
2019-01-31,credit,IG corporate OAS,1.648
2019-02-28,credit,IG corporate OAS,1.782
2019-03-31,credit,IG corporate OAS,2.302
2019-04-30,credit,IG corporate OAS,1.4125
2019-05-31,credit,IG corporate OAS,2.0117
2019-06-30,credit,IG corporate OAS,1.3464
2019-07-31,credit,IG corporate OAS,1.6043
2019-08-31,credit,IG corporate OAS,1.9212
2019-09-30,credit,IG corporate OAS,1.78
2019-10-31,credit,IG corporate OAS,1.6502
2019-11-30,credit,IG corporate OAS,1.688
2019-12-31,credit,IG corporate OAS,1.9415
2020-01-31,credit,IG corporate OAS,1.4959
2020-02-29,credit,IG corporate OAS,1.6905
2020-03-31,credit,IG corporate OAS,1.6228
2020-04-30,credit,IG corporate OAS,1.5005
2020-05-31,credit,IG corporate OAS,2.1264
2020-06-30,credit,IG corporate OAS,1.8036
2020-07-31,credit,IG corporate OAS,1.1245
2020-08-31,credit,IG corporate OAS,1.5469
2020-09-30,credit,IG corporate OAS,1.3431
2020-10-31,credit,IG corporate OAS,1.6976
2020-11-30,credit,IG corporate OAS,1.324
2020-12-31,credit,IG corporate OAS,1.5662
2021-01-31,credit,IG corporate OAS,1.5601
2021-02-28,credit,IG corporate OAS,1.5887
2021-03-31,credit,IG corporate OAS,1.2776
2021-04-30,credit,IG corporate OAS,1.3743
2021-05-31,credit,IG corporate OAS,1.3863
2021-06-30,credit,IG corporate OAS,1.4706
2021-07-31,credit,IG corporate OAS,2.1993
2021-08-31,credit,IG corporate OAS,1.7946
2021-09-30,credit,IG corporate OAS,1.4251
2021-10-31,credit,IG corporate OAS,1.9782
2021-11-30,credit,IG corporate OAS,2.3287
2021-12-31,credit,IG corporate OAS,2.0195
2022-01-31,credit,IG corporate OAS,1.4184
2022-02-28,credit,IG corporate OAS,1.6435
2022-03-31,credit,IG corporate OAS,2.048
2022-04-30,credit,IG corporate OAS,1.5603
2022-05-31,credit,IG corporate OAS,1.8276
2022-06-30,credit,IG corporate OAS,1.875
2022-07-31,credit,IG corporate OAS,1.429
2022-08-31,credit,IG corporate OAS,1.6169
2022-09-30,credit,IG corporate OAS,1.1979
2022-10-31,credit,IG corporate OAS,1.414
2022-11-30,credit,IG corporate OAS,1.5842
2022-12-31,credit,IG corporate OAS,1.4153
2023-01-31,credit,IG corporate OAS,2.114
2023-02-28,credit,IG corporate OAS,1.4186
2023-03-31,credit,IG corporate OAS,1.6915
2023-04-30,credit,IG corporate OAS,1.8401
2023-05-31,credit,IG corporate OAS,2.1227
2023-06-30,credit,IG corporate OAS,1.4821
2023-07-31,credit,IG corporate OAS,2.1477
2023-08-31,credit,IG corporate OAS,1.9391
2023-09-30,credit,IG corporate OAS,1.6638
2023-10-31,credit,IG corporate OAS,2.0454
2023-11-30,credit,IG corporate OAS,1.8937
2023-12-31,credit,IG corporate OAS,1.6394
2024-01-31,credit,IG corporate OAS,1.8847
2024-02-29,credit,IG corporate OAS,1.6999
2024-03-31,credit,IG corporate OAS,1.7698
2024-04-30,credit,IG corporate OAS,1.7437
2024-05-31,credit,IG corporate OAS,1.9791
2024-06-30,credit,IG corporate OAS,1.3789
2024-07-31,credit,IG corporate OAS,2.1262
2024-08-31,credit,IG corporate OAS,1.1852
2024-09-30,credit,IG corporate OAS,1.5609
2024-10-31,credit,IG corporate OAS,1.6535
2024-11-30,credit,IG corporate OAS,1.5963
2024-12-31,credit,IG corporate OAS,1.3878
2025-01-31,credit,IG corporate OAS,1.5125
2025-02-28,credit,IG corporate OAS,1.5002
2025-03-31,credit,IG corporate OAS,1.5599
2025-04-30,credit,IG corporate OAS,1.8029
2025-05-31,credit,IG corporate OAS,1.6994
2025-06-30,credit,IG corporate OAS,1.4971
2025-07-31,credit,IG corporate OAS,1.8514
2025-08-31,credit,IG corporate OAS,1.697
2025-09-30,credit,IG corporate OAS,1.75
2025-10-31,credit,IG corporate OAS,1.7731
2025-11-30,credit,IG corporate OAS,1.5082
2025-12-31,credit,IG corporate OAS,1.5191
2026-01-31,credit,IG corporate OAS,1.8524
2026-02-28,credit,IG corporate OAS,1.8015
2026-03-31,credit,IG corporate OAS,1.69
2026-04-30,credit,IG corporate OAS,1.5925
2026-05-31,credit,IG corporate OAS,1.8092
2026-06-30,credit,IG corporate OAS,1.4042
2026-07-31,credit,IG corporate OAS,1.6195
2018-01-31,curve,10Y - 2Y,0.6302
2018-02-28,curve,10Y - 2Y,1.2679
2018-03-31,curve,10Y - 2Y,0.9643
2018-04-30,curve,10Y - 2Y,0.6341
2018-05-31,curve,10Y - 2Y,1.1597
2018-06-30,curve,10Y - 2Y,0.7948
2018-07-31,curve,10Y - 2Y,1.066
2018-08-31,curve,10Y - 2Y,0.5645
2018-09-30,curve,10Y - 2Y,1.364
2018-10-31,curve,10Y - 2Y,1.1414
2018-11-30,curve,10Y - 2Y,1.1754
2018-12-31,curve,10Y - 2Y,1.0927
2019-01-31,curve,10Y - 2Y,1.0319
2019-02-28,curve,10Y - 2Y,1.3366
2019-03-31,curve,10Y - 2Y,0.3313
2019-04-30,curve,10Y - 2Y,1.579
2019-05-31,curve,10Y - 2Y,1.4926
2019-06-30,curve,10Y - 2Y,0.8192
2019-07-31,curve,10Y - 2Y,0.7499
2019-08-31,curve,10Y - 2Y,0.7875
2019-09-30,curve,10Y - 2Y,0.8581
2019-10-31,curve,10Y - 2Y,1.4297
2019-11-30,curve,10Y - 2Y,1.8274
2019-12-31,curve,10Y - 2Y,1.0524
2020-01-31,curve,10Y - 2Y,1.6165
2020-02-29,curve,10Y - 2Y,0.8268
2020-03-31,curve,10Y - 2Y,0.8834
2020-04-30,curve,10Y - 2Y,1.2133
2020-05-31,curve,10Y - 2Y,1.2392
2020-06-30,curve,10Y - 2Y,1.0739
2020-07-31,curve,10Y - 2Y,1.1554
2020-08-31,curve,10Y - 2Y,1.1982
2020-09-30,curve,10Y - 2Y,1.1586
2020-10-31,curve,10Y - 2Y,1.2398
2020-11-30,curve,10Y - 2Y,1.3978
2020-12-31,curve,10Y - 2Y,1.2535
2021-01-31,curve,10Y - 2Y,0.9898
2021-02-28,curve,10Y - 2Y,1.2777
2021-03-31,curve,10Y - 2Y,1.7894
2021-04-30,curve,10Y - 2Y,1.5362
2021-05-31,curve,10Y - 2Y,1.2614
2021-06-30,curve,10Y - 2Y,1.5143
2021-07-31,curve,10Y - 2Y,1.0623
2021-08-31,curve,10Y - 2Y,0.9754
2021-09-30,curve,10Y - 2Y,1.398
2021-10-31,curve,10Y - 2Y,1.2641
2021-11-30,curve,10Y - 2Y,1.3792
2021-12-31,curve,10Y - 2Y,1.1703
2022-01-31,curve,10Y - 2Y,2.0132
2022-02-28,curve,10Y - 2Y,1.4466
2022-03-31,curve,10Y - 2Y,1.3865
2022-04-30,curve,10Y - 2Y,1.5819
2022-05-31,curve,10Y - 2Y,1.2404
2022-06-30,curve,10Y - 2Y,1.6282
2022-07-31,curve,10Y - 2Y,1.671
2022-08-31,curve,10Y - 2Y,1.3906
2022-09-30,curve,10Y - 2Y,1.6413
2022-10-31,curve,10Y - 2Y,1.3153
2022-11-30,curve,10Y - 2Y,1.517
2022-12-31,curve,10Y - 2Y,1.1736
2023-01-31,curve,10Y - 2Y,1.0311
2023-02-28,curve,10Y - 2Y,1.9349
2023-03-31,curve,10Y - 2Y,1.8524
2023-04-30,curve,10Y - 2Y,1.4172
2023-05-31,curve,10Y - 2Y,1.6243
2023-06-30,curve,10Y - 2Y,1.362
2023-07-31,curve,10Y - 2Y,2.006
2023-08-31,curve,10Y - 2Y,1.4577
2023-09-30,curve,10Y - 2Y,1.3503
2023-10-31,curve,10Y - 2Y,0.9595
2023-11-30,curve,10Y - 2Y,1.2152
2023-12-31,curve,10Y - 2Y,1.5692
2024-01-31,curve,10Y - 2Y,1.3618
2024-02-29,curve,10Y - 2Y,1.2832
2024-03-31,curve,10Y - 2Y,1.4814
2024-04-30,curve,10Y - 2Y,1.1657
2024-05-31,curve,10Y - 2Y,1.8635
2024-06-30,curve,10Y - 2Y,1.6743
2024-07-31,curve,10Y - 2Y,0.9201
2024-08-31,curve,10Y - 2Y,1.6738
2024-09-30,curve,10Y - 2Y,1.6091
2024-10-31,curve,10Y - 2Y,1.3149
2024-11-30,curve,10Y - 2Y,1.6971
2024-12-31,curve,10Y - 2Y,1.7646
2025-01-31,curve,10Y - 2Y,1.0398
2025-02-28,curve,10Y - 2Y,1.2414
2025-03-31,curve,10Y - 2Y,1.1888
2025-04-30,curve,10Y - 2Y,1.2237
2025-05-31,curve,10Y - 2Y,1.5354
2025-06-30,curve,10Y - 2Y,1.884
2025-07-31,curve,10Y - 2Y,0.7969
2025-08-31,curve,10Y - 2Y,1.6617
2025-09-30,curve,10Y - 2Y,1.3215
2025-10-31,curve,10Y - 2Y,1.1782
2025-11-30,curve,10Y - 2Y,1.3833
2025-12-31,curve,10Y - 2Y,1.4147
2026-01-31,curve,10Y - 2Y,1.243
2026-02-28,curve,10Y - 2Y,1.4157
2026-03-31,curve,10Y - 2Y,1.5986
2026-04-30,curve,10Y - 2Y,1.5599
2026-05-31,curve,10Y - 2Y,1.4484
2026-06-30,curve,10Y - 2Y,1.1864
2026-07-31,curve,10Y - 2Y,1.4377
2018-01-31,curve,10Y - 3M,0.2485
2018-02-28,curve,10Y - 3M,0.9666
2018-03-31,curve,10Y - 3M,1.1386
2018-04-30,curve,10Y - 3M,0.8832
2018-05-31,curve,10Y - 3M,1.2229
2018-06-30,curve,10Y - 3M,0.9706
2018-07-31,curve,10Y - 3M,0.7988
2018-08-31,curve,10Y - 3M,0.1595
2018-09-30,curve,10Y - 3M,0.9281
2018-10-31,curve,10Y - 3M,0.8484
2018-11-30,curve,10Y - 3M,1.0957
2018-12-31,curve,10Y - 3M,0.7683
2019-01-31,curve,10Y - 3M,0.9132
2019-02-28,curve,10Y - 3M,0.8716
2019-03-31,curve,10Y - 3M,0.5035
2019-04-30,curve,10Y - 3M,1.2397
2019-05-31,curve,10Y - 3M,1.0679
2019-06-30,curve,10Y - 3M,0.9575
2019-07-31,curve,10Y - 3M,0.5696
2019-08-31,curve,10Y - 3M,0.889
2019-09-30,curve,10Y - 3M,0.6228
2019-10-31,curve,10Y - 3M,1.3506
2019-11-30,curve,10Y - 3M,1.7263
2019-12-31,curve,10Y - 3M,0.8603
2020-01-31,curve,10Y - 3M,1.319
2020-02-29,curve,10Y - 3M,1.0512
2020-03-31,curve,10Y - 3M,0.7596
2020-04-30,curve,10Y - 3M,0.7523
2020-05-31,curve,10Y - 3M,1.1104
2020-06-30,curve,10Y - 3M,1.0067
2020-07-31,curve,10Y - 3M,1.0554
2020-08-31,curve,10Y - 3M,0.8507
2020-09-30,curve,10Y - 3M,1.3468
2020-10-31,curve,10Y - 3M,1.16
2020-11-30,curve,10Y - 3M,1.1616
2020-12-31,curve,10Y - 3M,1.1849
2021-01-31,curve,10Y - 3M,0.8596
2021-02-28,curve,10Y - 3M,0.9981
2021-03-31,curve,10Y - 3M,1.6605
2021-04-30,curve,10Y - 3M,1.2432
2021-05-31,curve,10Y - 3M,1.3046
2021-06-30,curve,10Y - 3M,1.6845
2021-07-31,curve,10Y - 3M,1.5593
2021-08-31,curve,10Y - 3M,1.0477
2021-09-30,curve,10Y - 3M,1.1927
2021-10-31,curve,10Y - 3M,1.3908
2021-11-30,curve,10Y - 3M,1.2922
2021-12-31,curve,10Y - 3M,1.2648
2022-01-31,curve,10Y - 3M,2.0861
2022-02-28,curve,10Y - 3M,1.5485
2022-03-31,curve,10Y - 3M,1.259
2022-04-30,curve,10Y - 3M,1.8132
2022-05-31,curve,10Y - 3M,1.6527
2022-06-30,curve,10Y - 3M,1.9198
2022-07-31,curve,10Y - 3M,1.9702
2022-08-31,curve,10Y - 3M,1.5107
2022-09-30,curve,10Y - 3M,1.7164
2022-10-31,curve,10Y - 3M,1.3743
2022-11-30,curve,10Y - 3M,1.7038
2022-12-31,curve,10Y - 3M,1.39
2023-01-31,curve,10Y - 3M,0.7648
2023-02-28,curve,10Y - 3M,2.1147
2023-03-31,curve,10Y - 3M,2.1235
2023-04-30,curve,10Y - 3M,1.9721
2023-05-31,curve,10Y - 3M,2.1811
2023-06-30,curve,10Y - 3M,1.9437
2023-07-31,curve,10Y - 3M,1.7947
2023-08-31,curve,10Y - 3M,1.5917
2023-09-30,curve,10Y - 3M,1.3422
2023-10-31,curve,10Y - 3M,1.5798
2023-11-30,curve,10Y - 3M,1.1083
2023-12-31,curve,10Y - 3M,1.3701
2024-01-31,curve,10Y - 3M,1.2469
2024-02-29,curve,10Y - 3M,0.6882
2024-03-31,curve,10Y - 3M,1.4991
2024-04-30,curve,10Y - 3M,0.9374
2024-05-31,curve,10Y - 3M,2.251
2024-06-30,curve,10Y - 3M,1.8268
2024-07-31,curve,10Y - 3M,1.2648
2024-08-31,curve,10Y - 3M,1.8071
2024-09-30,curve,10Y - 3M,1.5577
2024-10-31,curve,10Y - 3M,1.0713
2024-11-30,curve,10Y - 3M,1.893
2024-12-31,curve,10Y - 3M,1.5222
2025-01-31,curve,10Y - 3M,1.577
2025-02-28,curve,10Y - 3M,1.5399
2025-03-31,curve,10Y - 3M,0.9776
2025-04-30,curve,10Y - 3M,0.7988
2025-05-31,curve,10Y - 3M,2.0294
2025-06-30,curve,10Y - 3M,1.9213
2025-07-31,curve,10Y - 3M,1.0208
2025-08-31,curve,10Y - 3M,1.3116
2025-09-30,curve,10Y - 3M,1.2849
2025-10-31,curve,10Y - 3M,1.1424
2025-11-30,curve,10Y - 3M,1.5344
2025-12-31,curve,10Y - 3M,1.4181
2026-01-31,curve,10Y - 3M,1.3406
2026-02-28,curve,10Y - 3M,1.2388
2026-03-31,curve,10Y - 3M,1.6277
2026-04-30,curve,10Y - 3M,1.7695
2026-05-31,curve,10Y - 3M,1.7656
2026-06-30,curve,10Y - 3M,1.3309
2026-07-31,curve,10Y - 3M,1.1548
2018-01-31,dow,Dow,24603.0191
2018-02-28,dow,Dow,25457.8327
2018-03-31,dow,Dow,25522.9607
2018-04-30,dow,Dow,25300.389
2018-05-31,dow,Dow,25133.409
2018-06-30,dow,Dow,24514.2954
2018-07-31,dow,Dow,24973.7596
2018-08-31,dow,Dow,25352.8413
2018-09-30,dow,Dow,25804.3633
2018-10-31,dow,Dow,26279.8335
2018-11-30,dow,Dow,25683.3987
2018-12-31,dow,Dow,25050.1084
2019-01-31,dow,Dow,25289.2512
2019-02-28,dow,Dow,25728.8716
2019-03-31,dow,Dow,26591.5879
2019-04-30,dow,Dow,25220.4573
2019-05-31,dow,Dow,25801.9952
2019-06-30,dow,Dow,25667.2805
2019-07-31,dow,Dow,26172.0963
2019-08-31,dow,Dow,25325.1215
2019-09-30,dow,Dow,25839.8106
2019-10-31,dow,Dow,25967.5161
2019-11-30,dow,Dow,25178.7277
2019-12-31,dow,Dow,26367.6786
2020-01-31,dow,Dow,26181.322
2020-02-29,dow,Dow,26270.7182
2020-03-31,dow,Dow,25578.9042
2020-04-30,dow,Dow,25310.5875
2020-05-31,dow,Dow,25753.5086
2020-06-30,dow,Dow,27209.6398
2020-07-31,dow,Dow,27412.7954
2020-08-31,dow,Dow,28432.304
2020-09-30,dow,Dow,29511.3305
2020-10-31,dow,Dow,28938.8233
2020-11-30,dow,Dow,28736.0348
2020-12-31,dow,Dow,29371.0876
2021-01-31,dow,Dow,29402.5409
2021-02-28,dow,Dow,30412.5447
2021-03-31,dow,Dow,30543.5882
2021-04-30,dow,Dow,30962.4881
2021-05-31,dow,Dow,31229.3431
2021-06-30,dow,Dow,31418.1099
2021-07-31,dow,Dow,30311.5498
2021-08-31,dow,Dow,31103.6282
2021-09-30,dow,Dow,30828.0937
2021-10-31,dow,Dow,29429.0795
2021-11-30,dow,Dow,30858.8719
2021-12-31,dow,Dow,30746.6192
2022-01-31,dow,Dow,30744.744
2022-02-28,dow,Dow,31906.3344
2022-03-31,dow,Dow,32644.3855
2022-04-30,dow,Dow,31902.8713
2022-05-31,dow,Dow,31520.417
2022-06-30,dow,Dow,31180.3453
2022-07-31,dow,Dow,32530.4893
2022-08-31,dow,Dow,33214.892
2022-09-30,dow,Dow,32561.534
2022-10-31,dow,Dow,32853.9668
2022-11-30,dow,Dow,31957.6936
2022-12-31,dow,Dow,32856.3229
2023-01-31,dow,Dow,34536.1013
2023-02-28,dow,Dow,34881.4317
2023-03-31,dow,Dow,34430.8808
2023-04-30,dow,Dow,34703.5691
2023-05-31,dow,Dow,36910.5643
2023-06-30,dow,Dow,37246.8512
2023-07-31,dow,Dow,35870.103
2023-08-31,dow,Dow,35193.907
2023-09-30,dow,Dow,35461.0637
2023-10-31,dow,Dow,35016.5428
2023-11-30,dow,Dow,35151.3675
2023-12-31,dow,Dow,34835.0188
2024-01-31,dow,Dow,35675.2198
2024-02-29,dow,Dow,36143.3347
2024-03-31,dow,Dow,35436.4686
2024-04-30,dow,Dow,35992.6096
2024-05-31,dow,Dow,36187.0637
2024-06-30,dow,Dow,35924.8381
2024-07-31,dow,Dow,35170.0553
2024-08-31,dow,Dow,35400.4431
2024-09-30,dow,Dow,36550.3246
2024-10-31,dow,Dow,37730.5257
2024-11-30,dow,Dow,37531.0143
2024-12-31,dow,Dow,38307.1762
2025-01-31,dow,Dow,40195.6534
2025-02-28,dow,Dow,40218.3143
2025-03-31,dow,Dow,40226.2403
2025-04-30,dow,Dow,39258.8971
2025-05-31,dow,Dow,38105.4322
2025-06-30,dow,Dow,40143.0475
2025-07-31,dow,Dow,41650.7443
2025-08-31,dow,Dow,42819.486
2025-09-30,dow,Dow,41243.7176
2025-10-31,dow,Dow,40718.2469
2025-11-30,dow,Dow,40191.322
2025-12-31,dow,Dow,41658.6118
2026-01-31,dow,Dow,40333.1374
2026-02-28,dow,Dow,41361.1647
2026-03-31,dow,Dow,41428.5463
2026-04-30,dow,Dow,40775.1751
2026-05-31,dow,Dow,41466.0513
2026-06-30,dow,Dow,43735.4481
2026-07-31,dow,Dow,42468.8469
2018-01-31,duration,Median weeks,9.0
2018-02-28,duration,Median weeks,9.2555
2018-03-31,duration,Median weeks,9.2865
2018-04-30,duration,Median weeks,14.57
2018-05-31,duration,Median weeks,14.6306
2018-06-30,duration,Median weeks,14.5967
2018-07-31,duration,Median weeks,21.3904
2018-08-31,duration,Median weeks,14.5327
2018-09-30,duration,Median weeks,15.7153
2018-10-31,duration,Median weeks,14.8021
2018-11-30,duration,Median weeks,14.4974
2018-12-31,duration,Median weeks,12.6591
2019-01-31,duration,Median weeks,15.0168
2019-02-28,duration,Median weeks,11.9744
2019-03-31,duration,Median weeks,12.9244
2019-04-30,duration,Median weeks,11.9062
2019-05-31,duration,Median weeks,12.8472
2019-06-30,duration,Median weeks,17.7416
2019-07-31,duration,Median weeks,8.912
2019-08-31,duration,Median weeks,14.0792
2019-09-30,duration,Median weeks,9.8919
2019-10-31,duration,Median weeks,12.1145
2019-11-30,duration,Median weeks,15.0326
2019-12-31,duration,Median weeks,12.6476
2020-01-31,duration,Median weeks,10.8737
2020-02-29,duration,Median weeks,11.7106
2020-03-31,duration,Median weeks,14.6356
2020-04-30,duration,Median weeks,11.6512
2020-05-31,duration,Median weeks,13.5829
2020-06-30,duration,Median weeks,13.1286
2020-07-31,duration,Median weeks,11.8186
2020-08-31,duration,Median weeks,17.6989
2020-09-30,duration,Median weeks,14.806
2020-10-31,duration,Median weeks,9.7299
2020-11-30,duration,Median weeks,14.128
2020-12-31,duration,Median weeks,12.3294
2021-01-31,duration,Median weeks,15.4325
2021-02-28,duration,Median weeks,12.4701
2021-03-31,duration,Median weeks,13.8736
2021-04-30,duration,Median weeks,15.2514
2021-05-31,duration,Median weeks,15.7014
2021-06-30,duration,Median weeks,11.4455
2021-07-31,duration,Median weeks,13.1037
2021-08-31,duration,Median weeks,12.2335
2021-09-30,duration,Median weeks,11.7905
2021-10-31,duration,Median weeks,16.4026
2021-11-30,duration,Median weeks,13.9746
2021-12-31,duration,Median weeks,10.5691
2022-01-31,duration,Median weeks,14.9416
2022-02-28,duration,Median weeks,17.4212
2022-03-31,duration,Median weeks,15.0272
2022-04-30,duration,Median weeks,10.1785
2022-05-31,duration,Median weeks,12.0196
2022-06-30,duration,Median weeks,15.4857
2022-07-31,duration,Median weeks,11.2292
2022-08-31,duration,Median weeks,13.8461
2022-09-30,duration,Median weeks,14.2698
2022-10-31,duration,Median weeks,10.8127
2022-11-30,duration,Median weeks,12.838
2022-12-31,duration,Median weeks,8.7907
2023-01-31,duration,Median weeks,11.1245
2023-02-28,duration,Median weeks,12.3888
2023-03-31,duration,Median weeks,10.7533
2023-04-30,duration,Median weeks,16.6919
2023-05-31,duration,Median weeks,10.9164
2023-06-30,duration,Median weeks,12.9698
2023-07-31,duration,Median weeks,14.3049
2023-08-31,duration,Median weeks,16.8392
2023-09-30,duration,Median weeks,10.8402
2023-10-31,duration,Median weeks,15.6507
2023-11-30,duration,Median weeks,13.5024
2023-12-31,duration,Median weeks,11.3367
2024-01-31,duration,Median weeks,14.4483
2024-02-29,duration,Median weeks,13.5738
2024-03-31,duration,Median weeks,12.073
2024-04-30,duration,Median weeks,13.8929
2024-05-31,duration,Median weeks,12.7376
2024-06-30,duration,Median weeks,13.5712
2024-07-31,duration,Median weeks,14.8391
2024-08-31,duration,Median weeks,16.742
2024-09-30,duration,Median weeks,10.9488
2024-10-31,duration,Median weeks,18.1702
2024-11-30,duration,Median weeks,9.4995
2024-12-31,duration,Median weeks,13.0612
2025-01-31,duration,Median weeks,14.4626
2025-02-28,duration,Median weeks,13.628
2025-03-31,duration,Median weeks,11.3355
2025-04-30,duration,Median weeks,12.3857
2025-05-31,duration,Median weeks,11.7444
2025-06-30,duration,Median weeks,11.947
2025-07-31,duration,Median weeks,14.8993
2025-08-31,duration,Median weeks,13.8456
2025-09-30,duration,Median weeks,11.8357
2025-10-31,duration,Median weeks,15.1794
2025-11-30,duration,Median weeks,14.2146
2025-12-31,duration,Median weeks,15.0867
2026-01-31,duration,Median weeks,14.3168
2026-02-28,duration,Median weeks,11.6299
2026-03-31,duration,Median weeks,12.2952
2026-04-30,duration,Median weeks,14.6875
2026-05-31,duration,Median weeks,14.826
2026-06-30,duration,Median weeks,13.9211
2026-07-31,duration,Median weeks,14.2152
2018-01-31,gold,Gold,1497.0825
2018-02-28,gold,Gold,1431.0244
2018-03-31,gold,Gold,1469.5292
2018-04-30,gold,Gold,1775.9061
2018-05-31,gold,Gold,1574.8647
2018-06-30,gold,Gold,1649.6984
2018-07-31,gold,Gold,1630.6731
2018-08-31,gold,Gold,1576.1192
2018-09-30,gold,Gold,1501.1577
2018-10-31,gold,Gold,1618.2124
2018-11-30,gold,Gold,1480.2113
2018-12-31,gold,Gold,1508.6822
2019-01-31,gold,Gold,1565.5309
2019-02-28,gold,Gold,1562.1635
2019-03-31,gold,Gold,1676.9959
2019-04-30,gold,Gold,1334.9861
2019-05-31,gold,Gold,1538.3612
2019-06-30,gold,Gold,1369.4027
2019-07-31,gold,Gold,1430.9327
2019-08-31,gold,Gold,1525.1406
2019-09-30,gold,Gold,1463.2912
2019-10-31,gold,Gold,1387.801
2019-11-30,gold,Gold,1416.7283
2019-12-31,gold,Gold,1543.4496
2020-01-31,gold,Gold,1411.5458
2020-02-29,gold,Gold,1463.1607
2020-03-31,gold,Gold,1445.1921
2020-04-30,gold,Gold,1357.3031
2020-05-31,gold,Gold,1601.8745
2020-06-30,gold,Gold,1604.9216
2020-07-31,gold,Gold,1425.2878
2020-08-31,gold,Gold,1628.2011
2020-09-30,gold,Gold,1542.5751
2020-10-31,gold,Gold,1716.1273
2020-11-30,gold,Gold,1599.3878
2020-12-31,gold,Gold,1693.492
2021-01-31,gold,Gold,1701.0191
2021-02-28,gold,Gold,1722.3255
2021-03-31,gold,Gold,1582.0183
2021-04-30,gold,Gold,1723.759
2021-05-31,gold,Gold,1725.7595
2021-06-30,gold,Gold,1654.1535
2021-07-31,gold,Gold,1885.5437
2021-08-31,gold,Gold,1706.3609
2021-09-30,gold,Gold,1597.0603
2021-10-31,gold,Gold,1741.6522
2021-11-30,gold,Gold,1869.7499
2021-12-31,gold,Gold,1823.6962
2022-01-31,gold,Gold,1632.5552
2022-02-28,gold,Gold,1825.7616
2022-03-31,gold,Gold,1957.0555
2022-04-30,gold,Gold,1832.3283
2022-05-31,gold,Gold,1937.9915
2022-06-30,gold,Gold,1905.3894
2022-07-31,gold,Gold,1799.7428
2022-08-31,gold,Gold,1940.7979
2022-09-30,gold,Gold,1651.3163
2022-10-31,gold,Gold,1837.5936
2022-11-30,gold,Gold,1843.1705
2022-12-31,gold,Gold,1702.6918
2023-01-31,gold,Gold,1905.0853
2023-02-28,gold,Gold,1655.2192
2023-03-31,gold,Gold,1727.3344
2023-04-30,gold,Gold,1812.0256
2023-05-31,gold,Gold,1912.7901
2023-06-30,gold,Gold,1717.9514
2023-07-31,gold,Gold,1906.0429
2023-08-31,gold,Gold,1895.648
2023-09-30,gold,Gold,1819.871
2023-10-31,gold,Gold,1937.5565
2023-11-30,gold,Gold,1926.0418
2023-12-31,gold,Gold,1851.4716
2024-01-31,gold,Gold,1875.4191
2024-02-29,gold,Gold,1822.6007
2024-03-31,gold,Gold,1855.8861
2024-04-30,gold,Gold,1908.0242
2024-05-31,gold,Gold,1988.9815
2024-06-30,gold,Gold,1838.9492
2024-07-31,gold,Gold,2138.3126
2024-08-31,gold,Gold,1871.4008
2024-09-30,gold,Gold,2015.7443
2024-10-31,gold,Gold,2053.3815
2024-11-30,gold,Gold,2125.4016
2024-12-31,gold,Gold,2019.852
2025-01-31,gold,Gold,1985.58
2025-02-28,gold,Gold,1942.5183
2025-03-31,gold,Gold,1932.1872
2025-04-30,gold,Gold,1947.9086
2025-05-31,gold,Gold,1933.8685
2025-06-30,gold,Gold,1890.6304
2025-07-31,gold,Gold,2091.9839
2025-08-31,gold,Gold,1997.3708
2025-09-30,gold,Gold,2008.6209
2025-10-31,gold,Gold,1996.5388
2025-11-30,gold,Gold,1894.4653
2025-12-31,gold,Gold,1892.0624
2026-01-31,gold,Gold,1964.7125
2026-02-28,gold,Gold,1994.8315
2026-03-31,gold,Gold,1907.6168
2026-04-30,gold,Gold,1934.9955
2026-05-31,gold,Gold,2035.566
2026-06-30,gold,Gold,1951.3266
2026-07-31,gold,Gold,2064.0623
2018-01-31,housing,Housing starts,1208.0786
2018-02-28,housing,Housing starts,1037.9123
2018-03-31,housing,Housing starts,967.2721
2018-04-30,housing,Housing starts,700.0
2018-05-31,housing,Housing starts,902.4821
2018-06-30,housing,Housing starts,899.9852
2018-07-31,housing,Housing starts,931.5078
2018-08-31,housing,Housing starts,1069.1351
2018-09-30,housing,Housing starts,1096.0578
2018-10-31,housing,Housing starts,959.1726
2018-11-30,housing,Housing starts,1034.6996
2018-12-31,housing,Housing starts,1097.3175
2019-01-31,housing,Housing starts,1067.3194
2019-02-28,housing,Housing starts,1114.2898
2019-03-31,housing,Housing starts,1034.2993
2019-04-30,housing,Housing starts,1271.3037
2019-05-31,housing,Housing starts,1025.2898
2019-06-30,housing,Housing starts,1262.5314
2019-07-31,housing,Housing starts,1293.008
2019-08-31,housing,Housing starts,1077.6484
2019-09-30,housing,Housing starts,1226.2748
2019-10-31,housing,Housing starts,1158.8299
2019-11-30,housing,Housing starts,1097.4005
2019-12-31,housing,Housing starts,1171.9204
2020-01-31,housing,Housing starts,1246.0394
2020-02-29,housing,Housing starts,1229.0985
2020-03-31,housing,Housing starts,1329.4732
2020-04-30,housing,Housing starts,1373.7515
2020-05-31,housing,Housing starts,966.3224
2020-06-30,housing,Housing starts,1152.8843
2020-07-31,housing,Housing starts,1485.2514
2020-08-31,housing,Housing starts,1323.4234
2020-09-30,housing,Housing starts,1247.019
2020-10-31,housing,Housing starts,1174.9029
2020-11-30,housing,Housing starts,1321.3769
2020-12-31,housing,Housing starts,1297.8382
2021-01-31,housing,Housing starts,1366.4017
2021-02-28,housing,Housing starts,1358.4203
2021-03-31,housing,Housing starts,1495.3098
2021-04-30,housing,Housing starts,1511.9298
2021-05-31,housing,Housing starts,1424.5959
2021-06-30,housing,Housing starts,1336.8133
2021-07-31,housing,Housing starts,1091.237
2021-08-31,housing,Housing starts,1376.5195
2021-09-30,housing,Housing starts,1578.8587
2021-10-31,housing,Housing starts,1390.7846
2021-11-30,housing,Housing starts,1285.3261
2021-12-31,housing,Housing starts,1308.2144
2022-01-31,housing,Housing starts,1353.8392
2022-02-28,housing,Housing starts,1443.8624
2022-03-31,housing,Housing starts,1314.4665
2022-04-30,housing,Housing starts,1371.0508
2022-05-31,housing,Housing starts,1334.9057
2022-06-30,housing,Housing starts,1188.9659
2022-07-31,housing,Housing starts,1336.7841
2022-08-31,housing,Housing starts,1325.9982
2022-09-30,housing,Housing starts,1526.6991
2022-10-31,housing,Housing starts,1463.1367
2022-11-30,housing,Housing starts,1365.7905
2022-12-31,housing,Housing starts,1465.9164
2023-01-31,housing,Housing starts,1292.7347
2023-02-28,housing,Housing starts,1234.3452
2023-03-31,housing,Housing starts,1193.8817
2023-04-30,housing,Housing starts,1213.923
2023-05-31,housing,Housing starts,1029.9335
2023-06-30,housing,Housing starts,1366.2746
2023-07-31,housing,Housing starts,1101.2541
2023-08-31,housing,Housing starts,1213.7228
2023-09-30,housing,Housing starts,1416.6493
2023-10-31,housing,Housing starts,1199.4695
2023-11-30,housing,Housing starts,1331.9051
2023-12-31,housing,Housing starts,1363.4881
2024-01-31,housing,Housing starts,1353.3452
2024-02-29,housing,Housing starts,1472.9236
2024-03-31,housing,Housing starts,1225.1153
2024-04-30,housing,Housing starts,1272.5856
2024-05-31,housing,Housing starts,788.1464
2024-06-30,housing,Housing starts,1280.2313
2024-07-31,housing,Housing starts,1026.2639
2024-08-31,housing,Housing starts,1390.6845
2024-09-30,housing,Housing starts,1237.363
2024-10-31,housing,Housing starts,1306.803
2024-11-30,housing,Housing starts,1068.4958
2024-12-31,housing,Housing starts,1327.358
2025-01-31,housing,Housing starts,1288.1375
2025-02-28,housing,Housing starts,1370.8937
2025-03-31,housing,Housing starts,1517.7043
2025-04-30,housing,Housing starts,1418.1245
2025-05-31,housing,Housing starts,1172.9119
2025-06-30,housing,Housing starts,1234.1068
2025-07-31,housing,Housing starts,1256.0439
2025-08-31,housing,Housing starts,1203.2906
2025-09-30,housing,Housing starts,1186.5244
2025-10-31,housing,Housing starts,1217.0735
2025-11-30,housing,Housing starts,1249.9626
2025-12-31,housing,Housing starts,1319.3969
2026-01-31,housing,Housing starts,1129.0717
2026-02-28,housing,Housing starts,1158.6897
2026-03-31,housing,Housing starts,1106.1066
2026-04-30,housing,Housing starts,1085.9117
2026-05-31,housing,Housing starts,1006.29
2026-06-30,housing,Housing starts,1359.9609
2026-07-31,housing,Housing starts,1278.4646
2018-01-31,inflation,CPI,1.5582
2018-02-28,inflation,CPI,2.071
2018-03-31,inflation,CPI,2.5232
2018-04-30,inflation,CPI,3.7089
2018-05-31,inflation,CPI,2.3397
2018-06-30,inflation,CPI,2.406
2018-07-31,inflation,CPI,2.1404
2018-08-31,inflation,CPI,0.665
2018-09-30,inflation,CPI,2.1788
2018-10-31,inflation,CPI,2.2482
2018-11-30,inflation,CPI,4.1706
2018-12-31,inflation,CPI,2.0461
2019-01-31,inflation,CPI,2.4412
2019-02-28,inflation,CPI,2.1722
2019-03-31,inflation,CPI,1.2651
2019-04-30,inflation,CPI,3.1143
2019-05-31,inflation,CPI,2.8015
2019-06-30,inflation,CPI,2.8328
2019-07-31,inflation,CPI,1.4725
2019-08-31,inflation,CPI,3.3222
2019-09-30,inflation,CPI,1.0785
2019-10-31,inflation,CPI,2.6695
2019-11-30,inflation,CPI,3.9524
2019-12-31,inflation,CPI,1.4076
2020-01-31,inflation,CPI,1.747
2020-02-29,inflation,CPI,2.2797
2020-03-31,inflation,CPI,1.7972
2020-04-30,inflation,CPI,0.9595
2020-05-31,inflation,CPI,2.2548
2020-06-30,inflation,CPI,1.3502
2020-07-31,inflation,CPI,2.5789
2020-08-31,inflation,CPI,1.4645
2020-09-30,inflation,CPI,3.4399
2020-10-31,inflation,CPI,1.5734
2020-11-30,inflation,CPI,1.9424
2020-12-31,inflation,CPI,2.8508
2021-01-31,inflation,CPI,1.2153
2021-02-28,inflation,CPI,2.382
2021-03-31,inflation,CPI,3.2457
2021-04-30,inflation,CPI,0.914
2021-05-31,inflation,CPI,2.3477
2021-06-30,inflation,CPI,2.4079
2021-07-31,inflation,CPI,2.8255
2021-08-31,inflation,CPI,1.2104
2021-09-30,inflation,CPI,1.1436
2021-10-31,inflation,CPI,2.6176
2021-11-30,inflation,CPI,2.4376
2021-12-31,inflation,CPI,2.4004
2022-01-31,inflation,CPI,2.4772
2022-02-28,inflation,CPI,1.656
2022-03-31,inflation,CPI,2.3858
2022-04-30,inflation,CPI,2.4345
2022-05-31,inflation,CPI,1.6285
2022-06-30,inflation,CPI,3.6926
2022-07-31,inflation,CPI,2.5791
2022-08-31,inflation,CPI,1.247
2022-09-30,inflation,CPI,2.7252
2022-10-31,inflation,CPI,1.4203
2022-11-30,inflation,CPI,2.8297
2022-12-31,inflation,CPI,3.1269
2023-01-31,inflation,CPI,1.5435
2023-02-28,inflation,CPI,2.9707
2023-03-31,inflation,CPI,2.5302
2023-04-30,inflation,CPI,2.8576
2023-05-31,inflation,CPI,3.7174
2023-06-30,inflation,CPI,2.0037
2023-07-31,inflation,CPI,1.597
2023-08-31,inflation,CPI,1.4884
2023-09-30,inflation,CPI,1.5474
2023-10-31,inflation,CPI,2.1383
2023-11-30,inflation,CPI,2.4729
2023-12-31,inflation,CPI,2.4214
2024-01-31,inflation,CPI,2.8617
2024-02-29,inflation,CPI,2.2104
2024-03-31,inflation,CPI,3.3628
2024-04-30,inflation,CPI,1.9883
2024-05-31,inflation,CPI,4.3761
2024-06-30,inflation,CPI,2.7005
2024-07-31,inflation,CPI,1.5143
2024-08-31,inflation,CPI,1.3433
2024-09-30,inflation,CPI,2.586
2024-10-31,inflation,CPI,2.0212
2024-11-30,inflation,CPI,2.7712
2024-12-31,inflation,CPI,2.5786
2025-01-31,inflation,CPI,2.1417
2025-02-28,inflation,CPI,1.5226
2025-03-31,inflation,CPI,0.9881
2025-04-30,inflation,CPI,1.8428
2025-05-31,inflation,CPI,2.8851
2025-06-30,inflation,CPI,2.3713
2025-07-31,inflation,CPI,1.2034
2025-08-31,inflation,CPI,2.3385
2025-09-30,inflation,CPI,2.5083
2025-10-31,inflation,CPI,1.4929
2025-11-30,inflation,CPI,2.323
2025-12-31,inflation,CPI,2.2466
2026-01-31,inflation,CPI,1.2856
2026-02-28,inflation,CPI,2.4862
2026-03-31,inflation,CPI,2.6486
2026-04-30,inflation,CPI,3.0664
2026-05-31,inflation,CPI,3.043
2026-06-30,inflation,CPI,1.0979
2026-07-31,inflation,CPI,1.4497
2018-01-31,inflation,Core CPI,1.6582
2018-02-28,inflation,Core CPI,2.1065
2018-03-31,inflation,Core CPI,2.4832
2018-04-30,inflation,Core CPI,3.452
2018-05-31,inflation,Core CPI,2.4505
2018-06-30,inflation,Core CPI,2.4521
2018-07-31,inflation,Core CPI,2.26
2018-08-31,inflation,Core CPI,1.1222
2018-09-30,inflation,Core CPI,2.1884
2018-10-31,inflation,Core CPI,2.2511
2018-11-30,inflation,Core CPI,3.6753
2018-12-31,inflation,Core CPI,2.1609
2019-01-31,inflation,Core CPI,2.507
2019-02-28,inflation,Core CPI,2.3252
2019-03-31,inflation,Core CPI,1.6042
2019-04-30,inflation,Core CPI,2.883
2019-05-31,inflation,Core CPI,2.7616
2019-06-30,inflation,Core CPI,2.8346
2019-07-31,inflation,Core CPI,1.8559
2019-08-31,inflation,Core CPI,3.209
2019-09-30,inflation,Core CPI,1.5792
2019-10-31,inflation,Core CPI,2.7048
2019-11-30,inflation,Core CPI,3.6554
2019-12-31,inflation,Core CPI,1.8162
2020-01-31,inflation,Core CPI,2.0466
2020-02-29,inflation,Core CPI,2.3501
2020-03-31,inflation,Core CPI,1.9922
2020-04-30,inflation,Core CPI,1.3977
2020-05-31,inflation,Core CPI,2.32
2020-06-30,inflation,Core CPI,1.6168
2020-07-31,inflation,Core CPI,2.5049
2020-08-31,inflation,Core CPI,1.7145
2020-09-30,inflation,Core CPI,3.2316
2020-10-31,inflation,Core CPI,1.8816
2020-11-30,inflation,Core CPI,2.0764
2020-12-31,inflation,Core CPI,2.7644
2021-01-31,inflation,Core CPI,1.6016
2021-02-28,inflation,Core CPI,2.361
2021-03-31,inflation,Core CPI,3.1075
2021-04-30,inflation,Core CPI,1.4941
2021-05-31,inflation,Core CPI,2.4799
2021-06-30,inflation,Core CPI,2.4996
2021-07-31,inflation,Core CPI,2.8017
2021-08-31,inflation,Core CPI,1.7129
2021-09-30,inflation,Core CPI,1.5938
2021-10-31,inflation,Core CPI,2.5995
2021-11-30,inflation,Core CPI,2.556
2021-12-31,inflation,Core CPI,2.5273
2022-01-31,inflation,Core CPI,2.5979
2022-02-28,inflation,Core CPI,1.9692
2022-03-31,inflation,Core CPI,2.4253
2022-04-30,inflation,Core CPI,2.5599
2022-05-31,inflation,Core CPI,1.906
2022-06-30,inflation,Core CPI,3.4053
2022-07-31,inflation,Core CPI,2.6336
2022-08-31,inflation,Core CPI,1.7337
2022-09-30,inflation,Core CPI,2.8112
2022-10-31,inflation,Core CPI,1.86
2022-11-30,inflation,Core CPI,2.8265
2022-12-31,inflation,Core CPI,3.0475
2023-01-31,inflation,Core CPI,1.9033
2023-02-28,inflation,Core CPI,2.9846
2023-03-31,inflation,Core CPI,2.6401
2023-04-30,inflation,Core CPI,2.9704
2023-05-31,inflation,Core CPI,3.6189
2023-06-30,inflation,Core CPI,2.3102
2023-07-31,inflation,Core CPI,1.9818
2023-08-31,inflation,Core CPI,1.9281
2023-09-30,inflation,Core CPI,1.9398
2023-10-31,inflation,Core CPI,2.3024
2023-11-30,inflation,Core CPI,2.6123
2023-12-31,inflation,Core CPI,2.552
2024-01-31,inflation,Core CPI,2.934
2024-02-29,inflation,Core CPI,2.459
2024-03-31,inflation,Core CPI,3.2858
2024-04-30,inflation,Core CPI,2.2485
2024-05-31,inflation,Core CPI,3.9231
2024-06-30,inflation,Core CPI,2.7668
2024-07-31,inflation,Core CPI,1.9264
2024-08-31,inflation,Core CPI,1.8312
2024-09-30,inflation,Core CPI,2.8087
2024-10-31,inflation,Core CPI,2.3849
2024-11-30,inflation,Core CPI,2.8634
2024-12-31,inflation,Core CPI,2.7532
2025-01-31,inflation,Core CPI,2.4121
2025-02-28,inflation,Core CPI,1.9188
2025-03-31,inflation,Core CPI,1.5153
2025-04-30,inflation,Core CPI,2.1392
2025-05-31,inflation,Core CPI,2.7866
2025-06-30,inflation,Core CPI,2.3877
2025-07-31,inflation,Core CPI,1.5923
2025-08-31,inflation,Core CPI,2.3493
2025-09-30,inflation,Core CPI,2.4704
2025-10-31,inflation,Core CPI,1.797
2025-11-30,inflation,Core CPI,2.3041
2025-12-31,inflation,Core CPI,2.229
2026-01-31,inflation,Core CPI,1.5563
2026-02-28,inflation,Core CPI,2.409
2026-03-31,inflation,Core CPI,2.5599
2026-04-30,inflation,Core CPI,2.9208
2026-05-31,inflation,Core CPI,2.9515
2026-06-30,inflation,Core CPI,1.5431
2026-07-31,inflation,Core CPI,1.8447
2018-01-31,inflation,Core PCE,1.2582
2018-02-28,inflation,Core PCE,1.5944
2018-03-31,inflation,Core PCE,2.0592
2018-04-30,inflation,Core PCE,3.0607
2018-05-31,inflation,Core PCE,2.0244
2018-06-30,inflation,Core PCE,1.9588
2018-07-31,inflation,Core PCE,1.7718
2018-08-31,inflation,Core PCE,0.6988
2018-09-30,inflation,Core PCE,1.7668
2018-10-31,inflation,Core PCE,1.8273
2018-11-30,inflation,Core PCE,3.2833
2018-12-31,inflation,Core PCE,1.8815
2019-01-31,inflation,Core PCE,2.2042
2019-02-28,inflation,Core PCE,2.0338
2019-03-31,inflation,Core PCE,1.4097
2019-04-30,inflation,Core PCE,2.6748
2019-05-31,inflation,Core PCE,2.4772
2019-06-30,inflation,Core PCE,2.4486
2019-07-31,inflation,Core PCE,1.5058
2019-08-31,inflation,Core PCE,2.779
2019-09-30,inflation,Core PCE,1.217
2019-10-31,inflation,Core PCE,2.2602
2019-11-30,inflation,Core PCE,3.2143
2019-12-31,inflation,Core PCE,1.4115
2020-01-31,inflation,Core PCE,1.6322
2020-02-29,inflation,Core PCE,1.9932
2020-03-31,inflation,Core PCE,1.5731
2020-04-30,inflation,Core PCE,1.0692
2020-05-31,inflation,Core PCE,1.9574
2020-06-30,inflation,Core PCE,1.2681
2020-07-31,inflation,Core PCE,2.2542
2020-08-31,inflation,Core PCE,1.4567
2020-09-30,inflation,Core PCE,2.8865
2020-10-31,inflation,Core PCE,1.5071
2020-11-30,inflation,Core PCE,1.8437
2020-12-31,inflation,Core PCE,2.4833
2021-01-31,inflation,Core PCE,1.2842
2021-02-28,inflation,Core PCE,2.0928
2021-03-31,inflation,Core PCE,2.6464
2021-04-30,inflation,Core PCE,1.0392
2021-05-31,inflation,Core PCE,2.0647
2021-06-30,inflation,Core PCE,2.1643
2021-07-31,inflation,Core PCE,2.3798
2021-08-31,inflation,Core PCE,1.2587
2021-09-30,inflation,Core PCE,1.0936
2021-10-31,inflation,Core PCE,2.1688
2021-11-30,inflation,Core PCE,2.1018
2021-12-31,inflation,Core PCE,2.0736
2022-01-31,inflation,Core PCE,2.1117
2022-02-28,inflation,Core PCE,1.5299
2022-03-31,inflation,Core PCE,1.9707
2022-04-30,inflation,Core PCE,2.0528
2022-05-31,inflation,Core PCE,1.4458
2022-06-30,inflation,Core PCE,2.9255
2022-07-31,inflation,Core PCE,2.1185
2022-08-31,inflation,Core PCE,1.1698
2022-09-30,inflation,Core PCE,2.2971
2022-10-31,inflation,Core PCE,1.3884
2022-11-30,inflation,Core PCE,2.3157
2022-12-31,inflation,Core PCE,2.5988
2023-01-31,inflation,Core PCE,1.3737
2023-02-28,inflation,Core PCE,2.3932
2023-03-31,inflation,Core PCE,2.1462
2023-04-30,inflation,Core PCE,2.4065
2023-05-31,inflation,Core PCE,3.1296
2023-06-30,inflation,Core PCE,1.9633
2023-07-31,inflation,Core PCE,1.6142
2023-08-31,inflation,Core PCE,1.5896
2023-09-30,inflation,Core PCE,1.573
2023-10-31,inflation,Core PCE,1.947
2023-11-30,inflation,Core PCE,2.111
2023-12-31,inflation,Core PCE,2.086
2024-01-31,inflation,Core PCE,2.353
2024-02-29,inflation,Core PCE,1.9432
2024-03-31,inflation,Core PCE,2.7771
2024-04-30,inflation,Core PCE,1.829
2024-05-31,inflation,Core PCE,3.4608
2024-06-30,inflation,Core PCE,2.3647
2024-07-31,inflation,Core PCE,1.5177
2024-08-31,inflation,Core PCE,1.4261
2024-09-30,inflation,Core PCE,2.3453
2024-10-31,inflation,Core PCE,1.8805
2024-11-30,inflation,Core PCE,2.4662
2024-12-31,inflation,Core PCE,2.2459
2025-01-31,inflation,Core PCE,1.9195
2025-02-28,inflation,Core PCE,1.4711
2025-03-31,inflation,Core PCE,1.09
2025-04-30,inflation,Core PCE,1.6796
2025-05-31,inflation,Core PCE,2.391
2025-06-30,inflation,Core PCE,2.0845
2025-07-31,inflation,Core PCE,1.245
2025-08-31,inflation,Core PCE,2.0278
2025-09-30,inflation,Core PCE,2.1049
2025-10-31,inflation,Core PCE,1.3301
2025-11-30,inflation,Core PCE,1.8277
2025-12-31,inflation,Core PCE,1.6918
2026-01-31,inflation,Core PCE,1.0155
2026-02-28,inflation,Core PCE,1.8374
2026-03-31,inflation,Core PCE,2.0115
2026-04-30,inflation,Core PCE,2.2899
2026-05-31,inflation,Core PCE,2.301
2026-06-30,inflation,Core PCE,0.8762
2026-07-31,inflation,Core PCE,1.1801
2018-01-31,inflation,PCE,1.2082
2018-02-28,inflation,PCE,1.669
2018-03-31,inflation,PCE,2.1666
2018-04-30,inflation,PCE,3.4003
2018-05-31,inflation,PCE,1.9273
2018-06-30,inflation,PCE,1.9379
2018-07-31,inflation,PCE,1.6964
2018-08-31,inflation,PCE,0.2192
2018-09-30,inflation,PCE,1.7466
2018-10-31,inflation,PCE,1.7856
2018-11-30,inflation,PCE,3.7689
2018-12-31,inflation,PCE,1.6911
2019-01-31,inflation,PCE,2.0902
2019-02-28,inflation,PCE,1.8778
2019-03-31,inflation,PCE,0.9856
2019-04-30,inflation,PCE,2.7813
2019-05-31,inflation,PCE,2.4844
2019-06-30,inflation,PCE,2.4628
2019-07-31,inflation,PCE,1.1494
2019-08-31,inflation,PCE,2.9926
2019-09-30,inflation,PCE,0.7366
2019-10-31,inflation,PCE,2.2923
2019-11-30,inflation,PCE,3.6404
2019-12-31,inflation,PCE,1.0822
2020-01-31,inflation,PCE,1.3965
2020-02-29,inflation,PCE,1.9117
2020-03-31,inflation,PCE,1.4585
2020-04-30,inflation,PCE,0.6373
2020-05-31,inflation,PCE,1.9492
2020-06-30,inflation,PCE,1.0594
2020-07-31,inflation,PCE,2.3863
2020-08-31,inflation,PCE,1.2279
2020-09-30,inflation,PCE,3.1608
2020-10-31,inflation,PCE,1.2429
2020-11-30,inflation,PCE,1.6398
2020-12-31,inflation,PCE,2.5976
2021-01-31,inflation,PCE,0.9418
2021-02-28,inflation,PCE,2.055
2021-03-31,inflation,PCE,2.8741
2021-04-30,inflation,PCE,0.5782
2021-05-31,inflation,PCE,2.0469
2021-06-30,inflation,PCE,2.1269
2021-07-31,inflation,PCE,2.5008
2021-08-31,inflation,PCE,0.8936
2021-09-30,inflation,PCE,0.8276
2021-10-31,inflation,PCE,2.3074
2021-11-30,inflation,PCE,2.165
2021-12-31,inflation,PCE,2.1274
2022-01-31,inflation,PCE,2.2266
2022-02-28,inflation,PCE,1.3938
2022-03-31,inflation,PCE,2.1249
2022-04-30,inflation,PCE,2.1918
2022-05-31,inflation,PCE,1.2969
2022-06-30,inflation,PCE,3.3423
2022-07-31,inflation,PCE,2.2052
2022-08-31,inflation,PCE,0.8448
2022-09-30,inflation,PCE,2.3171
2022-10-31,inflation,PCE,1.0956
2022-11-30,inflation,PCE,2.4579
2022-12-31,inflation,PCE,2.8068
2023-01-31,inflation,PCE,1.1347
2023-02-28,inflation,PCE,2.5541
2023-03-31,inflation,PCE,2.1317
2023-04-30,inflation,PCE,2.4957
2023-05-31,inflation,PCE,3.3929
2023-06-30,inflation,PCE,1.715
2023-07-31,inflation,PCE,1.2817
2023-08-31,inflation,PCE,1.1447
2023-09-30,inflation,PCE,1.2456
2023-10-31,inflation,PCE,1.8198
2023-11-30,inflation,PCE,2.0859
2023-12-31,inflation,PCE,1.9832
2024-01-31,inflation,PCE,2.3909
2024-02-29,inflation,PCE,1.7825
2024-03-31,inflation,PCE,2.9537
2024-04-30,inflation,PCE,1.6226
2024-05-31,inflation,PCE,3.9914
2024-06-30,inflation,PCE,2.329
2024-07-31,inflation,PCE,1.1772
2024-08-31,inflation,PCE,0.9888
2024-09-30,inflation,PCE,2.255
2024-10-31,inflation,PCE,1.6543
2024-11-30,inflation,PCE,2.3887
2024-12-31,inflation,PCE,2.1819
2025-01-31,inflation,PCE,1.6922
2025-02-28,inflation,PCE,1.1123
2025-03-31,inflation,PCE,0.5634
2025-04-30,inflation,PCE,1.4299
2025-05-31,inflation,PCE,2.5057
2025-06-30,inflation,PCE,2.0186
2025-07-31,inflation,PCE,0.8844
2025-08-31,inflation,PCE,2.01
2025-09-30,inflation,PCE,2.1553
2025-10-31,inflation,PCE,1.1364
2025-11-30,inflation,PCE,1.8831
2025-12-31,inflation,PCE,1.7478
2026-01-31,inflation,PCE,0.743
2026-02-28,inflation,PCE,1.9227
2026-03-31,inflation,PCE,2.1371
2026-04-30,inflation,PCE,2.5339
2026-05-31,inflation,PCE,2.5189
2026-06-30,inflation,PCE,0.6648
2026-07-31,inflation,PCE,1.0114
2018-01-31,jobs,JOLTS openings,5275.5278
2018-02-28,jobs,JOLTS openings,5177.6001
2018-03-31,jobs,JOLTS openings,5183.6167
2018-04-30,jobs,JOLTS openings,4500.0
2018-05-31,jobs,JOLTS openings,5268.7307
2018-06-30,jobs,JOLTS openings,5049.7568
2018-07-31,jobs,JOLTS openings,5118.618
2018-08-31,jobs,JOLTS openings,5451.9741
2018-09-30,jobs,JOLTS openings,6137.2146
2018-10-31,jobs,JOLTS openings,5448.8766
2018-11-30,jobs,JOLTS openings,6287.5542
2018-12-31,jobs,JOLTS openings,5658.1729
2019-01-31,jobs,JOLTS openings,5651.2269
2019-02-28,jobs,JOLTS openings,5387.4544
2019-03-31,jobs,JOLTS openings,4500.0
2019-04-30,jobs,JOLTS openings,6643.98
2019-05-31,jobs,JOLTS openings,4878.6735
2019-06-30,jobs,JOLTS openings,6465.2428
2019-07-31,jobs,JOLTS openings,5654.0702
2019-08-31,jobs,JOLTS openings,4796.5016
2019-09-30,jobs,JOLTS openings,5456.4506
2019-10-31,jobs,JOLTS openings,6127.0162
2019-11-30,jobs,JOLTS openings,5965.1119
2019-12-31,jobs,JOLTS openings,5140.9309
2020-01-31,jobs,JOLTS openings,5960.9736
2020-02-29,jobs,JOLTS openings,5381.9925
2020-03-31,jobs,JOLTS openings,5677.9367
2020-04-30,jobs,JOLTS openings,6215.4165
2020-05-31,jobs,JOLTS openings,4500.0
2020-06-30,jobs,JOLTS openings,5175.0595
2020-07-31,jobs,JOLTS openings,6799.3939
2020-08-31,jobs,JOLTS openings,5480.1934
2020-09-30,jobs,JOLTS openings,5905.8442
2020-10-31,jobs,JOLTS openings,5379.3567
2020-11-30,jobs,JOLTS openings,6413.1242
2020-12-31,jobs,JOLTS openings,5930.6251
2021-01-31,jobs,JOLTS openings,5434.7579
2021-02-28,jobs,JOLTS openings,5268.6799
2021-03-31,jobs,JOLTS openings,6539.9208
2021-04-30,jobs,JOLTS openings,6152.362
2021-05-31,jobs,JOLTS openings,6162.4002
2021-06-30,jobs,JOLTS openings,5975.8847
2021-07-31,jobs,JOLTS openings,4569.5904
2021-08-31,jobs,JOLTS openings,5530.227
2021-09-30,jobs,JOLTS openings,6624.971
2021-10-31,jobs,JOLTS openings,5463.7468
2021-11-30,jobs,JOLTS openings,4870.2518
2021-12-31,jobs,JOLTS openings,5492.5095
2022-01-31,jobs,JOLTS openings,6946.4815
2022-02-28,jobs,JOLTS openings,6448.8445
2022-03-31,jobs,JOLTS openings,5043.7749
2022-04-30,jobs,JOLTS openings,6142.9917
2022-05-31,jobs,JOLTS openings,5324.9941
2022-06-30,jobs,JOLTS openings,4973.6294
2022-07-31,jobs,JOLTS openings,6044.7603
2022-08-31,jobs,JOLTS openings,5438.021
2022-09-30,jobs,JOLTS openings,6983.3778
2022-10-31,jobs,JOLTS openings,6363.3039
2022-11-30,jobs,JOLTS openings,5921.8319
2022-12-31,jobs,JOLTS openings,6609.5267
2023-01-31,jobs,JOLTS openings,4699.4698
2023-02-28,jobs,JOLTS openings,6482.3604
2023-03-31,jobs,JOLTS openings,5997.9576
2023-04-30,jobs,JOLTS openings,5565.3946
2023-05-31,jobs,JOLTS openings,4759.0952
2023-06-30,jobs,JOLTS openings,6434.2997
2023-07-31,jobs,JOLTS openings,4789.5297
2023-08-31,jobs,JOLTS openings,5653.2936
2023-09-30,jobs,JOLTS openings,6431.6484
2023-10-31,jobs,JOLTS openings,5617.6519
2023-11-30,jobs,JOLTS openings,5658.2781
2023-12-31,jobs,JOLTS openings,6106.3051
2024-01-31,jobs,JOLTS openings,5689.4729
2024-02-29,jobs,JOLTS openings,5860.1024
2024-03-31,jobs,JOLTS openings,5634.6557
2024-04-30,jobs,JOLTS openings,5171.6904
2024-05-31,jobs,JOLTS openings,4636.6405
2024-06-30,jobs,JOLTS openings,6500.6457
2024-07-31,jobs,JOLTS openings,4500.0
2024-08-31,jobs,JOLTS openings,6853.674
2024-09-30,jobs,JOLTS openings,5789.3391
2024-10-31,jobs,JOLTS openings,5183.7679
2024-11-30,jobs,JOLTS openings,5505.4921
2024-12-31,jobs,JOLTS openings,6078.1319
2025-01-31,jobs,JOLTS openings,5743.6847
2025-02-28,jobs,JOLTS openings,5921.0182
2025-03-31,jobs,JOLTS openings,6008.8298
2025-04-30,jobs,JOLTS openings,5062.9643
2025-05-31,jobs,JOLTS openings,5308.8152
2025-06-30,jobs,JOLTS openings,5870.996
2025-07-31,jobs,JOLTS openings,4644.6839
2025-08-31,jobs,JOLTS openings,4955.1888
2025-09-30,jobs,JOLTS openings,4634.8333
2025-10-31,jobs,JOLTS openings,4786.8474
2025-11-30,jobs,JOLTS openings,5784.4764
2025-12-31,jobs,JOLTS openings,5758.2888
2026-01-31,jobs,JOLTS openings,4807.7792
2026-02-28,jobs,JOLTS openings,4995.8278
2026-03-31,jobs,JOLTS openings,5451.1096
2026-04-30,jobs,JOLTS openings,5476.049
2026-05-31,jobs,JOLTS openings,4574.0064
2026-06-30,jobs,JOLTS openings,5758.8237
2026-07-31,jobs,JOLTS openings,5223.7761
2018-01-31,jobs,Payroll change / month,170.0
2018-02-28,jobs,Payroll change / month,180.0141
2018-03-31,jobs,Payroll change / month,207.2327
2018-04-30,jobs,Payroll change / month,-1274.1221
2018-05-31,jobs,Payroll change / month,117.3017
2018-06-30,jobs,Payroll change / month,-59.3229
2018-07-31,jobs,Payroll change / month,1514.4423
2018-08-31,jobs,Payroll change / month,183.5909
2018-09-30,jobs,Payroll change / month,902.969
2018-10-31,jobs,Payroll change / month,363.1637
2018-11-30,jobs,Payroll change / month,860.5537
2018-12-31,jobs,Payroll change / month,161.7557
2019-01-31,jobs,Payroll change / month,773.4574
2019-02-28,jobs,Payroll change / month,-217.2333
2019-03-31,jobs,Payroll change / month,-1010.0793
2019-04-30,jobs,Payroll change / month,686.6209
2019-05-31,jobs,Payroll change / month,-241.5
2019-06-30,jobs,Payroll change / month,1845.8923
2019-07-31,jobs,Payroll change / month,-530.5756
2019-08-31,jobs,Payroll change / month,-95.2906
2019-09-30,jobs,Payroll change / month,-721.2488
2019-10-31,jobs,Payroll change / month,331.7714
2019-11-30,jobs,Payroll change / month,913.995
2019-12-31,jobs,Payroll change / month,-184.8845
2020-01-31,jobs,Payroll change / month,-28.95
2020-02-29,jobs,Payroll change / month,-252.4683
2020-03-31,jobs,Payroll change / month,460.5406
2020-04-30,jobs,Payroll change / month,136.0524
2020-05-31,jobs,Payroll change / month,-676.3639
2020-06-30,jobs,Payroll change / month,-131.8398
2020-07-31,jobs,Payroll change / month,778.9529
2020-08-31,jobs,Payroll change / month,1012.9142
2020-09-30,jobs,Payroll change / month,743.5715
2020-10-31,jobs,Payroll change / month,-1146.6355
2020-11-30,jobs,Payroll change / month,568.2463
2020-12-31,jobs,Payroll change / month,-152.4721
2021-01-31,jobs,Payroll change / month,306.8086
2021-02-28,jobs,Payroll change / month,-657.7965
2021-03-31,jobs,Payroll change / month,535.387
2021-04-30,jobs,Payroll change / month,415.4169
2021-05-31,jobs,Payroll change / month,706.5304
2021-06-30,jobs,Payroll change / month,-71.6648
2021-07-31,jobs,Payroll change / month,-791.4558
2021-08-31,jobs,Payroll change / month,-227.9628
2021-09-30,jobs,Payroll change / month,465.4925
2021-10-31,jobs,Payroll change / month,608.8884
2021-11-30,jobs,Payroll change / month,-544.0309
2021-12-31,jobs,Payroll change / month,-782.6664
2022-01-31,jobs,Payroll change / month,1263.7697
2022-02-28,jobs,Payroll change / month,1375.2829
2022-03-31,jobs,Payroll change / month,45.8217
2022-04-30,jobs,Payroll change / month,-240.9316
2022-05-31,jobs,Payroll change / month,-288.0137
2022-06-30,jobs,Payroll change / month,326.393
2022-07-31,jobs,Payroll change / month,207.6142
2022-08-31,jobs,Payroll change / month,292.7922
2022-09-30,jobs,Payroll change / month,1446.7902
2022-10-31,jobs,Payroll change / month,163.0256
2022-11-30,jobs,Payroll change / month,268.8722
2022-12-31,jobs,Payroll change / month,-305.2968
2023-01-31,jobs,Payroll change / month,-1071.7738
2023-02-28,jobs,Payroll change / month,624.8119
2023-03-31,jobs,Payroll change / month,-199.0059
2023-04-30,jobs,Payroll change / month,873.7077
2023-05-31,jobs,Payroll change / month,-1103.0613
2023-06-30,jobs,Payroll change / month,571.0006
2023-07-31,jobs,Payroll change / month,-260.9793
2023-08-31,jobs,Payroll change / month,815.8063
2023-09-30,jobs,Payroll change / month,-15.7308
2023-10-31,jobs,Payroll change / month,479.0456
2023-11-30,jobs,Payroll change / month,90.6749
2023-12-31,jobs,Payroll change / month,-9.8797
2024-01-31,jobs,Payroll change / month,252.562
2024-02-29,jobs,Payroll change / month,388.4875
2024-03-31,jobs,Payroll change / month,-242.4424
2024-04-30,jobs,Payroll change / month,-135.1431
2024-05-31,jobs,Payroll change / month,-768.5864
2024-06-30,jobs,Payroll change / month,746.9274
2024-07-31,jobs,Payroll change / month,-490.8421
2024-08-31,jobs,Payroll change / month,1741.8522
2024-09-30,jobs,Payroll change / month,-312.1027
2024-10-31,jobs,Payroll change / month,776.7003
2024-11-30,jobs,Payroll change / month,-926.7572
2024-12-31,jobs,Payroll change / month,358.1945
2025-01-31,jobs,Payroll change / month,471.4591
2025-02-28,jobs,Payroll change / month,504.5697
2025-03-31,jobs,Payroll change / month,138.9899
2025-04-30,jobs,Payroll change / month,-304.1138
2025-05-31,jobs,Payroll change / month,-203.4522
2025-06-30,jobs,Payroll change / month,230.1021
2025-07-31,jobs,Payroll change / month,138.3928
2025-08-31,jobs,Payroll change / month,200.8038
2025-09-30,jobs,Payroll change / month,-560.0523
2025-10-31,jobs,Payroll change / month,297.6435
2025-11-30,jobs,Payroll change / month,671.4679
2025-12-31,jobs,Payroll change / month,822.0501
2026-01-31,jobs,Payroll change / month,186.4079
2026-02-28,jobs,Payroll change / month,-416.0148
2026-03-31,jobs,Payroll change / month,-40.4564
2026-04-30,jobs,Payroll change / month,444.9885
2026-05-31,jobs,Payroll change / month,-99.841
2026-06-30,jobs,Payroll change / month,394.4699
2026-07-31,jobs,Payroll change / month,-56.5486
2018-01-31,nasdaq,NASDAQ,6770.4188
2018-02-28,nasdaq,NASDAQ,6964.9875
2018-03-31,nasdaq,NASDAQ,6419.002
2018-04-30,nasdaq,NASDAQ,6448.3025
2018-05-31,nasdaq,NASDAQ,6326.1618
2018-06-30,nasdaq,NASDAQ,6710.7268
2018-07-31,nasdaq,NASDAQ,6948.2289
2018-08-31,nasdaq,NASDAQ,7085.153
2018-09-30,nasdaq,NASDAQ,6990.8435
2018-10-31,nasdaq,NASDAQ,6764.6248
2018-11-30,nasdaq,NASDAQ,6779.5446
2018-12-31,nasdaq,NASDAQ,7132.28
2019-01-31,nasdaq,NASDAQ,7532.1773
2019-02-28,nasdaq,NASDAQ,7296.3902
2019-03-31,nasdaq,NASDAQ,7187.5716
2019-04-30,nasdaq,NASDAQ,7400.2814
2019-05-31,nasdaq,NASDAQ,7785.5741
2019-06-30,nasdaq,NASDAQ,8845.4076
2019-07-31,nasdaq,NASDAQ,8560.6717
2019-08-31,nasdaq,NASDAQ,8552.2164
2019-09-30,nasdaq,NASDAQ,7123.5683
2019-10-31,nasdaq,NASDAQ,7062.0984
2019-11-30,nasdaq,NASDAQ,7675.5662
2019-12-31,nasdaq,NASDAQ,8602.7722
2020-01-31,nasdaq,NASDAQ,8527.7093
2020-02-29,nasdaq,NASDAQ,8755.1024
2020-03-31,nasdaq,NASDAQ,9763.9304
2020-04-30,nasdaq,NASDAQ,8987.825
2020-05-31,nasdaq,NASDAQ,9372.9824
2020-06-30,nasdaq,NASDAQ,9500.1427
2020-07-31,nasdaq,NASDAQ,10573.179
2020-08-31,nasdaq,NASDAQ,11279.6168
2020-09-30,nasdaq,NASDAQ,10670.9407
2020-10-31,nasdaq,NASDAQ,10077.7491
2020-11-30,nasdaq,NASDAQ,9856.2534
2020-12-31,nasdaq,NASDAQ,10081.9031
2021-01-31,nasdaq,NASDAQ,9976.6288
2021-02-28,nasdaq,NASDAQ,9707.5923
2021-03-31,nasdaq,NASDAQ,10081.0216
2021-04-30,nasdaq,NASDAQ,10346.4676
2021-05-31,nasdaq,NASDAQ,10653.7015
2021-06-30,nasdaq,NASDAQ,10129.2364
2021-07-31,nasdaq,NASDAQ,9983.07
2021-08-31,nasdaq,NASDAQ,10096.8147
2021-09-30,nasdaq,NASDAQ,10863.2838
2021-10-31,nasdaq,NASDAQ,10724.7015
2021-11-30,nasdaq,NASDAQ,11191.3562
2021-12-31,nasdaq,NASDAQ,11614.3682
2022-01-31,nasdaq,NASDAQ,11781.0024
2022-02-28,nasdaq,NASDAQ,12591.4993
2022-03-31,nasdaq,NASDAQ,13807.1931
2022-04-30,nasdaq,NASDAQ,13287.6616
2022-05-31,nasdaq,NASDAQ,14430.6322
2022-06-30,nasdaq,NASDAQ,14110.8966
2022-07-31,nasdaq,NASDAQ,13925.6025
2022-08-31,nasdaq,NASDAQ,14171.9532
2022-09-30,nasdaq,NASDAQ,13488.6662
2022-10-31,nasdaq,NASDAQ,14356.6331
2022-11-30,nasdaq,NASDAQ,13978.1781
2022-12-31,nasdaq,NASDAQ,14397.7674
2023-01-31,nasdaq,NASDAQ,14411.3628
2023-02-28,nasdaq,NASDAQ,12674.0601
2023-03-31,nasdaq,NASDAQ,13302.3589
2023-04-30,nasdaq,NASDAQ,13344.4086
2023-05-31,nasdaq,NASDAQ,11985.2554
2023-06-30,nasdaq,NASDAQ,12134.4329
2023-07-31,nasdaq,NASDAQ,11275.9865
2023-08-31,nasdaq,NASDAQ,10700.7378
2023-09-30,nasdaq,NASDAQ,11372.3382
2023-10-31,nasdaq,NASDAQ,11918.0666
2023-11-30,nasdaq,NASDAQ,12055.0934
2023-12-31,nasdaq,NASDAQ,12579.2998
2024-01-31,nasdaq,NASDAQ,13303.4821
2024-02-29,nasdaq,NASDAQ,13223.4068
2024-03-31,nasdaq,NASDAQ,12623.0679
2024-04-30,nasdaq,NASDAQ,13384.0232
2024-05-31,nasdaq,NASDAQ,12649.5693
2024-06-30,nasdaq,NASDAQ,12772.1654
2024-07-31,nasdaq,NASDAQ,12694.2554
2024-08-31,nasdaq,NASDAQ,12465.452
2024-09-30,nasdaq,NASDAQ,13803.3883
2024-10-31,nasdaq,NASDAQ,12799.9446
2024-11-30,nasdaq,NASDAQ,12169.8244
2024-12-31,nasdaq,NASDAQ,12727.6568
2025-01-31,nasdaq,NASDAQ,12712.892
2025-02-28,nasdaq,NASDAQ,14413.4736
2025-03-31,nasdaq,NASDAQ,14455.0835
2025-04-30,nasdaq,NASDAQ,13672.4856
2025-05-31,nasdaq,NASDAQ,13234.1063
2025-06-30,nasdaq,NASDAQ,13506.4457
2025-07-31,nasdaq,NASDAQ,13631.6552
2025-08-31,nasdaq,NASDAQ,14904.0254
2025-09-30,nasdaq,NASDAQ,14783.624
2025-10-31,nasdaq,NASDAQ,15501.9204
2025-11-30,nasdaq,NASDAQ,16532.6388
2025-12-31,nasdaq,NASDAQ,18051.4431
2026-01-31,nasdaq,NASDAQ,19990.7471
2026-02-28,nasdaq,NASDAQ,19708.2326
2026-03-31,nasdaq,NASDAQ,19091.084
2026-04-30,nasdaq,NASDAQ,19604.3184
2026-05-31,nasdaq,NASDAQ,20341.2656
2026-06-30,nasdaq,NASDAQ,19980.4949
2026-07-31,nasdaq,NASDAQ,18627.4357
2018-01-31,oil,Brent,27.244
2018-02-28,oil,Brent,28.6478
2018-03-31,oil,Brent,31.6065
2018-04-30,oil,Brent,18.5125
2018-05-31,oil,Brent,29.2179
2018-06-30,oil,Brent,19.0455
2018-07-31,oil,Brent,21.0346
2018-08-31,oil,Brent,27.8549
2018-09-30,oil,Brent,48.4705
2018-10-31,oil,Brent,24.5477
2018-11-30,oil,Brent,64.4934
2018-12-31,oil,Brent,42.3619
2019-01-31,oil,Brent,49.2093
2019-02-28,oil,Brent,40.3435
2019-03-31,oil,Brent,17.6094
2019-04-30,oil,Brent,75.5781
2019-05-31,oil,Brent,33.4153
2019-06-30,oil,Brent,66.9361
2019-07-31,oil,Brent,48.0604
2019-08-31,oil,Brent,28.1392
2019-09-30,oil,Brent,34.3295
2019-10-31,oil,Brent,60.5966
2019-11-30,oil,Brent,59.0785
2019-12-31,oil,Brent,20.6228
2020-01-31,oil,Brent,43.9231
2020-02-29,oil,Brent,25.6064
2020-03-31,oil,Brent,26.8751
2020-04-30,oil,Brent,42.3394
2020-05-31,oil,Brent,18.0521
2020-06-30,oil,Brent,21.0045
2020-07-31,oil,Brent,59.1064
2020-08-31,oil,Brent,26.7007
2020-09-30,oil,Brent,48.8593
2020-10-31,oil,Brent,18.216
2020-11-30,oil,Brent,51.9896
2020-12-31,oil,Brent,47.5263
2021-01-31,oil,Brent,33.8653
2021-02-28,oil,Brent,29.7555
2021-03-31,oil,Brent,66.9784
2021-04-30,oil,Brent,41.5449
2021-05-31,oil,Brent,48.5525
2021-06-30,oil,Brent,61.2007
2021-07-31,oil,Brent,20.1535
2021-08-31,oil,Brent,37.5439
2021-09-30,oil,Brent,61.9598
2021-10-31,oil,Brent,30.4393
2021-11-30,oil,Brent,20.1057
2021-12-31,oil,Brent,23.1611
2022-01-31,oil,Brent,58.9357
2022-02-28,oil,Brent,38.3055
2022-03-31,oil,Brent,18.8623
2022-04-30,oil,Brent,45.8419
2022-05-31,oil,Brent,25.4218
2022-06-30,oil,Brent,27.6076
2022-07-31,oil,Brent,49.7109
2022-08-31,oil,Brent,30.2445
2022-09-30,oil,Brent,60.2549
2022-10-31,oil,Brent,51.6378
2022-11-30,oil,Brent,42.6554
2022-12-31,oil,Brent,67.4051
2023-01-31,oil,Brent,17.3772
2023-02-28,oil,Brent,64.4497
2023-03-31,oil,Brent,49.3918
2023-04-30,oil,Brent,40.8467
2023-05-31,oil,Brent,20.7072
2023-06-30,oil,Brent,58.4608
2023-07-31,oil,Brent,18.8588
2023-08-31,oil,Brent,36.1716
2023-09-30,oil,Brent,50.0865
2023-10-31,oil,Brent,23.5986
2023-11-30,oil,Brent,29.2208
2023-12-31,oil,Brent,46.6014
2024-01-31,oil,Brent,36.8945
2024-02-29,oil,Brent,40.0513
2024-03-31,oil,Brent,41.4947
2024-04-30,oil,Brent,24.85
2024-05-31,oil,Brent,20.7549
2024-06-30,oil,Brent,62.8409
2024-07-31,oil,Brent,18.1713
2024-08-31,oil,Brent,67.4021
2024-09-30,oil,Brent,52.9362
2024-10-31,oil,Brent,36.7429
2024-11-30,oil,Brent,43.0548
2024-12-31,oil,Brent,62.6278
2025-01-31,oil,Brent,50.9013
2025-02-28,oil,Brent,50.004
2025-03-31,oil,Brent,55.31
2025-04-30,oil,Brent,26.2831
2025-05-31,oil,Brent,45.1778
2025-06-30,oil,Brent,58.0573
2025-07-31,oil,Brent,25.7236
2025-08-31,oil,Brent,38.5508
2025-09-30,oil,Brent,26.3149
2025-10-31,oil,Brent,33.5247
2025-11-30,oil,Brent,58.7468
2025-12-31,oil,Brent,49.0267
2026-01-31,oil,Brent,23.4965
2026-02-28,oil,Brent,26.4989
2026-03-31,oil,Brent,36.7023
2026-04-30,oil,Brent,37.5441
2026-05-31,oil,Brent,18.447
2026-06-30,oil,Brent,46.1718
2026-07-31,oil,Brent,25.7074
2018-01-31,oil,WTI,23.744
2018-02-28,oil,WTI,24.7813
2018-03-31,oil,WTI,28.0397
2018-04-30,oil,WTI,15.0
2018-05-31,oil,WTI,25.4641
2018-06-30,oil,WTI,15.0
2018-07-31,oil,WTI,15.0
2018-08-31,oil,WTI,20.5481
2018-09-30,oil,WTI,41.2636
2018-10-31,oil,WTI,20.0624
2018-11-30,oil,WTI,59.7223
2018-12-31,oil,WTI,37.2734
2019-01-31,oil,WTI,44.9929
2019-02-28,oil,WTI,37.1308
2019-03-31,oil,WTI,15.0
2019-04-30,oil,WTI,73.5946
2019-05-31,oil,WTI,30.991
2019-06-30,oil,WTI,64.4743
2019-07-31,oil,WTI,45.0932
2019-08-31,oil,WTI,25.2492
2019-09-30,oil,WTI,33.5524
2019-10-31,oil,WTI,59.5283
2019-11-30,oil,WTI,58.0529
2019-12-31,oil,WTI,20.0316
2020-01-31,oil,WTI,44.1764
2020-02-29,oil,WTI,24.5307
2020-03-31,oil,WTI,23.9698
2020-04-30,oil,WTI,39.0978
2020-05-31,oil,WTI,15.0
2020-06-30,oil,WTI,17.8487
2020-07-31,oil,WTI,56.0596
2020-08-31,oil,WTI,23.046
2020-09-30,oil,WTI,45.7944
2020-10-31,oil,WTI,15.0
2020-11-30,oil,WTI,49.3335
2020-12-31,oil,WTI,45.2635
2021-01-31,oil,WTI,30.9556
2021-02-28,oil,WTI,27.2426
2021-03-31,oil,WTI,64.185
2021-04-30,oil,WTI,39.3185
2021-05-31,oil,WTI,45.3544
2021-06-30,oil,WTI,55.9412
2021-07-31,oil,WTI,15.0
2021-08-31,oil,WTI,31.6177
2021-09-30,oil,WTI,56.3422
2021-10-31,oil,WTI,25.3508
2021-11-30,oil,WTI,15.0
2021-12-31,oil,WTI,17.5695
2022-01-31,oil,WTI,53.6775
2022-02-28,oil,WTI,33.6964
2022-03-31,oil,WTI,15.0
2022-04-30,oil,WTI,42.2085
2022-05-31,oil,WTI,22.2901
2022-06-30,oil,WTI,23.7157
2022-07-31,oil,WTI,45.6617
2022-08-31,oil,WTI,27.3328
2022-09-30,oil,WTI,57.7975
2022-10-31,oil,WTI,49.0104
2022-11-30,oil,WTI,40.1428
2022-12-31,oil,WTI,66.2386
2023-01-31,oil,WTI,15.0
2023-02-28,oil,WTI,61.6265
2023-03-31,oil,WTI,46.8015
2023-04-30,oil,WTI,37.3431
2023-05-31,oil,WTI,19.1673
2023-06-30,oil,WTI,55.0761
2023-07-31,oil,WTI,15.0
2023-08-31,oil,WTI,32.6625
2023-09-30,oil,WTI,46.5677
2023-10-31,oil,WTI,20.0819
2023-11-30,oil,WTI,27.0367
2023-12-31,oil,WTI,43.0641
2024-01-31,oil,WTI,33.1036
2024-02-29,oil,WTI,38.5159
2024-03-31,oil,WTI,39.7063
2024-04-30,oil,WTI,22.5636
2024-05-31,oil,WTI,18.6983
2024-06-30,oil,WTI,60.3537
2024-07-31,oil,WTI,15.0
2024-08-31,oil,WTI,63.5489
2024-09-30,oil,WTI,49.058
2024-10-31,oil,WTI,34.3105
2024-11-30,oil,WTI,40.4715
2024-12-31,oil,WTI,58.5284
2025-01-31,oil,WTI,47.1154
2025-02-28,oil,WTI,45.7323
2025-03-31,oil,WTI,50.5027
2025-04-30,oil,WTI,22.318
2025-05-31,oil,WTI,39.803
2025-06-30,oil,WTI,52.5744
2025-07-31,oil,WTI,20.3712
2025-08-31,oil,WTI,32.2864
2025-09-30,oil,WTI,20.2057
2025-10-31,oil,WTI,26.4511
2025-11-30,oil,WTI,52.912
2025-12-31,oil,WTI,44.5346
2026-01-31,oil,WTI,19.4786
2026-02-28,oil,WTI,23.438
2026-03-31,oil,WTI,32.9456
2026-04-30,oil,WTI,33.1573
2026-05-31,oil,WTI,15.0
2026-06-30,oil,WTI,40.8899
2026-07-31,oil,WTI,20.8373
2018-01-31,policy,Fed funds,2.0596
2018-02-28,policy,Fed funds,2.043
2018-03-31,policy,Fed funds,2.1207
2018-04-30,policy,Fed funds,2.3035
2018-05-31,policy,Fed funds,2.2754
2018-06-30,policy,Fed funds,2.2473
2018-07-31,policy,Fed funds,2.4368
2018-08-31,policy,Fed funds,2.5289
2018-09-30,policy,Fed funds,2.4726
2018-10-31,policy,Fed funds,2.5377
2018-11-30,policy,Fed funds,2.4821
2018-12-31,policy,Fed funds,2.4262
2019-01-31,policy,Fed funds,2.4552
2019-02-28,policy,Fed funds,2.2256
2019-03-31,policy,Fed funds,2.0186
2019-04-30,policy,Fed funds,1.9512
2019-05-31,policy,Fed funds,1.8296
2019-06-30,policy,Fed funds,1.8673
2019-07-31,policy,Fed funds,1.7584
2019-08-31,policy,Fed funds,1.5889
2019-09-30,policy,Fed funds,1.7648
2019-10-31,policy,Fed funds,1.7377
2019-11-30,policy,Fed funds,1.7458
2019-12-31,policy,Fed funds,1.5748
2020-01-31,policy,Fed funds,1.5095
2020-02-29,policy,Fed funds,1.5228
2020-03-31,policy,Fed funds,1.3847
2020-04-30,policy,Fed funds,1.4298
2020-05-31,policy,Fed funds,1.3577
2020-06-30,policy,Fed funds,1.3227
2020-07-31,policy,Fed funds,1.2505
2020-08-31,policy,Fed funds,1.4727
2020-09-30,policy,Fed funds,1.4711
2020-10-31,policy,Fed funds,1.3442
2020-11-30,policy,Fed funds,1.4429
2020-12-31,policy,Fed funds,1.2964
2021-01-31,policy,Fed funds,1.3215
2021-02-28,policy,Fed funds,1.0863
2021-03-31,policy,Fed funds,0.9269
2021-04-30,policy,Fed funds,0.9505
2021-05-31,policy,Fed funds,1.0392
2021-06-30,policy,Fed funds,1.0597
2021-07-31,policy,Fed funds,1.0458
2021-08-31,policy,Fed funds,1.0097
2021-09-30,policy,Fed funds,0.8323
2021-10-31,policy,Fed funds,0.7459
2021-11-30,policy,Fed funds,0.6906
2021-12-31,policy,Fed funds,0.8175
2022-01-31,policy,Fed funds,0.8587
2022-02-28,policy,Fed funds,0.6472
2022-03-31,policy,Fed funds,0.686
2022-04-30,policy,Fed funds,0.6398
2022-05-31,policy,Fed funds,0.5586
2022-06-30,policy,Fed funds,0.632
2022-07-31,policy,Fed funds,0.7557
2022-08-31,policy,Fed funds,0.8675
2022-09-30,policy,Fed funds,0.7668
2022-10-31,policy,Fed funds,0.7297
2022-11-30,policy,Fed funds,0.7694
2022-12-31,policy,Fed funds,0.8865
2023-01-31,policy,Fed funds,0.829
2023-02-28,policy,Fed funds,0.8067
2023-03-31,policy,Fed funds,0.6739
2023-04-30,policy,Fed funds,0.5304
2023-05-31,policy,Fed funds,0.6279
2023-06-30,policy,Fed funds,0.7907
2023-07-31,policy,Fed funds,0.782
2023-08-31,policy,Fed funds,0.9024
2023-09-30,policy,Fed funds,0.9458
2023-10-31,policy,Fed funds,0.8684
2023-11-30,policy,Fed funds,0.9118
2023-12-31,policy,Fed funds,1.0964
2024-01-31,policy,Fed funds,1.0921
2024-02-29,policy,Fed funds,1.2798
2024-03-31,policy,Fed funds,0.9654
2024-04-30,policy,Fed funds,1.0641
2024-05-31,policy,Fed funds,1.0745
2024-06-30,policy,Fed funds,1.0386
2024-07-31,policy,Fed funds,1.0496
2024-08-31,policy,Fed funds,0.8111
2024-09-30,policy,Fed funds,0.7848
2024-10-31,policy,Fed funds,0.8276
2024-11-30,policy,Fed funds,1.005
2024-12-31,policy,Fed funds,0.9428
2025-01-31,policy,Fed funds,0.8458
2025-02-28,policy,Fed funds,0.7856
2025-03-31,policy,Fed funds,0.8954
2025-04-30,policy,Fed funds,0.9349
2025-05-31,policy,Fed funds,0.8713
2025-06-30,policy,Fed funds,0.9329
2025-07-31,policy,Fed funds,0.9445
2025-08-31,policy,Fed funds,1.0608
2025-09-30,policy,Fed funds,0.9765
2025-10-31,policy,Fed funds,0.9372
2025-11-30,policy,Fed funds,0.8901
2025-12-31,policy,Fed funds,0.7145
2026-01-31,policy,Fed funds,0.7501
2026-02-28,policy,Fed funds,0.7814
2026-03-31,policy,Fed funds,0.782
2026-04-30,policy,Fed funds,0.7538
2026-05-31,policy,Fed funds,0.584
2026-06-30,policy,Fed funds,0.5335
2026-07-31,policy,Fed funds,0.4924
2018-01-31,producer,CPI,1.5582
2018-02-28,producer,CPI,2.071
2018-03-31,producer,CPI,2.5232
2018-04-30,producer,CPI,3.7089
2018-05-31,producer,CPI,2.3397
2018-06-30,producer,CPI,2.406
2018-07-31,producer,CPI,2.1404
2018-08-31,producer,CPI,0.665
2018-09-30,producer,CPI,2.1788
2018-10-31,producer,CPI,2.2482
2018-11-30,producer,CPI,4.1706
2018-12-31,producer,CPI,2.0461
2019-01-31,producer,CPI,2.4412
2019-02-28,producer,CPI,2.1722
2019-03-31,producer,CPI,1.2651
2019-04-30,producer,CPI,3.1143
2019-05-31,producer,CPI,2.8015
2019-06-30,producer,CPI,2.8328
2019-07-31,producer,CPI,1.4725
2019-08-31,producer,CPI,3.3222
2019-09-30,producer,CPI,1.0785
2019-10-31,producer,CPI,2.6695
2019-11-30,producer,CPI,3.9524
2019-12-31,producer,CPI,1.4076
2020-01-31,producer,CPI,1.747
2020-02-29,producer,CPI,2.2797
2020-03-31,producer,CPI,1.7972
2020-04-30,producer,CPI,0.9595
2020-05-31,producer,CPI,2.2548
2020-06-30,producer,CPI,1.3502
2020-07-31,producer,CPI,2.5789
2020-08-31,producer,CPI,1.4645
2020-09-30,producer,CPI,3.4399
2020-10-31,producer,CPI,1.5734
2020-11-30,producer,CPI,1.9424
2020-12-31,producer,CPI,2.8508
2021-01-31,producer,CPI,1.2153
2021-02-28,producer,CPI,2.382
2021-03-31,producer,CPI,3.2457
2021-04-30,producer,CPI,0.914
2021-05-31,producer,CPI,2.3477
2021-06-30,producer,CPI,2.4079
2021-07-31,producer,CPI,2.8255
2021-08-31,producer,CPI,1.2104
2021-09-30,producer,CPI,1.1436
2021-10-31,producer,CPI,2.6176
2021-11-30,producer,CPI,2.4376
2021-12-31,producer,CPI,2.4004
2022-01-31,producer,CPI,2.4772
2022-02-28,producer,CPI,1.656
2022-03-31,producer,CPI,2.3858
2022-04-30,producer,CPI,2.4345
2022-05-31,producer,CPI,1.6285
2022-06-30,producer,CPI,3.6926
2022-07-31,producer,CPI,2.5791
2022-08-31,producer,CPI,1.247
2022-09-30,producer,CPI,2.7252
2022-10-31,producer,CPI,1.4203
2022-11-30,producer,CPI,2.8297
2022-12-31,producer,CPI,3.1269
2023-01-31,producer,CPI,1.5435
2023-02-28,producer,CPI,2.9707
2023-03-31,producer,CPI,2.5302
2023-04-30,producer,CPI,2.8576
2023-05-31,producer,CPI,3.7174
2023-06-30,producer,CPI,2.0037
2023-07-31,producer,CPI,1.597
2023-08-31,producer,CPI,1.4884
2023-09-30,producer,CPI,1.5474
2023-10-31,producer,CPI,2.1383
2023-11-30,producer,CPI,2.4729
2023-12-31,producer,CPI,2.4214
2024-01-31,producer,CPI,2.8617
2024-02-29,producer,CPI,2.2104
2024-03-31,producer,CPI,3.3628
2024-04-30,producer,CPI,1.9883
2024-05-31,producer,CPI,4.3761
2024-06-30,producer,CPI,2.7005
2024-07-31,producer,CPI,1.5143
2024-08-31,producer,CPI,1.3433
2024-09-30,producer,CPI,2.586
2024-10-31,producer,CPI,2.0212
2024-11-30,producer,CPI,2.7712
2024-12-31,producer,CPI,2.5786
2025-01-31,producer,CPI,2.1417
2025-02-28,producer,CPI,1.5226
2025-03-31,producer,CPI,0.9881
2025-04-30,producer,CPI,1.8428
2025-05-31,producer,CPI,2.8851
2025-06-30,producer,CPI,2.3713
2025-07-31,producer,CPI,1.2034
2025-08-31,producer,CPI,2.3385
2025-09-30,producer,CPI,2.5083
2025-10-31,producer,CPI,1.4929
2025-11-30,producer,CPI,2.323
2025-12-31,producer,CPI,2.2466
2026-01-31,producer,CPI,1.2856
2026-02-28,producer,CPI,2.4862
2026-03-31,producer,CPI,2.6486
2026-04-30,producer,CPI,3.0664
2026-05-31,producer,CPI,3.043
2026-06-30,producer,CPI,1.0979
2026-07-31,producer,CPI,1.4497
2018-01-31,producer,PPI,1.6814
2018-02-28,producer,PPI,2.3947
2018-03-31,producer,PPI,2.852
2018-04-30,producer,PPI,4.6806
2018-05-31,producer,PPI,3.3741
2018-06-30,producer,PPI,3.1389
2018-07-31,producer,PPI,2.3979
2018-08-31,producer,PPI,0.2347
2018-09-30,producer,PPI,2.1667
2018-10-31,producer,PPI,2.2322
2018-11-30,producer,PPI,5.312
2018-12-31,producer,PPI,2.595
2019-01-31,producer,PPI,3.3559
2019-02-28,producer,PPI,2.5546
2019-03-31,producer,PPI,1.6328
2019-04-30,producer,PPI,4.6773
2019-05-31,producer,PPI,3.7506
2019-06-30,producer,PPI,3.9322
2019-07-31,producer,PPI,1.6872
2019-08-31,producer,PPI,4.089
2019-09-30,producer,PPI,0.8316
2019-10-31,producer,PPI,3.5042
2019-11-30,producer,PPI,5.104
2019-12-31,producer,PPI,1.7708
2020-01-31,producer,PPI,1.8224
2020-02-29,producer,PPI,3.0166
2020-03-31,producer,PPI,1.805
2020-04-30,producer,PPI,0.7433
2020-05-31,producer,PPI,2.7894
2020-06-30,producer,PPI,1.5054
2020-07-31,producer,PPI,3.0631
2020-08-31,producer,PPI,1.486
2020-09-30,producer,PPI,3.8345
2020-10-31,producer,PPI,1.3409
2020-11-30,producer,PPI,1.6732
2020-12-31,producer,PPI,3.213
2021-01-31,producer,PPI,1.3601
2021-02-28,producer,PPI,3.093
2021-03-31,producer,PPI,4.0059
2021-04-30,producer,PPI,0.5529
2021-05-31,producer,PPI,2.436
2021-06-30,producer,PPI,2.4291
2021-07-31,producer,PPI,3.1749
2021-08-31,producer,PPI,1.1916
2021-09-30,producer,PPI,0.9138
2021-10-31,producer,PPI,2.8114
2021-11-30,producer,PPI,2.4446
2021-12-31,producer,PPI,2.7406
2022-01-31,producer,PPI,2.9799
2022-02-28,producer,PPI,1.9104
2022-03-31,producer,PPI,2.7158
2022-04-30,producer,PPI,2.7217
2022-05-31,producer,PPI,1.4907
2022-06-30,producer,PPI,4.5498
2022-07-31,producer,PPI,2.882
2022-08-31,producer,PPI,1.2513
2022-09-30,producer,PPI,3.3678
2022-10-31,producer,PPI,1.254
2022-11-30,producer,PPI,3.0902
2022-12-31,producer,PPI,3.436
2023-01-31,producer,PPI,1.4195
2023-02-28,producer,PPI,3.6447
2023-03-31,producer,PPI,2.823
2023-04-30,producer,PPI,3.2143
2023-05-31,producer,PPI,4.3694
2023-06-30,producer,PPI,2.1126
2023-07-31,producer,PPI,1.7853
2023-08-31,producer,PPI,1.9561
2023-09-30,producer,PPI,1.9882
2023-10-31,producer,PPI,2.0567
2023-11-30,producer,PPI,2.3388
2023-12-31,producer,PPI,2.4513
2024-01-31,producer,PPI,3.3333
2024-02-29,producer,PPI,3.1415
2024-03-31,producer,PPI,4.8916
2024-04-30,producer,PPI,2.7173
2024-05-31,producer,PPI,5.7673
2024-06-30,producer,PPI,3.709
2024-07-31,producer,PPI,2.0177
2024-08-31,producer,PPI,1.8675
2024-09-30,producer,PPI,3.6259
2024-10-31,producer,PPI,2.9066
2024-11-30,producer,PPI,3.9345
2024-12-31,producer,PPI,3.3291
2025-01-31,producer,PPI,2.2653
2025-02-28,producer,PPI,1.4984
2025-03-31,producer,PPI,0.9416
2025-04-30,producer,PPI,1.9064
2025-05-31,producer,PPI,3.3083
2025-06-30,producer,PPI,2.2868
2025-07-31,producer,PPI,0.9071
2025-08-31,producer,PPI,2.4705
2025-09-30,producer,PPI,2.1508
2025-10-31,producer,PPI,0.7366
2025-11-30,producer,PPI,1.7934
2025-12-31,producer,PPI,1.4904
2026-01-31,producer,PPI,0.6084
2026-02-28,producer,PPI,2.4346
2026-03-31,producer,PPI,2.8406
2026-04-30,producer,PPI,3.5675
2026-05-31,producer,PPI,3.9434
2026-06-30,producer,PPI,0.6772
2026-07-31,producer,PPI,1.0981
2018-01-31,russell,Russell 2000,1326.1613
2018-02-28,russell,Russell 2000,1284.912
2018-03-31,russell,Russell 2000,1176.8202
2018-04-30,russell,Russell 2000,1049.7008
2018-05-31,russell,Russell 2000,1337.0196
2018-06-30,russell,Russell 2000,1271.2479
2018-07-31,russell,Russell 2000,1228.983
2018-08-31,russell,Russell 2000,1233.5915
2018-09-30,russell,Russell 2000,1282.4079
2018-10-31,russell,Russell 2000,1258.6115
2018-11-30,russell,Russell 2000,1333.9168
2018-12-31,russell,Russell 2000,1208.8413
2019-01-31,russell,Russell 2000,1441.805
2019-02-28,russell,Russell 2000,1493.6445
2019-03-31,russell,Russell 2000,1351.2166
2019-04-30,russell,Russell 2000,1654.5512
2019-05-31,russell,Russell 2000,1396.9483
2019-06-30,russell,Russell 2000,1465.7073
2019-07-31,russell,Russell 2000,1320.2304
2019-08-31,russell,Russell 2000,1279.1804
2019-09-30,russell,Russell 2000,1319.3726
2019-10-31,russell,Russell 2000,1429.89
2019-11-30,russell,Russell 2000,1367.8558
2019-12-31,russell,Russell 2000,1344.1675
2020-01-31,russell,Russell 2000,1432.0373
2020-02-29,russell,Russell 2000,1462.2084
2020-03-31,russell,Russell 2000,1474.5798
2020-04-30,russell,Russell 2000,1522.2195
2020-05-31,russell,Russell 2000,1311.2702
2020-06-30,russell,Russell 2000,1378.3091
2020-07-31,russell,Russell 2000,1630.449
2020-08-31,russell,Russell 2000,1460.22
2020-09-30,russell,Russell 2000,1641.6248
2020-10-31,russell,Russell 2000,1671.8189
2020-11-30,russell,Russell 2000,1826.1503
2020-12-31,russell,Russell 2000,1712.6653
2021-01-31,russell,Russell 2000,1762.298
2021-02-28,russell,Russell 2000,1563.1924
2021-03-31,russell,Russell 2000,1700.0923
2021-04-30,russell,Russell 2000,1727.7975
2021-05-31,russell,Russell 2000,1668.1846
2021-06-30,russell,Russell 2000,1739.8174
2021-07-31,russell,Russell 2000,1716.7764
2021-08-31,russell,Russell 2000,1826.8133
2021-09-30,russell,Russell 2000,1898.5553
2021-10-31,russell,Russell 2000,1655.9978
2021-11-30,russell,Russell 2000,1471.7859
2021-12-31,russell,Russell 2000,1538.2741
2022-01-31,russell,Russell 2000,1838.0641
2022-02-28,russell,Russell 2000,1771.6273
2022-03-31,russell,Russell 2000,1805.4986
2022-04-30,russell,Russell 2000,2009.1852
2022-05-31,russell,Russell 2000,1802.4991
2022-06-30,russell,Russell 2000,2001.7479
2022-07-31,russell,Russell 2000,2040.6815
2022-08-31,russell,Russell 2000,1977.7728
2022-09-30,russell,Russell 2000,2162.764
2022-10-31,russell,Russell 2000,2061.9496
2022-11-30,russell,Russell 2000,1741.687
2022-12-31,russell,Russell 2000,1828.3946
2023-01-31,russell,Russell 2000,1607.8897
2023-02-28,russell,Russell 2000,1815.2691
2023-03-31,russell,Russell 2000,1696.0572
2023-04-30,russell,Russell 2000,1720.3976
2023-05-31,russell,Russell 2000,1742.1287
2023-06-30,russell,Russell 2000,2089.4301
2023-07-31,russell,Russell 2000,1913.3829
2023-08-31,russell,Russell 2000,2034.7567
2023-09-30,russell,Russell 2000,2028.6927
2023-10-31,russell,Russell 2000,1848.3591
2023-11-30,russell,Russell 2000,1899.6118
2023-12-31,russell,Russell 2000,2028.584
2024-01-31,russell,Russell 2000,1791.1517
2024-02-29,russell,Russell 2000,1852.0362
2024-03-31,russell,Russell 2000,1921.6244
2024-04-30,russell,Russell 2000,1985.0233
2024-05-31,russell,Russell 2000,1812.3602
2024-06-30,russell,Russell 2000,2083.5599
2024-07-31,russell,Russell 2000,1740.6625
2024-08-31,russell,Russell 2000,2031.8269
2024-09-30,russell,Russell 2000,1702.0633
2024-10-31,russell,Russell 2000,1681.1234
2024-11-30,russell,Russell 2000,1804.7836
2024-12-31,russell,Russell 2000,1852.6855
2025-01-31,russell,Russell 2000,1862.9175
2025-02-28,russell,Russell 2000,1968.8844
2025-03-31,russell,Russell 2000,2136.1504
2025-04-30,russell,Russell 2000,2085.9052
2025-05-31,russell,Russell 2000,1993.6322
2025-06-30,russell,Russell 2000,2173.3578
2025-07-31,russell,Russell 2000,1912.2155
2025-08-31,russell,Russell 2000,1970.573
2025-09-30,russell,Russell 2000,2007.8436
2025-10-31,russell,Russell 2000,2189.4387
2025-11-30,russell,Russell 2000,2312.4294
2025-12-31,russell,Russell 2000,2175.8618
2026-01-31,russell,Russell 2000,2025.4071
2026-02-28,russell,Russell 2000,2098.8226
2026-03-31,russell,Russell 2000,2088.2333
2026-04-30,russell,Russell 2000,2054.1481
2026-05-31,russell,Russell 2000,2020.7139
2026-06-30,russell,Russell 2000,2259.647
2026-07-31,russell,Russell 2000,2141.1656
2018-01-31,silver,Silver,20.7928
2018-02-28,silver,Silver,20.5111
2018-03-31,silver,Silver,21.9041
2018-04-30,silver,Silver,26.8583
2018-05-31,silver,Silver,23.6612
2018-06-30,silver,Silver,23.6879
2018-07-31,silver,Silver,23.3328
2018-08-31,silver,Silver,22.0477
2018-09-30,silver,Silver,21.1372
2018-10-31,silver,Silver,22.251
2018-11-30,silver,Silver,20.1844
2018-12-31,silver,Silver,20.32
2019-01-31,silver,Silver,20.7724
2019-02-28,silver,Silver,20.2656
2019-03-31,silver,Silver,21.4944
2019-04-30,silver,Silver,17.156
2019-05-31,silver,Silver,20.0469
2019-06-30,silver,Silver,18.5956
2019-07-31,silver,Silver,18.8378
2019-08-31,silver,Silver,20.727
2019-09-30,silver,Silver,20.6346
2019-10-31,silver,Silver,20.6134
2019-11-30,silver,Silver,21.3265
2019-12-31,silver,Silver,22.7749
2020-01-31,silver,Silver,20.7877
2020-02-29,silver,Silver,21.6146
2020-03-31,silver,Silver,21.4284
2020-04-30,silver,Silver,20.1235
2020-05-31,silver,Silver,23.9409
2020-06-30,silver,Silver,23.3737
2020-07-31,silver,Silver,19.6228
2020-08-31,silver,Silver,22.7379
2020-09-30,silver,Silver,21.6793
2020-10-31,silver,Silver,24.4899
2020-11-30,silver,Silver,22.5877
2020-12-31,silver,Silver,23.7105
2021-01-31,silver,Silver,23.6859
2021-02-28,silver,Silver,24.4487
2021-03-31,silver,Silver,22.7537
2021-04-30,silver,Silver,24.6054
2021-05-31,silver,Silver,24.959
2021-06-30,silver,Silver,23.3437
2021-07-31,silver,Silver,26.9721
2021-08-31,silver,Silver,24.6744
2021-09-30,silver,Silver,22.1816
2021-10-31,silver,Silver,24.7438
2021-11-30,silver,Silver,26.2058
2021-12-31,silver,Silver,24.9238
2022-01-31,silver,Silver,22.6248
2022-02-28,silver,Silver,25.0212
2022-03-31,silver,Silver,27.6666
2022-04-30,silver,Silver,25.0207
2022-05-31,silver,Silver,26.022
2022-06-30,silver,Silver,25.7815
2022-07-31,silver,Silver,24.8022
2022-08-31,silver,Silver,27.0351
2022-09-30,silver,Silver,22.6403
2022-10-31,silver,Silver,25.1803
2022-11-30,silver,Silver,25.4057
2022-12-31,silver,Silver,23.4781
2023-01-31,silver,Silver,25.9943
2023-02-28,silver,Silver,22.9448
2023-03-31,silver,Silver,24.5301
2023-04-30,silver,Silver,24.6419
2023-05-31,silver,Silver,25.5599
2023-06-30,silver,Silver,23.0612
2023-07-31,silver,Silver,25.6372
2023-08-31,silver,Silver,24.9049
2023-09-30,silver,Silver,24.2388
2023-10-31,silver,Silver,26.8205
2023-11-30,silver,Silver,26.0527
2023-12-31,silver,Silver,24.9047
2024-01-31,silver,Silver,26.2417
2024-02-29,silver,Silver,25.4185
2024-03-31,silver,Silver,25.4757
2024-04-30,silver,Silver,26.2083
2024-05-31,silver,Silver,27.2301
2024-06-30,silver,Silver,25.8212
2024-07-31,silver,Silver,29.9117
2024-08-31,silver,Silver,25.0844
2024-09-30,silver,Silver,27.9249
2024-10-31,silver,Silver,29.0152
2024-11-30,silver,Silver,30.6785
2024-12-31,silver,Silver,28.6066
2025-01-31,silver,Silver,28.1659
2025-02-28,silver,Silver,27.5454
2025-03-31,silver,Silver,27.7511
2025-04-30,silver,Silver,27.604
2025-05-31,silver,Silver,27.5723
2025-06-30,silver,Silver,26.1561
2025-07-31,silver,Silver,28.3175
2025-08-31,silver,Silver,27.3401
2025-09-30,silver,Silver,28.0057
2025-10-31,silver,Silver,28.434
2025-11-30,silver,Silver,26.4675
2025-12-31,silver,Silver,27.7397
2026-01-31,silver,Silver,28.2774
2026-02-28,silver,Silver,28.6799
2026-03-31,silver,Silver,27.0282
2026-04-30,silver,Silver,27.5362
2026-05-31,silver,Silver,28.9542
2026-06-30,silver,Silver,26.8425
2026-07-31,silver,Silver,28.3116
2018-01-31,sp500,S&P 500,2646.5144
2018-02-28,sp500,S&P 500,2608.6528
2018-03-31,sp500,S&P 500,2621.6821
2018-04-30,sp500,S&P 500,2658.787
2018-05-31,sp500,S&P 500,2773.5038
2018-06-30,sp500,S&P 500,2774.219
2018-07-31,sp500,S&P 500,2774.8751
2018-08-31,sp500,S&P 500,2856.3935
2018-09-30,sp500,S&P 500,2741.3656
2018-10-31,sp500,S&P 500,2754.22
2018-11-30,sp500,S&P 500,2844.5599
2018-12-31,sp500,S&P 500,2858.4656
2019-01-31,sp500,S&P 500,2737.4775
2019-02-28,sp500,S&P 500,2849.5746
2019-03-31,sp500,S&P 500,2947.1693
2019-04-30,sp500,S&P 500,2870.006
2019-05-31,sp500,S&P 500,2817.7048
2019-06-30,sp500,S&P 500,2843.6252
2019-07-31,sp500,S&P 500,2829.1958
2019-08-31,sp500,S&P 500,2768.241
2019-09-30,sp500,S&P 500,2879.1866
2019-10-31,sp500,S&P 500,2834.4912
2019-11-30,sp500,S&P 500,2773.2144
2019-12-31,sp500,S&P 500,2866.6652
2020-01-31,sp500,S&P 500,2911.6292
2020-02-29,sp500,S&P 500,2987.1491
2020-03-31,sp500,S&P 500,2914.7266
2020-04-30,sp500,S&P 500,2856.0639
2020-05-31,sp500,S&P 500,2911.7272
2020-06-30,sp500,S&P 500,2899.2171
2020-07-31,sp500,S&P 500,2881.9607
2020-08-31,sp500,S&P 500,2918.2011
2020-09-30,sp500,S&P 500,3012.7177
2020-10-31,sp500,S&P 500,3110.4546
2020-11-30,sp500,S&P 500,3326.7966
2020-12-31,sp500,S&P 500,3326.8074
2021-01-31,sp500,S&P 500,3499.6997
2021-02-28,sp500,S&P 500,3567.849
2021-03-31,sp500,S&P 500,3512.7852
2021-04-30,sp500,S&P 500,3387.6238
2021-05-31,sp500,S&P 500,3333.7856
2021-06-30,sp500,S&P 500,3355.2668
2021-07-31,sp500,S&P 500,3398.2829
2021-08-31,sp500,S&P 500,3572.2476
2021-09-30,sp500,S&P 500,3432.9653
2021-10-31,sp500,S&P 500,3423.5465
2021-11-30,sp500,S&P 500,3458.6121
2021-12-31,sp500,S&P 500,3400.8375
2022-01-31,sp500,S&P 500,3500.1722
2022-02-28,sp500,S&P 500,3641.4592
2022-03-31,sp500,S&P 500,3579.8896
2022-04-30,sp500,S&P 500,3401.537
2022-05-31,sp500,S&P 500,3539.465
2022-06-30,sp500,S&P 500,3661.0411
2022-07-31,sp500,S&P 500,3594.4138
2022-08-31,sp500,S&P 500,3627.6282
2022-09-30,sp500,S&P 500,3846.8562
2022-10-31,sp500,S&P 500,4147.861
2022-11-30,sp500,S&P 500,3854.0023
2022-12-31,sp500,S&P 500,4029.9777
2023-01-31,sp500,S&P 500,4094.8408
2023-02-28,sp500,S&P 500,3813.9427
2023-03-31,sp500,S&P 500,3825.461
2023-04-30,sp500,S&P 500,4044.5965
2023-05-31,sp500,S&P 500,4020.4386
2023-06-30,sp500,S&P 500,3996.2835
2023-07-31,sp500,S&P 500,4129.1811
2023-08-31,sp500,S&P 500,4118.894
2023-09-30,sp500,S&P 500,4280.1613
2023-10-31,sp500,S&P 500,4193.7342
2023-11-30,sp500,S&P 500,4071.8816
2023-12-31,sp500,S&P 500,4244.6036
2024-01-31,sp500,S&P 500,4168.4926
2024-02-29,sp500,S&P 500,4204.5608
2024-03-31,sp500,S&P 500,4031.5371
2024-04-30,sp500,S&P 500,4218.9575
2024-05-31,sp500,S&P 500,4067.5346
2024-06-30,sp500,S&P 500,4240.9407
2024-07-31,sp500,S&P 500,4144.562
2024-08-31,sp500,S&P 500,4089.3566
2024-09-30,sp500,S&P 500,4247.4448
2024-10-31,sp500,S&P 500,4273.9914
2024-11-30,sp500,S&P 500,4402.131
2024-12-31,sp500,S&P 500,4565.5428
2025-01-31,sp500,S&P 500,4372.202
2025-02-28,sp500,S&P 500,4251.0161
2025-03-31,sp500,S&P 500,4324.6873
2025-04-30,sp500,S&P 500,4489.5287
2025-05-31,sp500,S&P 500,4350.2995
2025-06-30,sp500,S&P 500,4254.0277
2025-07-31,sp500,S&P 500,4599.6224
2025-08-31,sp500,S&P 500,4821.5962
2025-09-30,sp500,S&P 500,4874.5967
2025-10-31,sp500,S&P 500,4780.481
2025-11-30,sp500,S&P 500,4826.8896
2025-12-31,sp500,S&P 500,4874.5303
2026-01-31,sp500,S&P 500,4833.7552
2026-02-28,sp500,S&P 500,4741.9103
2026-03-31,sp500,S&P 500,4445.1007
2026-04-30,sp500,S&P 500,4371.2315
2026-05-31,sp500,S&P 500,4478.0978
2026-06-30,sp500,S&P 500,4565.892
2026-07-31,sp500,S&P 500,4454.7544
2018-01-31,surveys,Consumer sentiment,80.2188
2018-02-28,surveys,Consumer sentiment,79.4387
2018-03-31,surveys,Consumer sentiment,77.036
2018-04-30,surveys,Consumer sentiment,51.7759
2018-05-31,surveys,Consumer sentiment,78.0354
2018-06-30,surveys,Consumer sentiment,74.1957
2018-07-31,surveys,Consumer sentiment,76.2273
2018-08-31,surveys,Consumer sentiment,79.1645
2018-09-30,surveys,Consumer sentiment,83.5908
2018-10-31,surveys,Consumer sentiment,77.4901
2018-11-30,surveys,Consumer sentiment,77.0943
2018-12-31,surveys,Consumer sentiment,83.0315
2019-01-31,surveys,Consumer sentiment,82.5509
2019-02-28,surveys,Consumer sentiment,80.6015
2019-03-31,surveys,Consumer sentiment,72.3023
2019-04-30,surveys,Consumer sentiment,87.1728
2019-05-31,surveys,Consumer sentiment,75.3859
2019-06-30,surveys,Consumer sentiment,88.4854
2019-07-31,surveys,Consumer sentiment,86.4243
2019-08-31,surveys,Consumer sentiment,70.4719
2019-09-30,surveys,Consumer sentiment,85.2114
2019-10-31,surveys,Consumer sentiment,87.6546
2019-11-30,surveys,Consumer sentiment,80.2324
2019-12-31,surveys,Consumer sentiment,81.8117
2020-01-31,surveys,Consumer sentiment,90.0414
2020-02-29,surveys,Consumer sentiment,82.9511
2020-03-31,surveys,Consumer sentiment,86.4854
2020-04-30,surveys,Consumer sentiment,89.0999
2020-05-31,surveys,Consumer sentiment,71.9979
2020-06-30,surveys,Consumer sentiment,80.4288
2020-07-31,surveys,Consumer sentiment,91.9506
2020-08-31,surveys,Consumer sentiment,83.4052
2020-09-30,surveys,Consumer sentiment,81.1925
2020-10-31,surveys,Consumer sentiment,78.1519
2020-11-30,surveys,Consumer sentiment,86.802
2020-12-31,surveys,Consumer sentiment,78.6777
2021-01-31,surveys,Consumer sentiment,80.456
2021-02-28,surveys,Consumer sentiment,77.6972
2021-03-31,surveys,Consumer sentiment,83.8683
2021-04-30,surveys,Consumer sentiment,84.5244
2021-05-31,surveys,Consumer sentiment,82.9659
2021-06-30,surveys,Consumer sentiment,82.0142
2021-07-31,surveys,Consumer sentiment,65.9085
2021-08-31,surveys,Consumer sentiment,76.8052
2021-09-30,surveys,Consumer sentiment,84.8467
2021-10-31,surveys,Consumer sentiment,70.5891
2021-11-30,surveys,Consumer sentiment,63.794
2021-12-31,surveys,Consumer sentiment,72.3053
2022-01-31,surveys,Consumer sentiment,85.672
2022-02-28,surveys,Consumer sentiment,84.9992
2022-03-31,surveys,Consumer sentiment,73.8853
2022-04-30,surveys,Consumer sentiment,84.7622
2022-05-31,surveys,Consumer sentiment,80.2819
2022-06-30,surveys,Consumer sentiment,70.2158
2022-07-31,surveys,Consumer sentiment,86.6538
2022-08-31,surveys,Consumer sentiment,84.2475
2022-09-30,surveys,Consumer sentiment,91.3911
2022-10-31,surveys,Consumer sentiment,89.4701
2022-11-30,surveys,Consumer sentiment,82.5778
2022-12-31,surveys,Consumer sentiment,83.6211
2023-01-31,surveys,Consumer sentiment,75.2821
2023-02-28,surveys,Consumer sentiment,87.6655
2023-03-31,surveys,Consumer sentiment,83.8877
2023-04-30,surveys,Consumer sentiment,78.4226
2023-05-31,surveys,Consumer sentiment,64.5793
2023-06-30,surveys,Consumer sentiment,89.1731
2023-07-31,surveys,Consumer sentiment,75.672
2023-08-31,surveys,Consumer sentiment,82.4409
2023-09-30,surveys,Consumer sentiment,87.6409
2023-10-31,surveys,Consumer sentiment,79.5944
2023-11-30,surveys,Consumer sentiment,79.3545
2023-12-31,surveys,Consumer sentiment,83.2174
2024-01-31,surveys,Consumer sentiment,79.5959
2024-02-29,surveys,Consumer sentiment,86.059
2024-03-31,surveys,Consumer sentiment,78.4535
2024-04-30,surveys,Consumer sentiment,81.6324
2024-05-31,surveys,Consumer sentiment,63.7126
2024-06-30,surveys,Consumer sentiment,90.2994
2024-07-31,surveys,Consumer sentiment,76.6103
2024-08-31,surveys,Consumer sentiment,99.8729
2024-09-30,surveys,Consumer sentiment,84.7263
2024-10-31,surveys,Consumer sentiment,83.4139
2024-11-30,surveys,Consumer sentiment,79.7988
2024-12-31,surveys,Consumer sentiment,85.6383
2025-01-31,surveys,Consumer sentiment,82.4989
2025-02-28,surveys,Consumer sentiment,83.9248
2025-03-31,surveys,Consumer sentiment,85.9636
2025-04-30,surveys,Consumer sentiment,78.7572
2025-05-31,surveys,Consumer sentiment,77.5591
2025-06-30,surveys,Consumer sentiment,86.3166
2025-07-31,surveys,Consumer sentiment,78.8525
2025-08-31,surveys,Consumer sentiment,82.4155
2025-09-30,surveys,Consumer sentiment,77.3544
2025-10-31,surveys,Consumer sentiment,79.0868
2025-11-30,surveys,Consumer sentiment,85.171
2025-12-31,surveys,Consumer sentiment,84.7693
2026-01-31,surveys,Consumer sentiment,78.1299
2026-02-28,surveys,Consumer sentiment,77.7329
2026-03-31,surveys,Consumer sentiment,80.0968
2026-04-30,surveys,Consumer sentiment,76.9777
2026-05-31,surveys,Consumer sentiment,69.7507
2026-06-30,surveys,Consumer sentiment,86.9015
2026-07-31,surveys,Consumer sentiment,79.1745
2018-01-31,surveys,ISM manufacturing PMI,49.6411
2018-02-28,surveys,ISM manufacturing PMI,49.4208
2018-03-31,surveys,ISM manufacturing PMI,49.0722
2018-04-30,surveys,ISM manufacturing PMI,46.577
2018-05-31,surveys,ISM manufacturing PMI,49.518
2018-06-30,surveys,ISM manufacturing PMI,47.8367
2018-07-31,surveys,ISM manufacturing PMI,48.0031
2018-08-31,surveys,ISM manufacturing PMI,47.2693
2018-09-30,surveys,ISM manufacturing PMI,47.7561
2018-10-31,surveys,ISM manufacturing PMI,47.4582
2018-11-30,surveys,ISM manufacturing PMI,48.6595
2018-12-31,surveys,ISM manufacturing PMI,48.6466
2019-01-31,surveys,ISM manufacturing PMI,48.0606
2019-02-28,surveys,ISM manufacturing PMI,47.6449
2019-03-31,surveys,ISM manufacturing PMI,46.5783
2019-04-30,surveys,ISM manufacturing PMI,51.4623
2019-05-31,surveys,ISM manufacturing PMI,49.815
2019-06-30,surveys,ISM manufacturing PMI,51.8207
2019-07-31,surveys,ISM manufacturing PMI,51.8773
2019-08-31,surveys,ISM manufacturing PMI,50.5277
2019-09-30,surveys,ISM manufacturing PMI,51.0279
2019-10-31,surveys,ISM manufacturing PMI,52.3277
2019-11-30,surveys,ISM manufacturing PMI,52.983
2019-12-31,surveys,ISM manufacturing PMI,51.869
2020-01-31,surveys,ISM manufacturing PMI,53.1287
2020-02-29,surveys,ISM manufacturing PMI,51.555
2020-03-31,surveys,ISM manufacturing PMI,51.8647
2020-04-30,surveys,ISM manufacturing PMI,51.8137
2020-05-31,surveys,ISM manufacturing PMI,47.7741
2020-06-30,surveys,ISM manufacturing PMI,48.7677
2020-07-31,surveys,ISM manufacturing PMI,51.0848
2020-08-31,surveys,ISM manufacturing PMI,48.7198
2020-09-30,surveys,ISM manufacturing PMI,49.2011
2020-10-31,surveys,ISM manufacturing PMI,48.4738
2020-11-30,surveys,ISM manufacturing PMI,50.5449
2020-12-31,surveys,ISM manufacturing PMI,51.3345
2021-01-31,surveys,ISM manufacturing PMI,50.3483
2021-02-28,surveys,ISM manufacturing PMI,50.3142
2021-03-31,surveys,ISM manufacturing PMI,52.9215
2021-04-30,surveys,ISM manufacturing PMI,51.9814
2021-05-31,surveys,ISM manufacturing PMI,51.7644
2021-06-30,surveys,ISM manufacturing PMI,51.5999
2021-07-31,surveys,ISM manufacturing PMI,49.6383
2021-08-31,surveys,ISM manufacturing PMI,50.3941
2021-09-30,surveys,ISM manufacturing PMI,51.0268
2021-10-31,surveys,ISM manufacturing PMI,48.825
2021-11-30,surveys,ISM manufacturing PMI,48.1937
2021-12-31,surveys,ISM manufacturing PMI,48.7537
2022-01-31,surveys,ISM manufacturing PMI,51.0928
2022-02-28,surveys,ISM manufacturing PMI,49.1345
2022-03-31,surveys,ISM manufacturing PMI,47.5225
2022-04-30,surveys,ISM manufacturing PMI,49.9795
2022-05-31,surveys,ISM manufacturing PMI,49.9644
2022-06-30,surveys,ISM manufacturing PMI,49.3778
2022-07-31,surveys,ISM manufacturing PMI,52.1938
2022-08-31,surveys,ISM manufacturing PMI,50.9288
2022-09-30,surveys,ISM manufacturing PMI,51.7362
2022-10-31,surveys,ISM manufacturing PMI,49.5753
2022-11-30,surveys,ISM manufacturing PMI,49.7356
2022-12-31,surveys,ISM manufacturing PMI,51.4424
2023-01-31,surveys,ISM manufacturing PMI,49.0389
2023-02-28,surveys,ISM manufacturing PMI,52.3031
2023-03-31,surveys,ISM manufacturing PMI,49.7883
2023-04-30,surveys,ISM manufacturing PMI,49.8085
2023-05-31,surveys,ISM manufacturing PMI,48.4849
2023-06-30,surveys,ISM manufacturing PMI,50.7015
2023-07-31,surveys,ISM manufacturing PMI,47.9152
2023-08-31,surveys,ISM manufacturing PMI,48.4748
2023-09-30,surveys,ISM manufacturing PMI,49.6967
2023-10-31,surveys,ISM manufacturing PMI,48.1719
2023-11-30,surveys,ISM manufacturing PMI,48.7428
2023-12-31,surveys,ISM manufacturing PMI,48.5577
2024-01-31,surveys,ISM manufacturing PMI,48.7988
2024-02-29,surveys,ISM manufacturing PMI,50.9584
2024-03-31,surveys,ISM manufacturing PMI,50.0323
2024-04-30,surveys,ISM manufacturing PMI,50.0729
2024-05-31,surveys,ISM manufacturing PMI,49.6534
2024-06-30,surveys,ISM manufacturing PMI,52.4857
2024-07-31,surveys,ISM manufacturing PMI,49.5674
2024-08-31,surveys,ISM manufacturing PMI,53.0151
2024-09-30,surveys,ISM manufacturing PMI,51.7477
2024-10-31,surveys,ISM manufacturing PMI,51.6448
2024-11-30,surveys,ISM manufacturing PMI,51.6963
2024-12-31,surveys,ISM manufacturing PMI,52.1189
2025-01-31,surveys,ISM manufacturing PMI,50.9072
2025-02-28,surveys,ISM manufacturing PMI,50.1368
2025-03-31,surveys,ISM manufacturing PMI,50.9362
2025-04-30,surveys,ISM manufacturing PMI,49.7226
2025-05-31,surveys,ISM manufacturing PMI,50.0153
2025-06-30,surveys,ISM manufacturing PMI,51.0579
2025-07-31,surveys,ISM manufacturing PMI,50.8826
2025-08-31,surveys,ISM manufacturing PMI,51.0642
2025-09-30,surveys,ISM manufacturing PMI,49.8022
2025-10-31,surveys,ISM manufacturing PMI,50.3261
2025-11-30,surveys,ISM manufacturing PMI,51.9718
2025-12-31,surveys,ISM manufacturing PMI,50.7063
2026-01-31,surveys,ISM manufacturing PMI,49.4747
2026-02-28,surveys,ISM manufacturing PMI,50.5431
2026-03-31,surveys,ISM manufacturing PMI,51.0534
2026-04-30,surveys,ISM manufacturing PMI,50.5099
2026-05-31,surveys,ISM manufacturing PMI,50.1353
2026-06-30,surveys,ISM manufacturing PMI,51.3752
2026-07-31,surveys,ISM manufacturing PMI,50.1571
2018-01-31,techfirms,T1,45.2705
2018-02-28,techfirms,T1,45.0046
2018-03-31,techfirms,T1,45.4796
2018-04-30,techfirms,T1,46.5362
2018-05-31,techfirms,T1,51.4294
2018-06-30,techfirms,T1,57.4706
2018-07-31,techfirms,T1,57.3581
2018-08-31,techfirms,T1,57.8501
2018-09-30,techfirms,T1,58.7162
2018-10-31,techfirms,T1,53.9263
2018-11-30,techfirms,T1,52.1113
2018-12-31,techfirms,T1,52.903
2019-01-31,techfirms,T1,54.4937
2019-02-28,techfirms,T1,51.073
2019-03-31,techfirms,T1,48.7658
2019-04-30,techfirms,T1,51.5993
2019-05-31,techfirms,T1,52.4341
2019-06-30,techfirms,T1,52.7229
2019-07-31,techfirms,T1,51.2162
2019-08-31,techfirms,T1,53.6677
2019-09-30,techfirms,T1,49.4424
2019-10-31,techfirms,T1,49.176
2019-11-30,techfirms,T1,53.1803
2019-12-31,techfirms,T1,60.5252
2020-01-31,techfirms,T1,57.1521
2020-02-29,techfirms,T1,55.8105
2020-03-31,techfirms,T1,66.739
2020-04-30,techfirms,T1,57.4643
2020-05-31,techfirms,T1,53.3851
2020-06-30,techfirms,T1,53.56
2020-07-31,techfirms,T1,59.4779
2020-08-31,techfirms,T1,67.6435
2020-09-30,techfirms,T1,71.6846
2020-10-31,techfirms,T1,66.1491
2020-11-30,techfirms,T1,67.3894
2020-12-31,techfirms,T1,74.5485
2021-01-31,techfirms,T1,76.8334
2021-02-28,techfirms,T1,73.075
2021-03-31,techfirms,T1,70.5424
2021-04-30,techfirms,T1,72.1555
2021-05-31,techfirms,T1,71.5882
2021-06-30,techfirms,T1,62.4519
2021-07-31,techfirms,T1,66.1875
2021-08-31,techfirms,T1,68.4421
2021-09-30,techfirms,T1,67.4457
2021-10-31,techfirms,T1,73.145
2021-11-30,techfirms,T1,77.5602
2021-12-31,techfirms,T1,76.4683
2022-01-31,techfirms,T1,72.142
2022-02-28,techfirms,T1,86.4715
2022-03-31,techfirms,T1,92.8774
2022-04-30,techfirms,T1,94.6061
2022-05-31,techfirms,T1,100.1545
2022-06-30,techfirms,T1,93.2842
2022-07-31,techfirms,T1,92.2603
2022-08-31,techfirms,T1,89.885
2022-09-30,techfirms,T1,81.7163
2022-10-31,techfirms,T1,92.0778
2022-11-30,techfirms,T1,100.257
2022-12-31,techfirms,T1,99.8682
2023-01-31,techfirms,T1,100.9587
2023-02-28,techfirms,T1,92.3241
2023-03-31,techfirms,T1,86.3634
2023-04-30,techfirms,T1,88.8338
2023-05-31,techfirms,T1,81.835
2023-06-30,techfirms,T1,81.0325
2023-07-31,techfirms,T1,77.716
2023-08-31,techfirms,T1,74.1154
2023-09-30,techfirms,T1,77.335
2023-10-31,techfirms,T1,77.3535
2023-11-30,techfirms,T1,77.1588
2023-12-31,techfirms,T1,77.2234
2024-01-31,techfirms,T1,82.737
2024-02-29,techfirms,T1,80.8544
2024-03-31,techfirms,T1,78.7424
2024-04-30,techfirms,T1,80.4015
2024-05-31,techfirms,T1,78.5902
2024-06-30,techfirms,T1,74.9475
2024-07-31,techfirms,T1,81.3831
2024-08-31,techfirms,T1,85.6989
2024-09-30,techfirms,T1,93.3875
2024-10-31,techfirms,T1,84.9924
2024-11-30,techfirms,T1,91.9666
2024-12-31,techfirms,T1,94.1212
2025-01-31,techfirms,T1,94.3392
2025-02-28,techfirms,T1,106.1117
2025-03-31,techfirms,T1,102.9797
2025-04-30,techfirms,T1,95.4367
2025-05-31,techfirms,T1,95.7888
2025-06-30,techfirms,T1,95.4246
2025-07-31,techfirms,T1,94.6723
2025-08-31,techfirms,T1,105.2683
2025-09-30,techfirms,T1,105.4539
2025-10-31,techfirms,T1,98.9702
2025-11-30,techfirms,T1,120.5929
2025-12-31,techfirms,T1,132.3273
2026-01-31,techfirms,T1,156.2231
2026-02-28,techfirms,T1,142.5152
2026-03-31,techfirms,T1,143.9277
2026-04-30,techfirms,T1,137.3112
2026-05-31,techfirms,T1,151.764
2026-06-30,techfirms,T1,135.2444
2026-07-31,techfirms,T1,113.6137
2018-01-31,techfirms,T2,129.8249
2018-02-28,techfirms,T2,134.6462
2018-03-31,techfirms,T2,131.7476
2018-04-30,techfirms,T2,125.6867
2018-05-31,techfirms,T2,106.6942
2018-06-30,techfirms,T2,117.3281
2018-07-31,techfirms,T2,116.7138
2018-08-31,techfirms,T2,128.386
2018-09-30,techfirms,T2,141.5469
2018-10-31,techfirms,T2,129.7036
2018-11-30,techfirms,T2,147.22
2018-12-31,techfirms,T2,151.0984
2019-01-31,techfirms,T2,150.8329
2019-02-28,techfirms,T2,165.8241
2019-03-31,techfirms,T2,158.0847
2019-04-30,techfirms,T2,157.2995
2019-05-31,techfirms,T2,164.3662
2019-06-30,techfirms,T2,176.0144
2019-07-31,techfirms,T2,170.923
2019-08-31,techfirms,T2,173.2239
2019-09-30,techfirms,T2,134.5804
2019-10-31,techfirms,T2,146.031
2019-11-30,techfirms,T2,159.0493
2019-12-31,techfirms,T2,195.3582
2020-01-31,techfirms,T2,177.4197
2020-02-29,techfirms,T2,182.2722
2020-03-31,techfirms,T2,195.9764
2020-04-30,techfirms,T2,171.7447
2020-05-31,techfirms,T2,180.6076
2020-06-30,techfirms,T2,180.3498
2020-07-31,techfirms,T2,183.1541
2020-08-31,techfirms,T2,184.1675
2020-09-30,techfirms,T2,179.2943
2020-10-31,techfirms,T2,168.8496
2020-11-30,techfirms,T2,169.507
2020-12-31,techfirms,T2,175.0165
2021-01-31,techfirms,T2,198.2406
2021-02-28,techfirms,T2,204.9216
2021-03-31,techfirms,T2,214.2254
2021-04-30,techfirms,T2,205.4222
2021-05-31,techfirms,T2,189.5844
2021-06-30,techfirms,T2,180.1036
2021-07-31,techfirms,T2,182.3245
2021-08-31,techfirms,T2,182.0645
2021-09-30,techfirms,T2,184.2818
2021-10-31,techfirms,T2,190.0436
2021-11-30,techfirms,T2,181.5334
2021-12-31,techfirms,T2,182.3709
2022-01-31,techfirms,T2,187.8804
2022-02-28,techfirms,T2,209.4725
2022-03-31,techfirms,T2,222.6993
2022-04-30,techfirms,T2,225.3735
2022-05-31,techfirms,T2,274.9959
2022-06-30,techfirms,T2,277.143
2022-07-31,techfirms,T2,299.4637
2022-08-31,techfirms,T2,315.7828
2022-09-30,techfirms,T2,288.2019
2022-10-31,techfirms,T2,337.7993
2022-11-30,techfirms,T2,363.1821
2022-12-31,techfirms,T2,336.1775
2023-01-31,techfirms,T2,312.2239
2023-02-28,techfirms,T2,284.9197
2023-03-31,techfirms,T2,300.379
2023-04-30,techfirms,T2,314.005
2023-05-31,techfirms,T2,282.6194
2023-06-30,techfirms,T2,302.2189
2023-07-31,techfirms,T2,256.9149
2023-08-31,techfirms,T2,241.1164
2023-09-30,techfirms,T2,251.9333
2023-10-31,techfirms,T2,263.2138
2023-11-30,techfirms,T2,283.9723
2023-12-31,techfirms,T2,309.4858
2024-01-31,techfirms,T2,334.1697
2024-02-29,techfirms,T2,299.3689
2024-03-31,techfirms,T2,286.5522
2024-04-30,techfirms,T2,304.4359
2024-05-31,techfirms,T2,274.9287
2024-06-30,techfirms,T2,262.7629
2024-07-31,techfirms,T2,282.1082
2024-08-31,techfirms,T2,259.0881
2024-09-30,techfirms,T2,263.6329
2024-10-31,techfirms,T2,258.6739
2024-11-30,techfirms,T2,254.1467
2024-12-31,techfirms,T2,269.7594
2025-01-31,techfirms,T2,278.5672
2025-02-28,techfirms,T2,286.3772
2025-03-31,techfirms,T2,310.1576
2025-04-30,techfirms,T2,289.8155
2025-05-31,techfirms,T2,265.4782
2025-06-30,techfirms,T2,291.0436
2025-07-31,techfirms,T2,272.4654
2025-08-31,techfirms,T2,283.5918
2025-09-30,techfirms,T2,309.0651
2025-10-31,techfirms,T2,292.6409
2025-11-30,techfirms,T2,318.9786
2025-12-31,techfirms,T2,347.0045
2026-01-31,techfirms,T2,390.5249
2026-02-28,techfirms,T2,388.2306
2026-03-31,techfirms,T2,384.4373
2026-04-30,techfirms,T2,419.8191
2026-05-31,techfirms,T2,410.2151
2026-06-30,techfirms,T2,409.007
2026-07-31,techfirms,T2,399.89
2018-01-31,techfirms,T3,50.4143
2018-02-28,techfirms,T3,53.0597
2018-03-31,techfirms,T3,48.4126
2018-04-30,techfirms,T3,47.0331
2018-05-31,techfirms,T3,47.9225
2018-06-30,techfirms,T3,51.5747
2018-07-31,techfirms,T3,50.772
2018-08-31,techfirms,T3,51.5431
2018-09-30,techfirms,T3,52.6904
2018-10-31,techfirms,T3,49.9277
2018-11-30,techfirms,T3,50.9794
2018-12-31,techfirms,T3,53.0416
2019-01-31,techfirms,T3,48.7979
2019-02-28,techfirms,T3,48.8905
2019-03-31,techfirms,T3,50.3803
2019-04-30,techfirms,T3,53.2623
2019-05-31,techfirms,T3,65.175
2019-06-30,techfirms,T3,78.9809
2019-07-31,techfirms,T3,76.4617
2019-08-31,techfirms,T3,75.0917
2019-09-30,techfirms,T3,56.5058
2019-10-31,techfirms,T3,60.7907
2019-11-30,techfirms,T3,66.5516
2019-12-31,techfirms,T3,68.605
2020-01-31,techfirms,T3,60.846
2020-02-29,techfirms,T3,68.2932
2020-03-31,techfirms,T3,74.8505
2020-04-30,techfirms,T3,79.9512
2020-05-31,techfirms,T3,88.5187
2020-06-30,techfirms,T3,86.6824
2020-07-31,techfirms,T3,100.7599
2020-08-31,techfirms,T3,103.8826
2020-09-30,techfirms,T3,96.0746
2020-10-31,techfirms,T3,85.8683
2020-11-30,techfirms,T3,70.8809
2020-12-31,techfirms,T3,70.9434
2021-01-31,techfirms,T3,68.0653
2021-02-28,techfirms,T3,65.9962
2021-03-31,techfirms,T3,71.5754
2021-04-30,techfirms,T3,74.2856
2021-05-31,techfirms,T3,73.546
2021-06-30,techfirms,T3,67.6155
2021-07-31,techfirms,T3,64.5852
2021-08-31,techfirms,T3,69.1268
2021-09-30,techfirms,T3,72.8031
2021-10-31,techfirms,T3,79.8061
2021-11-30,techfirms,T3,83.0954
2021-12-31,techfirms,T3,88.446
2022-01-31,techfirms,T3,96.1203
2022-02-28,techfirms,T3,100.8017
2022-03-31,techfirms,T3,109.0071
2022-04-30,techfirms,T3,104.205
2022-05-31,techfirms,T3,116.4087
2022-06-30,techfirms,T3,102.3782
2022-07-31,techfirms,T3,103.3218
2022-08-31,techfirms,T3,114.5865
2022-09-30,techfirms,T3,104.7235
2022-10-31,techfirms,T3,102.8588
2022-11-30,techfirms,T3,103.1838
2022-12-31,techfirms,T3,115.0348
2023-01-31,techfirms,T3,106.2822
2023-02-28,techfirms,T3,84.1173
2023-03-31,techfirms,T3,80.0159
2023-04-30,techfirms,T3,81.3988
2023-05-31,techfirms,T3,71.696
2023-06-30,techfirms,T3,74.427
2023-07-31,techfirms,T3,70.4974
2023-08-31,techfirms,T3,73.9815
2023-09-30,techfirms,T3,75.2736
2023-10-31,techfirms,T3,81.8
2023-11-30,techfirms,T3,88.0091
2023-12-31,techfirms,T3,95.4933
2024-01-31,techfirms,T3,100.9616
2024-02-29,techfirms,T3,111.3652
2024-03-31,techfirms,T3,104.4946
2024-04-30,techfirms,T3,113.4802
2024-05-31,techfirms,T3,102.8123
2024-06-30,techfirms,T3,104.2411
2024-07-31,techfirms,T3,92.2706
2024-08-31,techfirms,T3,90.5774
2024-09-30,techfirms,T3,92.3659
2024-10-31,techfirms,T3,83.7784
2024-11-30,techfirms,T3,82.0217
2024-12-31,techfirms,T3,81.0712
2025-01-31,techfirms,T3,85.6499
2025-02-28,techfirms,T3,100.0898
2025-03-31,techfirms,T3,102.7681
2025-04-30,techfirms,T3,99.5111
2025-05-31,techfirms,T3,88.6629
2025-06-30,techfirms,T3,88.3958
2025-07-31,techfirms,T3,99.8348
2025-08-31,techfirms,T3,100.9697
2025-09-30,techfirms,T3,111.3168
2025-10-31,techfirms,T3,115.5603
2025-11-30,techfirms,T3,116.5355
2025-12-31,techfirms,T3,110.3429
2026-01-31,techfirms,T3,126.6971
2026-02-28,techfirms,T3,125.3731
2026-03-31,techfirms,T3,119.0031
2026-04-30,techfirms,T3,118.3318
2026-05-31,techfirms,T3,118.6716
2026-06-30,techfirms,T3,115.3251
2026-07-31,techfirms,T3,118.249
2018-01-31,techfirms,T4,217.3448
2018-02-28,techfirms,T4,208.8146
2018-03-31,techfirms,T4,196.1639
2018-04-30,techfirms,T4,199.192
2018-05-31,techfirms,T4,202.2711
2018-06-30,techfirms,T4,202.9616
2018-07-31,techfirms,T4,198.3458
2018-08-31,techfirms,T4,199.7503
2018-09-30,techfirms,T4,210.3468
2018-10-31,techfirms,T4,205.8212
2018-11-30,techfirms,T4,205.7194
2018-12-31,techfirms,T4,224.3889
2019-01-31,techfirms,T4,254.535
2019-02-28,techfirms,T4,234.9626
2019-03-31,techfirms,T4,255.8709
2019-04-30,techfirms,T4,246.5669
2019-05-31,techfirms,T4,258.374
2019-06-30,techfirms,T4,285.4082
2019-07-31,techfirms,T4,291.8014
2019-08-31,techfirms,T4,285.1933
2019-09-30,techfirms,T4,245.3267
2019-10-31,techfirms,T4,242.7878
2019-11-30,techfirms,T4,248.0485
2019-12-31,techfirms,T4,256.2076
2020-01-31,techfirms,T4,257.2902
2020-02-29,techfirms,T4,273.7641
2020-03-31,techfirms,T4,291.5757
2020-04-30,techfirms,T4,246.5278
2020-05-31,techfirms,T4,269.8252
2020-06-30,techfirms,T4,273.0512
2020-07-31,techfirms,T4,299.5679
2020-08-31,techfirms,T4,330.2041
2020-09-30,techfirms,T4,351.8394
2020-10-31,techfirms,T4,345.0273
2020-11-30,techfirms,T4,321.2105
2020-12-31,techfirms,T4,355.2698
2021-01-31,techfirms,T4,306.2055
2021-02-28,techfirms,T4,309.0016
2021-03-31,techfirms,T4,343.7229
2021-04-30,techfirms,T4,396.4095
2021-05-31,techfirms,T4,416.3583
2021-06-30,techfirms,T4,375.8797
2021-07-31,techfirms,T4,364.8982
2021-08-31,techfirms,T4,325.0865
2021-09-30,techfirms,T4,347.4284
2021-10-31,techfirms,T4,344.7619
2021-11-30,techfirms,T4,346.4374
2021-12-31,techfirms,T4,354.0251
2022-01-31,techfirms,T4,374.5782
2022-02-28,techfirms,T4,366.7144
2022-03-31,techfirms,T4,417.0173
2022-04-30,techfirms,T4,434.8033
2022-05-31,techfirms,T4,457.5714
2022-06-30,techfirms,T4,441.8839
2022-07-31,techfirms,T4,438.0434
2022-08-31,techfirms,T4,441.2918
2022-09-30,techfirms,T4,439.193
2022-10-31,techfirms,T4,457.8138
2022-11-30,techfirms,T4,471.0066
2022-12-31,techfirms,T4,500.8267
2023-01-31,techfirms,T4,462.0593
2023-02-28,techfirms,T4,449.5955
2023-03-31,techfirms,T4,420.5203
2023-04-30,techfirms,T4,412.9279
2023-05-31,techfirms,T4,359.5542
2023-06-30,techfirms,T4,359.9214
2023-07-31,techfirms,T4,368.5585
2023-08-31,techfirms,T4,368.8822
2023-09-30,techfirms,T4,378.007
2023-10-31,techfirms,T4,404.6905
2023-11-30,techfirms,T4,408.167
2023-12-31,techfirms,T4,422.1208
2024-01-31,techfirms,T4,434.8511
2024-02-29,techfirms,T4,443.436
2024-03-31,techfirms,T4,447.1074
2024-04-30,techfirms,T4,445.5988
2024-05-31,techfirms,T4,443.761
2024-06-30,techfirms,T4,436.7958
2024-07-31,techfirms,T4,462.7061
2024-08-31,techfirms,T4,436.4862
2024-09-30,techfirms,T4,481.4838
2024-10-31,techfirms,T4,436.2299
2024-11-30,techfirms,T4,444.2596
2024-12-31,techfirms,T4,440.5449
2025-01-31,techfirms,T4,464.3591
2025-02-28,techfirms,T4,478.2399
2025-03-31,techfirms,T4,483.7051
2025-04-30,techfirms,T4,449.8283
2025-05-31,techfirms,T4,387.9487
2025-06-30,techfirms,T4,420.3702
2025-07-31,techfirms,T4,487.3416
2025-08-31,techfirms,T4,526.87
2025-09-30,techfirms,T4,496.8619
2025-10-31,techfirms,T4,594.4118
2025-11-30,techfirms,T4,658.0165
2025-12-31,techfirms,T4,699.3065
2026-01-31,techfirms,T4,721.9715
2026-02-28,techfirms,T4,597.1231
2026-03-31,techfirms,T4,627.1078
2026-04-30,techfirms,T4,627.7248
2026-05-31,techfirms,T4,576.5016
2026-06-30,techfirms,T4,569.6054
2026-07-31,techfirms,T4,589.599
2018-01-31,techfirms,T5,189.0247
2018-02-28,techfirms,T5,190.0088
2018-03-31,techfirms,T5,160.4496
2018-04-30,techfirms,T5,157.7472
2018-05-31,techfirms,T5,143.1838
2018-06-30,techfirms,T5,159.8965
2018-07-31,techfirms,T5,156.2423
2018-08-31,techfirms,T5,163.0328
2018-09-30,techfirms,T5,155.7604
2018-10-31,techfirms,T5,163.9077
2018-11-30,techfirms,T5,189.6869
2018-12-31,techfirms,T5,205.1926
2019-01-31,techfirms,T5,250.2899
2019-02-28,techfirms,T5,258.5858
2019-03-31,techfirms,T5,224.7199
2019-04-30,techfirms,T5,226.2587
2019-05-31,techfirms,T5,261.6932
2019-06-30,techfirms,T5,296.3859
2019-07-31,techfirms,T5,279.5206
2019-08-31,techfirms,T5,282.2001
2019-09-30,techfirms,T5,238.3314
2019-10-31,techfirms,T5,235.0036
2019-11-30,techfirms,T5,249.0406
2019-12-31,techfirms,T5,288.4082
2020-01-31,techfirms,T5,295.7665
2020-02-29,techfirms,T5,285.5374
2020-03-31,techfirms,T5,300.1173
2020-04-30,techfirms,T5,283.8818
2020-05-31,techfirms,T5,298.73
2020-06-30,techfirms,T5,295.3624
2020-07-31,techfirms,T5,304.083
2020-08-31,techfirms,T5,311.492
2020-09-30,techfirms,T5,291.4443
2020-10-31,techfirms,T5,265.7031
2020-11-30,techfirms,T5,310.5905
2020-12-31,techfirms,T5,312.1866
2021-01-31,techfirms,T5,293.8563
2021-02-28,techfirms,T5,262.1589
2021-03-31,techfirms,T5,284.9969
2021-04-30,techfirms,T5,310.1067
2021-05-31,techfirms,T5,330.2147
2021-06-30,techfirms,T5,330.5792
2021-07-31,techfirms,T5,309.0681
2021-08-31,techfirms,T5,312.6732
2021-09-30,techfirms,T5,341.7272
2021-10-31,techfirms,T5,344.1394
2021-11-30,techfirms,T5,343.6078
2021-12-31,techfirms,T5,358.0417
2022-01-31,techfirms,T5,355.3255
2022-02-28,techfirms,T5,374.008
2022-03-31,techfirms,T5,411.9311
2022-04-30,techfirms,T5,408.605
2022-05-31,techfirms,T5,463.0665
2022-06-30,techfirms,T5,434.5279
2022-07-31,techfirms,T5,420.2184
2022-08-31,techfirms,T5,396.8369
2022-09-30,techfirms,T5,355.9304
2022-10-31,techfirms,T5,419.1286
2022-11-30,techfirms,T5,369.2878
2022-12-31,techfirms,T5,393.611
2023-01-31,techfirms,T5,389.5221
2023-02-28,techfirms,T5,322.4601
2023-03-31,techfirms,T5,334.0142
2023-04-30,techfirms,T5,377.106
2023-05-31,techfirms,T5,310.412
2023-06-30,techfirms,T5,321.3495
2023-07-31,techfirms,T5,306.9885
2023-08-31,techfirms,T5,265.7939
2023-09-30,techfirms,T5,321.761
2023-10-31,techfirms,T5,342.6639
2023-11-30,techfirms,T5,363.2232
2023-12-31,techfirms,T5,380.89
2024-01-31,techfirms,T5,388.3914
2024-02-29,techfirms,T5,373.9071
2024-03-31,techfirms,T5,336.3548
2024-04-30,techfirms,T5,371.1528
2024-05-31,techfirms,T5,358.5525
2024-06-30,techfirms,T5,354.8787
2024-07-31,techfirms,T5,387.7143
2024-08-31,techfirms,T5,399.8816
2024-09-30,techfirms,T5,418.5992
2024-10-31,techfirms,T5,388.405
2024-11-30,techfirms,T5,366.2277
2024-12-31,techfirms,T5,404.063
2025-01-31,techfirms,T5,387.2244
2025-02-28,techfirms,T5,423.0135
2025-03-31,techfirms,T5,461.9694
2025-04-30,techfirms,T5,410.0939
2025-05-31,techfirms,T5,350.3068
2025-06-30,techfirms,T5,352.4506
2025-07-31,techfirms,T5,331.295
2025-08-31,techfirms,T5,368.3858
2025-09-30,techfirms,T5,389.2175
2025-10-31,techfirms,T5,422.3292
2025-11-30,techfirms,T5,474.2641
2025-12-31,techfirms,T5,477.3152
2026-01-31,techfirms,T5,555.3789
2026-02-28,techfirms,T5,563.0724
2026-03-31,techfirms,T5,548.7039
2026-04-30,techfirms,T5,518.78
2026-05-31,techfirms,T5,556.6913
2026-06-30,techfirms,T5,567.0617
2026-07-31,techfirms,T5,502.7069
2018-01-31,techidx,Tech index (synthetic),96.7203
2018-02-28,techidx,Tech index (synthetic),99.4998
2018-03-31,techidx,Tech index (synthetic),91.7
2018-04-30,techidx,Tech index (synthetic),92.1186
2018-05-31,techidx,Tech index (synthetic),90.3737
2018-06-30,techidx,Tech index (synthetic),95.8675
2018-07-31,techidx,Tech index (synthetic),99.2604
2018-08-31,techidx,Tech index (synthetic),101.2165
2018-09-30,techidx,Tech index (synthetic),99.8692
2018-10-31,techidx,Tech index (synthetic),96.6375
2018-11-30,techidx,Tech index (synthetic),96.8506
2018-12-31,techidx,Tech index (synthetic),101.8897
2019-01-31,techidx,Tech index (synthetic),107.6025
2019-02-28,techidx,Tech index (synthetic),104.2341
2019-03-31,techidx,Tech index (synthetic),102.6796
2019-04-30,techidx,Tech index (synthetic),105.7183
2019-05-31,techidx,Tech index (synthetic),111.2225
2019-06-30,techidx,Tech index (synthetic),126.363
2019-07-31,techidx,Tech index (synthetic),122.2953
2019-08-31,techidx,Tech index (synthetic),122.1745
2019-09-30,techidx,Tech index (synthetic),101.7653
2019-10-31,techidx,Tech index (synthetic),100.8871
2019-11-30,techidx,Tech index (synthetic),109.6509
2019-12-31,techidx,Tech index (synthetic),122.8967
2020-01-31,techidx,Tech index (synthetic),121.8244
2020-02-29,techidx,Tech index (synthetic),125.0729
2020-03-31,techidx,Tech index (synthetic),139.4847
2020-04-30,techidx,Tech index (synthetic),128.3975
2020-05-31,techidx,Tech index (synthetic),133.8997
2020-06-30,techidx,Tech index (synthetic),135.7163
2020-07-31,techidx,Tech index (synthetic),151.0454
2020-08-31,techidx,Tech index (synthetic),161.1374
2020-09-30,techidx,Tech index (synthetic),152.442
2020-10-31,techidx,Tech index (synthetic),143.9678
2020-11-30,techidx,Tech index (synthetic),140.8036
2020-12-31,techidx,Tech index (synthetic),144.0272
2021-01-31,techidx,Tech index (synthetic),142.5233
2021-02-28,techidx,Tech index (synthetic),138.6799
2021-03-31,techidx,Tech index (synthetic),144.0146
2021-04-30,techidx,Tech index (synthetic),147.8067
2021-05-31,techidx,Tech index (synthetic),152.1957
2021-06-30,techidx,Tech index (synthetic),144.7034
2021-07-31,techidx,Tech index (synthetic),142.6153
2021-08-31,techidx,Tech index (synthetic),144.2402
2021-09-30,techidx,Tech index (synthetic),155.1898
2021-10-31,techidx,Tech index (synthetic),153.21
2021-11-30,techidx,Tech index (synthetic),159.8765
2021-12-31,techidx,Tech index (synthetic),165.9195
2022-01-31,techidx,Tech index (synthetic),168.3
2022-02-28,techidx,Tech index (synthetic),179.8786
2022-03-31,techidx,Tech index (synthetic),197.2456
2022-04-30,techidx,Tech index (synthetic),189.8237
2022-05-31,techidx,Tech index (synthetic),206.1519
2022-06-30,techidx,Tech index (synthetic),201.5842
2022-07-31,techidx,Tech index (synthetic),198.9372
2022-08-31,techidx,Tech index (synthetic),202.4565
2022-09-30,techidx,Tech index (synthetic),192.6952
2022-10-31,techidx,Tech index (synthetic),205.0948
2022-11-30,techidx,Tech index (synthetic),199.6883
2022-12-31,techidx,Tech index (synthetic),205.6824
2023-01-31,techidx,Tech index (synthetic),205.8766
2023-02-28,techidx,Tech index (synthetic),181.058
2023-03-31,techidx,Tech index (synthetic),190.0337
2023-04-30,techidx,Tech index (synthetic),190.6344
2023-05-31,techidx,Tech index (synthetic),171.2179
2023-06-30,techidx,Tech index (synthetic),173.349
2023-07-31,techidx,Tech index (synthetic),161.0855
2023-08-31,techidx,Tech index (synthetic),152.8677
2023-09-30,techidx,Tech index (synthetic),162.462
2023-10-31,techidx,Tech index (synthetic),170.2581
2023-11-30,techidx,Tech index (synthetic),172.2156
2023-12-31,techidx,Tech index (synthetic),179.7043
2024-01-31,techidx,Tech index (synthetic),190.0497
2024-02-29,techidx,Tech index (synthetic),188.9058
2024-03-31,techidx,Tech index (synthetic),180.3295
2024-04-30,techidx,Tech index (synthetic),191.2003
2024-05-31,techidx,Tech index (synthetic),180.7081
2024-06-30,techidx,Tech index (synthetic),182.4595
2024-07-31,techidx,Tech index (synthetic),181.3465
2024-08-31,techidx,Tech index (synthetic),178.0779
2024-09-30,techidx,Tech index (synthetic),197.1913
2024-10-31,techidx,Tech index (synthetic),182.8564
2024-11-30,techidx,Tech index (synthetic),173.8546
2024-12-31,techidx,Tech index (synthetic),181.8237
2025-01-31,techidx,Tech index (synthetic),181.6127
2025-02-28,techidx,Tech index (synthetic),205.9068
2025-03-31,techidx,Tech index (synthetic),206.5012
2025-04-30,techidx,Tech index (synthetic),195.3212
2025-05-31,techidx,Tech index (synthetic),189.0587
2025-06-30,techidx,Tech index (synthetic),192.9492
2025-07-31,techidx,Tech index (synthetic),194.7379
2025-08-31,techidx,Tech index (synthetic),212.9146
2025-09-30,techidx,Tech index (synthetic),211.1946
2025-10-31,techidx,Tech index (synthetic),221.456
2025-11-30,techidx,Tech index (synthetic),236.1806
2025-12-31,techidx,Tech index (synthetic),257.8778
2026-01-31,techidx,Tech index (synthetic),285.5821
2026-02-28,techidx,Tech index (synthetic),281.5462
2026-03-31,techidx,Tech index (synthetic),272.7298
2026-04-30,techidx,Tech index (synthetic),280.0617
2026-05-31,techidx,Tech index (synthetic),290.5895
2026-06-30,techidx,Tech index (synthetic),285.4356
2026-07-31,techidx,Tech index (synthetic),266.1062
2018-01-31,treasuries,10Y,2.3581
2018-02-28,treasuries,10Y,3.0564
2018-03-31,treasuries,10Y,3.2081
2018-04-30,treasuries,10Y,3.1244
2018-05-31,treasuries,10Y,3.4205
2018-06-30,treasuries,10Y,3.1676
2018-07-31,treasuries,10Y,3.2199
2018-08-31,treasuries,10Y,2.7314
2018-09-30,treasuries,10Y,3.4676
2018-10-31,treasuries,10Y,3.4629
2018-11-30,treasuries,10Y,3.63
2018-12-31,treasuries,10Y,3.2435
2019-01-31,treasuries,10Y,3.3883
2019-02-28,treasuries,10Y,3.127
2019-03-31,treasuries,10Y,2.5581
2019-04-30,treasuries,10Y,3.258
2019-05-31,treasuries,10Y,2.9815
2019-06-30,treasuries,10Y,2.9342
2019-07-31,treasuries,10Y,2.4875
2019-08-31,treasuries,10Y,2.6335
2019-09-30,treasuries,10Y,2.5005
2019-10-31,treasuries,10Y,3.1303
2019-11-30,treasuries,10Y,3.5053
2019-12-31,treasuries,10Y,2.4636
2020-01-31,treasuries,10Y,2.8414
2020-02-29,treasuries,10Y,2.5546
2020-03-31,treasuries,10Y,2.1547
2020-04-30,treasuries,10Y,2.2231
2020-05-31,treasuries,10Y,2.5153
2020-06-30,treasuries,10Y,2.3716
2020-07-31,treasuries,10Y,2.3392
2020-08-31,treasuries,10Y,2.3169
2020-09-30,treasuries,10Y,2.8389
2020-10-31,treasuries,10Y,2.5452
2020-11-30,treasuries,10Y,2.6446
2020-12-31,treasuries,10Y,2.5356
2021-01-31,treasuries,10Y,2.2212
2021-02-28,treasuries,10Y,2.0877
2021-03-31,treasuries,10Y,2.6196
2021-04-30,treasuries,10Y,2.2066
2021-05-31,treasuries,10Y,2.3396
2021-06-30,treasuries,10Y,2.748
2021-07-31,treasuries,10Y,2.6393
2021-08-31,treasuries,10Y,2.1287
2021-09-30,treasuries,10Y,2.1538
2021-10-31,treasuries,10Y,2.2114
2021-11-30,treasuries,10Y,2.0121
2021-12-31,treasuries,10Y,2.1389
2022-01-31,treasuries,10Y,2.9567
2022-02-28,treasuries,10Y,2.2611
2022-03-31,treasuries,10Y,2.0521
2022-04-30,treasuries,10Y,2.5568
2022-05-31,treasuries,10Y,2.2868
2022-06-30,treasuries,10Y,2.6289
2022-07-31,treasuries,10Y,2.7251
2022-08-31,treasuries,10Y,2.4008
2022-09-30,treasuries,10Y,2.5249
2022-10-31,treasuries,10Y,2.1316
2022-11-30,treasuries,10Y,2.5217
2022-12-31,treasuries,10Y,2.3319
2023-01-31,treasuries,10Y,1.6911
2023-02-28,treasuries,10Y,2.9917
2023-03-31,treasuries,10Y,2.8619
2023-04-30,treasuries,10Y,2.6064
2023-05-31,treasuries,10Y,2.8926
2023-06-30,treasuries,10Y,2.7939
2023-07-31,treasuries,10Y,2.6403
2023-08-31,treasuries,10Y,2.5758
2023-09-30,treasuries,10Y,2.3376
2023-10-31,treasuries,10Y,2.479
2023-11-30,treasuries,10Y,2.0679
2023-12-31,treasuries,10Y,2.5447
2024-01-31,treasuries,10Y,2.4602
2024-02-29,treasuries,10Y,2.0436
2024-03-31,treasuries,10Y,2.5785
2024-04-30,treasuries,10Y,2.0723
2024-05-31,treasuries,10Y,3.3634
2024-06-30,treasuries,10Y,2.9438
2024-07-31,treasuries,10Y,2.4036
2024-08-31,treasuries,10Y,2.7213
2024-09-30,treasuries,10Y,2.4413
2024-10-31,treasuries,10Y,2.0142
2024-11-30,treasuries,10Y,2.9894
2024-12-31,treasuries,10Y,2.5284
2025-01-31,treasuries,10Y,2.4533
2025-02-28,treasuries,10Y,2.3538
2025-03-31,treasuries,10Y,1.8913
2025-04-30,treasuries,10Y,1.7729
2025-05-31,treasuries,10Y,2.9601
2025-06-30,treasuries,10Y,2.9107
2025-07-31,treasuries,10Y,1.9953
2025-08-31,treasuries,10Y,2.4094
2025-09-30,treasuries,10Y,2.2803
2025-10-31,treasuries,10Y,2.1063
2025-11-30,treasuries,10Y,2.4111
2025-12-31,treasuries,10Y,2.175
2026-01-31,treasuries,10Y,2.1541
2026-02-28,treasuries,10Y,2.1077
2026-03-31,treasuries,10Y,2.5468
2026-04-30,treasuries,10Y,2.6153
2026-05-31,treasuries,10Y,2.4715
2026-06-30,treasuries,10Y,1.9292
2026-07-31,treasuries,10Y,1.7433
2018-01-31,treasuries,2Y,1.7279
2018-02-28,treasuries,2Y,1.7885
2018-03-31,treasuries,2Y,2.2437
2018-04-30,treasuries,2Y,2.4903
2018-05-31,treasuries,2Y,2.2609
2018-06-30,treasuries,2Y,2.3728
2018-07-31,treasuries,2Y,2.1539
2018-08-31,treasuries,2Y,2.1669
2018-09-30,treasuries,2Y,2.1037
2018-10-31,treasuries,2Y,2.3215
2018-11-30,treasuries,2Y,2.4546
2018-12-31,treasuries,2Y,2.1508
2019-01-31,treasuries,2Y,2.3564
2019-02-28,treasuries,2Y,1.7905
2019-03-31,treasuries,2Y,2.2268
2019-04-30,treasuries,2Y,1.679
2019-05-31,treasuries,2Y,1.4889
2019-06-30,treasuries,2Y,2.1149
2019-07-31,treasuries,2Y,1.7376
2019-08-31,treasuries,2Y,1.846
2019-09-30,treasuries,2Y,1.6424
2019-10-31,treasuries,2Y,1.7006
2019-11-30,treasuries,2Y,1.6779
2019-12-31,treasuries,2Y,1.4112
2020-01-31,treasuries,2Y,1.2249
2020-02-29,treasuries,2Y,1.7278
2020-03-31,treasuries,2Y,1.2713
2020-04-30,treasuries,2Y,1.0099
2020-05-31,treasuries,2Y,1.2761
2020-06-30,treasuries,2Y,1.2978
2020-07-31,treasuries,2Y,1.1838
2020-08-31,treasuries,2Y,1.1187
2020-09-30,treasuries,2Y,1.6803
2020-10-31,treasuries,2Y,1.3054
2020-11-30,treasuries,2Y,1.2468
2020-12-31,treasuries,2Y,1.2822
2021-01-31,treasuries,2Y,1.2314
2021-02-28,treasuries,2Y,0.81
2021-03-31,treasuries,2Y,0.8302
2021-04-30,treasuries,2Y,0.6704
2021-05-31,treasuries,2Y,1.0782
2021-06-30,treasuries,2Y,1.2337
2021-07-31,treasuries,2Y,1.577
2021-08-31,treasuries,2Y,1.1533
2021-09-30,treasuries,2Y,0.7558
2021-10-31,treasuries,2Y,0.9473
2021-11-30,treasuries,2Y,0.633
2021-12-31,treasuries,2Y,0.9685
2022-01-31,treasuries,2Y,0.9434
2022-02-28,treasuries,2Y,0.8144
2022-03-31,treasuries,2Y,0.6656
2022-04-30,treasuries,2Y,0.9749
2022-05-31,treasuries,2Y,1.0464
2022-06-30,treasuries,2Y,1.0007
2022-07-31,treasuries,2Y,1.0541
2022-08-31,treasuries,2Y,1.0102
2022-09-30,treasuries,2Y,0.8836
2022-10-31,treasuries,2Y,0.8163
2022-11-30,treasuries,2Y,1.0047
2022-12-31,treasuries,2Y,1.1583
2023-01-31,treasuries,2Y,0.66
2023-02-28,treasuries,2Y,1.0568
2023-03-31,treasuries,2Y,1.0095
2023-04-30,treasuries,2Y,1.1892
2023-05-31,treasuries,2Y,1.2684
2023-06-30,treasuries,2Y,1.4318
2023-07-31,treasuries,2Y,0.6342
2023-08-31,treasuries,2Y,1.1182
2023-09-30,treasuries,2Y,0.9873
2023-10-31,treasuries,2Y,1.5195
2023-11-30,treasuries,2Y,0.8527
2023-12-31,treasuries,2Y,0.9755
2024-01-31,treasuries,2Y,1.0985
2024-02-29,treasuries,2Y,0.7604
2024-03-31,treasuries,2Y,1.0971
2024-04-30,treasuries,2Y,0.9065
2024-05-31,treasuries,2Y,1.4999
2024-06-30,treasuries,2Y,1.2695
2024-07-31,treasuries,2Y,1.4834
2024-08-31,treasuries,2Y,1.0474
2024-09-30,treasuries,2Y,0.8323
2024-10-31,treasuries,2Y,0.6993
2024-11-30,treasuries,2Y,1.2924
2024-12-31,treasuries,2Y,0.7638
2025-01-31,treasuries,2Y,1.4134
2025-02-28,treasuries,2Y,1.1124
2025-03-31,treasuries,2Y,0.7025
2025-04-30,treasuries,2Y,0.5493
2025-05-31,treasuries,2Y,1.4247
2025-06-30,treasuries,2Y,1.0267
2025-07-31,treasuries,2Y,1.1984
2025-08-31,treasuries,2Y,0.7477
2025-09-30,treasuries,2Y,0.9588
2025-10-31,treasuries,2Y,0.9281
2025-11-30,treasuries,2Y,1.0278
2025-12-31,treasuries,2Y,0.7604
2026-01-31,treasuries,2Y,0.9111
2026-02-28,treasuries,2Y,0.6921
2026-03-31,treasuries,2Y,0.9482
2026-04-30,treasuries,2Y,1.0554
2026-05-31,treasuries,2Y,1.0231
2026-06-30,treasuries,2Y,0.7427
2026-07-31,treasuries,2Y,0.3056
2018-01-31,treasuries,30Y,2.8081
2018-02-28,treasuries,30Y,3.5066
2018-03-31,treasuries,30Y,3.6139
2018-04-30,treasuries,30Y,3.5181
2018-05-31,treasuries,30Y,3.8245
2018-06-30,treasuries,30Y,3.5413
2018-07-31,treasuries,30Y,3.6833
2018-08-31,treasuries,30Y,3.2656
2018-09-30,treasuries,30Y,3.8837
2018-10-31,treasuries,30Y,3.8184
2018-11-30,treasuries,30Y,3.9559
2018-12-31,treasuries,30Y,3.5067
2019-01-31,treasuries,30Y,3.6651
2019-02-28,treasuries,30Y,3.4082
2019-03-31,treasuries,30Y,2.8841
2019-04-30,treasuries,30Y,3.6061
2019-05-31,treasuries,30Y,3.3011
2019-06-30,treasuries,30Y,3.2557
2019-07-31,treasuries,30Y,2.8121
2019-08-31,treasuries,30Y,2.9771
2019-09-30,treasuries,30Y,2.9428
2019-10-31,treasuries,30Y,3.6187
2019-11-30,treasuries,30Y,3.9427
2019-12-31,treasuries,30Y,2.9276
2020-01-31,treasuries,30Y,3.317
2020-02-29,treasuries,30Y,2.9987
2020-03-31,treasuries,30Y,2.66
2020-04-30,treasuries,30Y,2.6832
2020-05-31,treasuries,30Y,2.9869
2020-06-30,treasuries,30Y,2.8885
2020-07-31,treasuries,30Y,2.8628
2020-08-31,treasuries,30Y,2.8878
2020-09-30,treasuries,30Y,3.3608
2020-10-31,treasuries,30Y,3.0138
2020-11-30,treasuries,30Y,3.0957
2020-12-31,treasuries,30Y,2.9531
2021-01-31,treasuries,30Y,2.6245
2021-02-28,treasuries,30Y,2.5266
2021-03-31,treasuries,30Y,2.9886
2021-04-30,treasuries,30Y,2.6737
2021-05-31,treasuries,30Y,2.8935
2021-06-30,treasuries,30Y,3.204
2021-07-31,treasuries,30Y,3.1064
2021-08-31,treasuries,30Y,2.4907
2021-09-30,treasuries,30Y,2.5621
2021-10-31,treasuries,30Y,2.6464
2021-11-30,treasuries,30Y,2.4329
2021-12-31,treasuries,30Y,2.5641
2022-01-31,treasuries,30Y,3.3818
2022-02-28,treasuries,30Y,2.7122
2022-03-31,treasuries,30Y,2.434
2022-04-30,treasuries,30Y,2.9834
2022-05-31,treasuries,30Y,2.7143
2022-06-30,treasuries,30Y,3.077
2022-07-31,treasuries,30Y,3.1461
2022-08-31,treasuries,30Y,2.8846
2022-09-30,treasuries,30Y,2.9549
2022-10-31,treasuries,30Y,2.6001
2022-11-30,treasuries,30Y,2.9626
2022-12-31,treasuries,30Y,2.8614
2023-01-31,treasuries,30Y,2.1938
2023-02-28,treasuries,30Y,3.548
2023-03-31,treasuries,30Y,3.4283
2023-04-30,treasuries,30Y,3.1691
2023-05-31,treasuries,30Y,3.4507
2023-06-30,treasuries,30Y,3.3514
2023-07-31,treasuries,30Y,3.1638
2023-08-31,treasuries,30Y,3.1034
2023-09-30,treasuries,30Y,2.8985
2023-10-31,treasuries,30Y,2.9631
2023-11-30,treasuries,30Y,2.5851
2023-12-31,treasuries,30Y,3.1307
2024-01-31,treasuries,30Y,3.095
2024-02-29,treasuries,30Y,2.696
2024-03-31,treasuries,30Y,3.1483
2024-04-30,treasuries,30Y,2.6131
2024-05-31,treasuries,30Y,3.9258
2024-06-30,treasuries,30Y,3.565
2024-07-31,treasuries,30Y,3.0288
2024-08-31,treasuries,30Y,3.3091
2024-09-30,treasuries,30Y,3.0323
2024-10-31,treasuries,30Y,2.5637
2024-11-30,treasuries,30Y,3.5279
2024-12-31,treasuries,30Y,3.0018
2025-01-31,treasuries,30Y,2.9826
2025-02-28,treasuries,30Y,2.7935
2025-03-31,treasuries,30Y,2.3711
2025-04-30,treasuries,30Y,2.2204
2025-05-31,treasuries,30Y,3.4693
2025-06-30,treasuries,30Y,3.3671
2025-07-31,treasuries,30Y,2.5024
2025-08-31,treasuries,30Y,2.9372
2025-09-30,treasuries,30Y,2.7441
2025-10-31,treasuries,30Y,2.543
2025-11-30,treasuries,30Y,2.8312
2025-12-31,treasuries,30Y,2.4732
2026-01-31,treasuries,30Y,2.3671
2026-02-28,treasuries,30Y,2.3504
2026-03-31,treasuries,30Y,2.7454
2026-04-30,treasuries,30Y,2.9137
2026-05-31,treasuries,30Y,2.7383
2026-06-30,treasuries,30Y,2.2361
2026-07-31,treasuries,30Y,2.1296
2018-01-31,treasuries,3M,2.1096
2018-02-28,treasuries,3M,2.0898
2018-03-31,treasuries,3M,2.0695
2018-04-30,treasuries,3M,2.2412
2018-05-31,treasuries,3M,2.1976
2018-06-30,treasuries,3M,2.197
2018-07-31,treasuries,3M,2.4212
2018-08-31,treasuries,3M,2.5719
2018-09-30,treasuries,3M,2.5395
2018-10-31,treasuries,3M,2.6145
2018-11-30,treasuries,3M,2.5343
2018-12-31,treasuries,3M,2.4752
2019-01-31,treasuries,3M,2.475
2019-02-28,treasuries,3M,2.2555
2019-03-31,treasuries,3M,2.0547
2019-04-30,treasuries,3M,2.0182
2019-05-31,treasuries,3M,1.9135
2019-06-30,treasuries,3M,1.9766
2019-07-31,treasuries,3M,1.9179
2019-08-31,treasuries,3M,1.7445
2019-09-30,treasuries,3M,1.8777
2019-10-31,treasuries,3M,1.7798
2019-11-30,treasuries,3M,1.7789
2019-12-31,treasuries,3M,1.6033
2020-01-31,treasuries,3M,1.5224
2020-02-29,treasuries,3M,1.5034
2020-03-31,treasuries,3M,1.3951
2020-04-30,treasuries,3M,1.4708
2020-05-31,treasuries,3M,1.4049
2020-06-30,treasuries,3M,1.3649
2020-07-31,treasuries,3M,1.2838
2020-08-31,treasuries,3M,1.4662
2020-09-30,treasuries,3M,1.492
2020-10-31,treasuries,3M,1.3853
2020-11-30,treasuries,3M,1.483
2020-12-31,treasuries,3M,1.3507
2021-01-31,treasuries,3M,1.3616
2021-02-28,treasuries,3M,1.0897
2021-03-31,treasuries,3M,0.9591
2021-04-30,treasuries,3M,0.9634
2021-05-31,treasuries,3M,1.035
2021-06-30,treasuries,3M,1.0634
2021-07-31,treasuries,3M,1.08
2021-08-31,treasuries,3M,1.0809
2021-09-30,treasuries,3M,0.9611
2021-10-31,treasuries,3M,0.8206
2021-11-30,treasuries,3M,0.72
2021-12-31,treasuries,3M,0.874
2022-01-31,treasuries,3M,0.8706
2022-02-28,treasuries,3M,0.7125
2022-03-31,treasuries,3M,0.7931
2022-04-30,treasuries,3M,0.7436
2022-05-31,treasuries,3M,0.6341
2022-06-30,treasuries,3M,0.7091
2022-07-31,treasuries,3M,0.7549
2022-08-31,treasuries,3M,0.8901
2022-09-30,treasuries,3M,0.8085
2022-10-31,treasuries,3M,0.7573
2022-11-30,treasuries,3M,0.8178
2022-12-31,treasuries,3M,0.9419
2023-01-31,treasuries,3M,0.9263
2023-02-28,treasuries,3M,0.877
2023-03-31,treasuries,3M,0.7384
2023-04-30,treasuries,3M,0.6343
2023-05-31,treasuries,3M,0.7115
2023-06-30,treasuries,3M,0.8502
2023-07-31,treasuries,3M,0.8455
2023-08-31,treasuries,3M,0.9841
2023-09-30,treasuries,3M,0.9953
2023-10-31,treasuries,3M,0.8992
2023-11-30,treasuries,3M,0.9596
2023-12-31,treasuries,3M,1.1746
2024-01-31,treasuries,3M,1.2134
2024-02-29,treasuries,3M,1.3554
2024-03-31,treasuries,3M,1.0794
2024-04-30,treasuries,3M,1.1349
2024-05-31,treasuries,3M,1.1124
2024-06-30,treasuries,3M,1.1169
2024-07-31,treasuries,3M,1.1388
2024-08-31,treasuries,3M,0.9142
2024-09-30,treasuries,3M,0.8836
2024-10-31,treasuries,3M,0.943
2024-11-30,treasuries,3M,1.0964
2024-12-31,treasuries,3M,1.0062
2025-01-31,treasuries,3M,0.8763
2025-02-28,treasuries,3M,0.8139
2025-03-31,treasuries,3M,0.9136
2025-04-30,treasuries,3M,0.9742
2025-05-31,treasuries,3M,0.9307
2025-06-30,treasuries,3M,0.9894
2025-07-31,treasuries,3M,0.9745
2025-08-31,treasuries,3M,1.0978
2025-09-30,treasuries,3M,0.9955
2025-10-31,treasuries,3M,0.9639
2025-11-30,treasuries,3M,0.8767
2025-12-31,treasuries,3M,0.757
2026-01-31,treasuries,3M,0.8135
2026-02-28,treasuries,3M,0.869
2026-03-31,treasuries,3M,0.9191
2026-04-30,treasuries,3M,0.8457
2026-05-31,treasuries,3M,0.7059
2026-06-30,treasuries,3M,0.5983
2026-07-31,treasuries,3M,0.5885
2018-01-31,treasuries,5Y,2.0745
2018-02-28,treasuries,5Y,2.4536
2018-03-31,treasuries,5Y,2.7274
2018-04-30,treasuries,5Y,2.7551
2018-05-31,treasuries,5Y,2.8886
2018-06-30,treasuries,5Y,2.8791
2018-07-31,treasuries,5Y,2.7474
2018-08-31,treasuries,5Y,2.465
2018-09-30,treasuries,5Y,2.8468
2018-10-31,treasuries,5Y,2.9944
2018-11-30,treasuries,5Y,3.1641
2018-12-31,treasuries,5Y,2.8027
2019-01-31,treasuries,5Y,2.9334
2019-02-28,treasuries,5Y,2.5426
2019-03-31,treasuries,5Y,2.4345
2019-04-30,treasuries,5Y,2.6026
2019-05-31,treasuries,5Y,2.4074
2019-06-30,treasuries,5Y,2.6634
2019-07-31,treasuries,5Y,2.1707
2019-08-31,treasuries,5Y,2.3148
2019-09-30,treasuries,5Y,2.1624
2019-10-31,treasuries,5Y,2.5982
2019-11-30,treasuries,5Y,2.8032
2019-12-31,treasuries,5Y,2.0757
2020-01-31,treasuries,5Y,2.19
2020-02-29,treasuries,5Y,2.175
2020-03-31,treasuries,5Y,1.741
2020-04-30,treasuries,5Y,1.6962
2020-05-31,treasuries,5Y,1.9657
2020-06-30,treasuries,5Y,1.9762
2020-07-31,treasuries,5Y,1.8921
2020-08-31,treasuries,5Y,1.8536
2020-09-30,treasuries,5Y,2.4905
2020-10-31,treasuries,5Y,2.1165
2020-11-30,treasuries,5Y,2.1677
2020-12-31,treasuries,5Y,2.1005
2021-01-31,treasuries,5Y,1.8808
2021-02-28,treasuries,5Y,1.6516
2021-03-31,treasuries,5Y,1.9742
2021-04-30,treasuries,5Y,1.6415
2021-05-31,treasuries,5Y,1.7876
2021-06-30,treasuries,5Y,2.0599
2021-07-31,treasuries,5Y,2.2017
2021-08-31,treasuries,5Y,1.7012
2021-09-30,treasuries,5Y,1.4739
2021-10-31,treasuries,5Y,1.538
2021-11-30,treasuries,5Y,1.261
2021-12-31,treasuries,5Y,1.5174
2022-01-31,treasuries,5Y,1.9724
2022-02-28,treasuries,5Y,1.5532
2022-03-31,treasuries,5Y,1.3893
2022-04-30,treasuries,5Y,1.7789
2022-05-31,treasuries,5Y,1.6504
2022-06-30,treasuries,5Y,1.7409
2022-07-31,treasuries,5Y,1.7991
2022-08-31,treasuries,5Y,1.6774
2022-09-30,treasuries,5Y,1.69
2022-10-31,treasuries,5Y,1.4641
2022-11-30,treasuries,5Y,1.7735
2022-12-31,treasuries,5Y,1.71
2023-01-31,treasuries,5Y,1.1693
2023-02-28,treasuries,5Y,2.0853
2023-03-31,treasuries,5Y,1.9782
2023-04-30,treasuries,5Y,1.9439
2023-05-31,treasuries,5Y,2.1422
2023-06-30,treasuries,5Y,2.1833
2023-07-31,treasuries,5Y,1.7078
2023-08-31,treasuries,5Y,1.8476
2023-09-30,treasuries,5Y,1.6932
2023-10-31,treasuries,5Y,2.0396
2023-11-30,treasuries,5Y,1.5725
2023-12-31,treasuries,5Y,1.8757
2024-01-31,treasuries,5Y,1.9202
2024-02-29,treasuries,5Y,1.4835
2024-03-31,treasuries,5Y,1.9508
2024-04-30,treasuries,5Y,1.5765
2024-05-31,treasuries,5Y,2.5476
2024-06-30,treasuries,5Y,2.2179
2024-07-31,treasuries,5Y,2.0186
2024-08-31,treasuries,5Y,1.96
2024-09-30,treasuries,5Y,1.7341
2024-10-31,treasuries,5Y,1.3861
2024-11-30,treasuries,5Y,2.1766
2024-12-31,treasuries,5Y,1.7382
2025-01-31,treasuries,5Y,1.9677
2025-02-28,treasuries,5Y,1.7628
2025-03-31,treasuries,5Y,1.3018
2025-04-30,treasuries,5Y,1.1361
2025-05-31,treasuries,5Y,2.103
2025-06-30,treasuries,5Y,1.9699
2025-07-31,treasuries,5Y,1.5958
2025-08-31,treasuries,5Y,1.6317
2025-09-30,treasuries,5Y,1.6297
2025-10-31,treasuries,5Y,1.5184
2025-11-30,treasuries,5Y,1.8377
2025-12-31,treasuries,5Y,1.5862
2026-01-31,treasuries,5Y,1.5945
2026-02-28,treasuries,5Y,1.4932
2026-03-31,treasuries,5Y,1.8498
2026-04-30,treasuries,5Y,1.8826
2026-05-31,treasuries,5Y,1.7709
2026-06-30,treasuries,5Y,1.3825
2026-07-31,treasuries,5Y,1.1175
2018-01-31,unemployment,U-3,4.9635
2018-02-28,unemployment,U-3,4.9624
2018-03-31,unemployment,U-3,4.9635
2018-04-30,unemployment,U-3,7.9675
2018-05-31,unemployment,U-3,5.0138
2018-06-30,unemployment,U-3,5.522
2018-07-31,unemployment,U-3,5.3586
2018-08-31,unemployment,U-3,5.0863
2018-09-30,unemployment,U-3,4.2163
2018-10-31,unemployment,U-3,5.1831
2018-11-30,unemployment,U-3,3.8045
2018-12-31,unemployment,U-3,4.2869
2019-01-31,unemployment,U-3,4.0632
2019-02-28,unemployment,U-3,4.5737
2019-03-31,unemployment,U-3,6.5832
2019-04-30,unemployment,U-3,2.8195
2019-05-31,unemployment,U-3,5.1176
2019-06-30,unemployment,U-3,3.0486
2019-07-31,unemployment,U-3,4.0753
2019-08-31,unemployment,U-3,5.4801
2019-09-30,unemployment,U-3,4.5579
2019-10-31,unemployment,U-3,3.53
2019-11-30,unemployment,U-3,3.8562
2019-12-31,unemployment,U-3,5.1116
2020-01-31,unemployment,U-3,3.8427
2020-02-29,unemployment,U-3,4.6948
2020-03-31,unemployment,U-3,4.541
2020-04-30,unemployment,U-3,3.9136
2020-05-31,unemployment,U-3,6.4296
2020-06-30,unemployment,U-3,5.0705
2020-07-31,unemployment,U-3,2.6774
2020-08-31,unemployment,U-3,4.6678
2020-09-30,unemployment,U-3,3.9044
2020-10-31,unemployment,U-3,5.2672
2020-11-30,unemployment,U-3,3.7867
2020-12-31,unemployment,U-3,4.3967
2021-01-31,unemployment,U-3,4.9545
2021-02-28,unemployment,U-3,5.2792
2021-03-31,unemployment,U-3,3.4197
2021-04-30,unemployment,U-3,4.1989
2021-05-31,unemployment,U-3,4.0725
2021-06-30,unemployment,U-3,3.912
2021-07-31,unemployment,U-3,6.0889
2021-08-31,unemployment,U-3,4.8645
2021-09-30,unemployment,U-3,3.3652
2021-10-31,unemployment,U-3,5.3261
2021-11-30,unemployment,U-3,6.4099
2021-12-31,unemployment,U-3,5.4292
2022-01-31,unemployment,U-3,3.1326
2022-02-28,unemployment,U-3,4.0642
2022-03-31,unemployment,U-3,5.6402
2022-04-30,unemployment,U-3,3.8631
2022-05-31,unemployment,U-3,4.8994
2022-06-30,unemployment,U-3,5.1972
2022-07-31,unemployment,U-3,3.6658
2022-08-31,unemployment,U-3,4.4464
2022-09-30,unemployment,U-3,2.5
2022-10-31,unemployment,U-3,3.5781
2022-11-30,unemployment,U-3,4.2727
2022-12-31,unemployment,U-3,3.377
2023-01-31,unemployment,U-3,5.9692
2023-02-28,unemployment,U-3,3.2129
2023-03-31,unemployment,U-3,4.104
2023-04-30,unemployment,U-3,4.6177
2023-05-31,unemployment,U-3,5.7971
2023-06-30,unemployment,U-3,3.2077
2023-07-31,unemployment,U-3,5.5468
2023-08-31,unemployment,U-3,4.5092
2023-09-30,unemployment,U-3,3.6166
2023-10-31,unemployment,U-3,4.9159
2023-11-30,unemployment,U-3,4.6792
2023-12-31,unemployment,U-3,3.9598
2024-01-31,unemployment,U-3,4.5628
2024-02-29,unemployment,U-3,4.1532
2024-03-31,unemployment,U-3,4.6022
2024-04-30,unemployment,U-3,5.0959
2024-05-31,unemployment,U-3,5.9274
2024-06-30,unemployment,U-3,3.386
2024-07-31,unemployment,U-3,6.4197
2024-08-31,unemployment,U-3,2.7431
2024-09-30,unemployment,U-3,4.3634
2024-10-31,unemployment,U-3,5.0295
2024-11-30,unemployment,U-3,4.7529
2024-12-31,unemployment,U-3,3.9396
2025-01-31,unemployment,U-3,4.3127
2025-02-28,unemployment,U-3,4.0563
2025-03-31,unemployment,U-3,3.9696
2025-04-30,unemployment,U-3,5.2646
2025-05-31,unemployment,U-3,4.8213
2025-06-30,unemployment,U-3,3.8764
2025-07-31,unemployment,U-3,5.3096
2025-08-31,unemployment,U-3,4.7766
2025-09-30,unemployment,U-3,5.2316
2025-10-31,unemployment,U-3,5.0667
2025-11-30,unemployment,U-3,3.7539
2025-12-31,unemployment,U-3,3.9958
2026-01-31,unemployment,U-3,5.1726
2026-02-28,unemployment,U-3,5.0493
2026-03-31,unemployment,U-3,4.4812
2026-04-30,unemployment,U-3,4.6056
2026-05-31,unemployment,U-3,5.6499
2026-06-30,unemployment,U-3,3.9676
2026-07-31,unemployment,U-3,4.9924
2018-01-31,unemployment,U-6,9.3344
2018-02-28,unemployment,U-6,9.3354
2018-03-31,unemployment,U-6,9.2379
2018-04-30,unemployment,U-6,14.61
2018-05-31,unemployment,U-6,9.2683
2018-06-30,unemployment,U-6,10.1211
2018-07-31,unemployment,U-6,9.7496
2018-08-31,unemployment,U-6,9.2964
2018-09-30,unemployment,U-6,7.5891
2018-10-31,unemployment,U-6,9.4747
2018-11-30,unemployment,U-6,7.0075
2018-12-31,unemployment,U-6,7.9333
2019-01-31,unemployment,U-6,7.656
2019-02-28,unemployment,U-6,8.5116
2019-03-31,unemployment,U-6,12.301
2019-04-30,unemployment,U-6,5.5803
2019-05-31,unemployment,U-6,9.7732
2019-06-30,unemployment,U-6,6.0823
2019-07-31,unemployment,U-6,8.075
2019-08-31,unemployment,U-6,10.502
2019-09-30,unemployment,U-6,8.861
2019-10-31,unemployment,U-6,6.7982
2019-11-30,unemployment,U-6,7.3913
2019-12-31,unemployment,U-6,9.5808
2020-01-31,unemployment,U-6,7.2314
2020-02-29,unemployment,U-6,8.6881
2020-03-31,unemployment,U-6,8.4914
2020-04-30,unemployment,U-6,7.3879
2020-05-31,unemployment,U-6,12.003
2020-06-30,unemployment,U-6,9.5377
2020-07-31,unemployment,U-6,5.3011
2020-08-31,unemployment,U-6,8.8467
2020-09-30,unemployment,U-6,7.2936
2020-10-31,unemployment,U-6,9.7649
2020-11-30,unemployment,U-6,7.231
2020-12-31,unemployment,U-6,8.4198
2021-01-31,unemployment,U-6,9.5837
2021-02-28,unemployment,U-6,10.2006
2021-03-31,unemployment,U-6,6.9506
2021-04-30,unemployment,U-6,8.2482
2021-05-31,unemployment,U-6,7.8436
2021-06-30,unemployment,U-6,7.5991
2021-07-31,unemployment,U-6,11.623
2021-08-31,unemployment,U-6,9.5152
2021-09-30,unemployment,U-6,6.8438
2021-10-31,unemployment,U-6,10.3277
2021-11-30,unemployment,U-6,12.2684
2021-12-31,unemployment,U-6,10.4805
2022-01-31,unemployment,U-6,6.3085
2022-02-28,unemployment,U-6,7.9739
2022-03-31,unemployment,U-6,10.733
2022-04-30,unemployment,U-6,7.474
2022-05-31,unemployment,U-6,9.3874
2022-06-30,unemployment,U-6,9.9851
2022-07-31,unemployment,U-6,7.3019
2022-08-31,unemployment,U-6,8.7073
2022-09-30,unemployment,U-6,5.2106
2022-10-31,unemployment,U-6,7.037
2022-11-30,unemployment,U-6,8.2718
2022-12-31,unemployment,U-6,6.5664
2023-01-31,unemployment,U-6,11.2738
2023-02-28,unemployment,U-6,6.2867
2023-03-31,unemployment,U-6,7.7657
2023-04-30,unemployment,U-6,8.5569
2023-05-31,unemployment,U-6,10.7253
2023-06-30,unemployment,U-6,6.0508
2023-07-31,unemployment,U-6,10.1946
2023-08-31,unemployment,U-6,8.4019
2023-09-30,unemployment,U-6,6.8931
2023-10-31,unemployment,U-6,9.1683
2023-11-30,unemployment,U-6,8.8363
2023-12-31,unemployment,U-6,7.4298
2024-01-31,unemployment,U-6,8.4729
2024-02-29,unemployment,U-6,7.7705
2024-03-31,unemployment,U-6,8.6614
2024-04-30,unemployment,U-6,9.5165
2024-05-31,unemployment,U-6,10.9536
2024-06-30,unemployment,U-6,6.4472
2024-07-31,unemployment,U-6,11.8792
2024-08-31,unemployment,U-6,5.4633
2024-09-30,unemployment,U-6,8.2761
2024-10-31,unemployment,U-6,9.4168
2024-11-30,unemployment,U-6,8.8528
2024-12-31,unemployment,U-6,7.5342
2025-01-31,unemployment,U-6,8.1067
2025-02-28,unemployment,U-6,7.5604
2025-03-31,unemployment,U-6,7.4122
2025-04-30,unemployment,U-6,9.7881
2025-05-31,unemployment,U-6,9.1668
2025-06-30,unemployment,U-6,7.5579
2025-07-31,unemployment,U-6,10.0373
2025-08-31,unemployment,U-6,9.0442
2025-09-30,unemployment,U-6,9.7773
2025-10-31,unemployment,U-6,9.5217
2025-11-30,unemployment,U-6,7.1842
2025-12-31,unemployment,U-6,7.6443
2026-01-31,unemployment,U-6,9.7898
2026-02-28,unemployment,U-6,9.4895
2026-03-31,unemployment,U-6,8.4007
2026-04-30,unemployment,U-6,8.6997
2026-05-31,unemployment,U-6,10.5763
2026-06-30,unemployment,U-6,7.4183
2026-07-31,unemployment,U-6,9.24
2018-01-31,wages,Avg hourly earnings,3.1316
2018-02-28,wages,Avg hourly earnings,3.3559
2018-03-31,wages,Avg hourly earnings,3.5334
2018-04-30,wages,Avg hourly earnings,3.1146
2018-05-31,wages,Avg hourly earnings,3.4942
2018-06-30,wages,Avg hourly earnings,3.3351
2018-07-31,wages,Avg hourly earnings,3.3984
2018-08-31,wages,Avg hourly earnings,3.3984
2018-09-30,wages,Avg hourly earnings,3.5528
2018-10-31,wages,Avg hourly earnings,3.4599
2018-11-30,wages,Avg hourly earnings,3.6543
2018-12-31,wages,Avg hourly earnings,3.544
2019-01-31,wages,Avg hourly earnings,3.6383
2019-02-28,wages,Avg hourly earnings,3.5795
2019-03-31,wages,Avg hourly earnings,3.2658
2019-04-30,wages,Avg hourly earnings,3.7996
2019-05-31,wages,Avg hourly earnings,3.6606
2019-06-30,wages,Avg hourly earnings,3.9483
2019-07-31,wages,Avg hourly earnings,3.7119
2019-08-31,wages,Avg hourly earnings,3.6635
2019-09-30,wages,Avg hourly earnings,3.6475
2019-10-31,wages,Avg hourly earnings,3.8456
2019-11-30,wages,Avg hourly earnings,3.7701
2019-12-31,wages,Avg hourly earnings,3.604
2020-01-31,wages,Avg hourly earnings,3.8256
2020-02-29,wages,Avg hourly earnings,3.5847
2020-03-31,wages,Avg hourly earnings,3.7826
2020-04-30,wages,Avg hourly earnings,3.8655
2020-05-31,wages,Avg hourly earnings,3.3399
2020-06-30,wages,Avg hourly earnings,3.5167
2020-07-31,wages,Avg hourly earnings,3.8713
2020-08-31,wages,Avg hourly earnings,3.5001
2020-09-30,wages,Avg hourly earnings,3.7234
2020-10-31,wages,Avg hourly earnings,3.5283
2020-11-30,wages,Avg hourly earnings,3.6945
2020-12-31,wages,Avg hourly earnings,3.7526
2021-01-31,wages,Avg hourly earnings,3.5918
2021-02-28,wages,Avg hourly earnings,3.5515
2021-03-31,wages,Avg hourly earnings,4.0136
2021-04-30,wages,Avg hourly earnings,3.7141
2021-05-31,wages,Avg hourly earnings,3.5649
2021-06-30,wages,Avg hourly earnings,3.552
2021-07-31,wages,Avg hourly earnings,3.3077
2021-08-31,wages,Avg hourly earnings,3.4582
2021-09-30,wages,Avg hourly earnings,3.5612
2021-10-31,wages,Avg hourly earnings,3.3713
2021-11-30,wages,Avg hourly earnings,3.313
2021-12-31,wages,Avg hourly earnings,3.5839
2022-01-31,wages,Avg hourly earnings,3.9573
2022-02-28,wages,Avg hourly earnings,3.742
2022-03-31,wages,Avg hourly earnings,3.5112
2022-04-30,wages,Avg hourly earnings,3.905
2022-05-31,wages,Avg hourly earnings,3.6399
2022-06-30,wages,Avg hourly earnings,3.721
2022-07-31,wages,Avg hourly earnings,3.8526
2022-08-31,wages,Avg hourly earnings,3.6104
2022-09-30,wages,Avg hourly earnings,3.8393
2022-10-31,wages,Avg hourly earnings,3.6679
2022-11-30,wages,Avg hourly earnings,3.4167
2022-12-31,wages,Avg hourly earnings,3.6629
2023-01-31,wages,Avg hourly earnings,3.2708
2023-02-28,wages,Avg hourly earnings,3.6749
2023-03-31,wages,Avg hourly earnings,3.6123
2023-04-30,wages,Avg hourly earnings,3.5984
2023-05-31,wages,Avg hourly earnings,3.3537
2023-06-30,wages,Avg hourly earnings,3.7554
2023-07-31,wages,Avg hourly earnings,3.4456
2023-08-31,wages,Avg hourly earnings,3.7045
2023-09-30,wages,Avg hourly earnings,3.6947
2023-10-31,wages,Avg hourly earnings,3.6099
2023-11-30,wages,Avg hourly earnings,3.5172
2023-12-31,wages,Avg hourly earnings,3.7253
2024-01-31,wages,Avg hourly earnings,3.5765
2024-02-29,wages,Avg hourly earnings,3.5094
2024-03-31,wages,Avg hourly earnings,3.7323
2024-04-30,wages,Avg hourly earnings,3.6152
2024-05-31,wages,Avg hourly earnings,3.4897
2024-06-30,wages,Avg hourly earnings,3.843
2024-07-31,wages,Avg hourly earnings,3.5231
2024-08-31,wages,Avg hourly earnings,3.9412
2024-09-30,wages,Avg hourly earnings,3.7256
2024-10-31,wages,Avg hourly earnings,3.5464
2024-11-30,wages,Avg hourly earnings,3.7813
2024-12-31,wages,Avg hourly earnings,3.6893
2025-01-31,wages,Avg hourly earnings,3.6664
2025-02-28,wages,Avg hourly earnings,3.6244
2025-03-31,wages,Avg hourly earnings,3.5776
2025-04-30,wages,Avg hourly earnings,3.2956
2025-05-31,wages,Avg hourly earnings,3.445
2025-06-30,wages,Avg hourly earnings,3.6803
2025-07-31,wages,Avg hourly earnings,3.5072
2025-08-31,wages,Avg hourly earnings,3.509
2025-09-30,wages,Avg hourly earnings,3.4266
2025-10-31,wages,Avg hourly earnings,3.3113
2025-11-30,wages,Avg hourly earnings,3.5534
2025-12-31,wages,Avg hourly earnings,3.4929
2026-01-31,wages,Avg hourly earnings,3.2535
2026-02-28,wages,Avg hourly earnings,3.3655
2026-03-31,wages,Avg hourly earnings,3.6335
2026-04-30,wages,Avg hourly earnings,3.642
2026-05-31,wages,Avg hourly earnings,3.502
2026-06-30,wages,Avg hourly earnings,3.6804
2026-07-31,wages,Avg hourly earnings,3.4835
2018-01-31,wages,CPI,1.5582
2018-02-28,wages,CPI,2.071
2018-03-31,wages,CPI,2.5232
2018-04-30,wages,CPI,3.7089
2018-05-31,wages,CPI,2.3397
2018-06-30,wages,CPI,2.406
2018-07-31,wages,CPI,2.1404
2018-08-31,wages,CPI,0.665
2018-09-30,wages,CPI,2.1788
2018-10-31,wages,CPI,2.2482
2018-11-30,wages,CPI,4.1706
2018-12-31,wages,CPI,2.0461
2019-01-31,wages,CPI,2.4412
2019-02-28,wages,CPI,2.1722
2019-03-31,wages,CPI,1.2651
2019-04-30,wages,CPI,3.1143
2019-05-31,wages,CPI,2.8015
2019-06-30,wages,CPI,2.8328
2019-07-31,wages,CPI,1.4725
2019-08-31,wages,CPI,3.3222
2019-09-30,wages,CPI,1.0785
2019-10-31,wages,CPI,2.6695
2019-11-30,wages,CPI,3.9524
2019-12-31,wages,CPI,1.4076
2020-01-31,wages,CPI,1.747
2020-02-29,wages,CPI,2.2797
2020-03-31,wages,CPI,1.7972
2020-04-30,wages,CPI,0.9595
2020-05-31,wages,CPI,2.2548
2020-06-30,wages,CPI,1.3502
2020-07-31,wages,CPI,2.5789
2020-08-31,wages,CPI,1.4645
2020-09-30,wages,CPI,3.4399
2020-10-31,wages,CPI,1.5734
2020-11-30,wages,CPI,1.9424
2020-12-31,wages,CPI,2.8508
2021-01-31,wages,CPI,1.2153
2021-02-28,wages,CPI,2.382
2021-03-31,wages,CPI,3.2457
2021-04-30,wages,CPI,0.914
2021-05-31,wages,CPI,2.3477
2021-06-30,wages,CPI,2.4079
2021-07-31,wages,CPI,2.8255
2021-08-31,wages,CPI,1.2104
2021-09-30,wages,CPI,1.1436
2021-10-31,wages,CPI,2.6176
2021-11-30,wages,CPI,2.4376
2021-12-31,wages,CPI,2.4004
2022-01-31,wages,CPI,2.4772
2022-02-28,wages,CPI,1.656
2022-03-31,wages,CPI,2.3858
2022-04-30,wages,CPI,2.4345
2022-05-31,wages,CPI,1.6285
2022-06-30,wages,CPI,3.6926
2022-07-31,wages,CPI,2.5791
2022-08-31,wages,CPI,1.247
2022-09-30,wages,CPI,2.7252
2022-10-31,wages,CPI,1.4203
2022-11-30,wages,CPI,2.8297
2022-12-31,wages,CPI,3.1269
2023-01-31,wages,CPI,1.5435
2023-02-28,wages,CPI,2.9707
2023-03-31,wages,CPI,2.5302
2023-04-30,wages,CPI,2.8576
2023-05-31,wages,CPI,3.7174
2023-06-30,wages,CPI,2.0037
2023-07-31,wages,CPI,1.597
2023-08-31,wages,CPI,1.4884
2023-09-30,wages,CPI,1.5474
2023-10-31,wages,CPI,2.1383
2023-11-30,wages,CPI,2.4729
2023-12-31,wages,CPI,2.4214
2024-01-31,wages,CPI,2.8617
2024-02-29,wages,CPI,2.2104
2024-03-31,wages,CPI,3.3628
2024-04-30,wages,CPI,1.9883
2024-05-31,wages,CPI,4.3761
2024-06-30,wages,CPI,2.7005
2024-07-31,wages,CPI,1.5143
2024-08-31,wages,CPI,1.3433
2024-09-30,wages,CPI,2.586
2024-10-31,wages,CPI,2.0212
2024-11-30,wages,CPI,2.7712
2024-12-31,wages,CPI,2.5786
2025-01-31,wages,CPI,2.1417
2025-02-28,wages,CPI,1.5226
2025-03-31,wages,CPI,0.9881
2025-04-30,wages,CPI,1.8428
2025-05-31,wages,CPI,2.8851
2025-06-30,wages,CPI,2.3713
2025-07-31,wages,CPI,1.2034
2025-08-31,wages,CPI,2.3385
2025-09-30,wages,CPI,2.5083
2025-10-31,wages,CPI,1.4929
2025-11-30,wages,CPI,2.323
2025-12-31,wages,CPI,2.2466
2026-01-31,wages,CPI,1.2856
2026-02-28,wages,CPI,2.4862
2026-03-31,wages,CPI,2.6486
2026-04-30,wages,CPI,3.0664
2026-05-31,wages,CPI,3.043
2026-06-30,wages,CPI,1.0979
2026-07-31,wages,CPI,1.4497
