row_id,series_id,series,category,month,history_value,estimate_value,kind,value_class
R001,participants:P1,Early Childhood Education participants,participants,2022-10,95.9,,HISTORY (SYNTHETIC),SYNTHETIC
R002,participants:P1,Early Childhood Education participants,participants,2022-11,99.06,,HISTORY (SYNTHETIC),SYNTHETIC
R003,participants:P1,Early Childhood Education participants,participants,2022-12,95.59,,HISTORY (SYNTHETIC),SYNTHETIC
R004,participants:P1,Early Childhood Education participants,participants,2023-01,100.74,,HISTORY (SYNTHETIC),SYNTHETIC
R005,participants:P1,Early Childhood Education participants,participants,2023-02,102.14,,HISTORY (SYNTHETIC),SYNTHETIC
R006,participants:P1,Early Childhood Education participants,participants,2023-03,99.28,,HISTORY (SYNTHETIC),SYNTHETIC
R007,participants:P1,Early Childhood Education participants,participants,2023-04,104.76,,HISTORY (SYNTHETIC),SYNTHETIC
R008,participants:P1,Early Childhood Education participants,participants,2023-05,102.76,,HISTORY (SYNTHETIC),SYNTHETIC
R009,participants:P1,Early Childhood Education participants,participants,2023-06,95.52,,HISTORY (SYNTHETIC),SYNTHETIC
R010,participants:P1,Early Childhood Education participants,participants,2023-07,101.24,,HISTORY (SYNTHETIC),SYNTHETIC
R011,participants:P1,Early Childhood Education participants,participants,2023-08,99.57,,HISTORY (SYNTHETIC),SYNTHETIC
R012,participants:P1,Early Childhood Education participants,participants,2023-09,108.47,,HISTORY (SYNTHETIC),SYNTHETIC
R013,participants:P1,Early Childhood Education participants,participants,2023-10,104.19,,HISTORY (SYNTHETIC),SYNTHETIC
R014,participants:P1,Early Childhood Education participants,participants,2023-11,106.86,,HISTORY (SYNTHETIC),SYNTHETIC
R015,participants:P1,Early Childhood Education participants,participants,2023-12,100.03,,HISTORY (SYNTHETIC),SYNTHETIC
R016,participants:P1,Early Childhood Education participants,participants,2024-01,107.32,,HISTORY (SYNTHETIC),SYNTHETIC
R017,participants:P1,Early Childhood Education participants,participants,2024-02,104.1,,HISTORY (SYNTHETIC),SYNTHETIC
R018,participants:P1,Early Childhood Education participants,participants,2024-03,102.29,,HISTORY (SYNTHETIC),SYNTHETIC
R019,participants:P1,Early Childhood Education participants,participants,2024-04,103.37,,HISTORY (SYNTHETIC),SYNTHETIC
R020,participants:P1,Early Childhood Education participants,participants,2024-05,108.35,,HISTORY (SYNTHETIC),SYNTHETIC
R021,participants:P1,Early Childhood Education participants,participants,2024-06,101.93,,HISTORY (SYNTHETIC),SYNTHETIC
R022,participants:P1,Early Childhood Education participants,participants,2024-07,103.54,,HISTORY (SYNTHETIC),SYNTHETIC
R023,participants:P1,Early Childhood Education participants,participants,2024-08,115.96,,HISTORY (SYNTHETIC),SYNTHETIC
R024,participants:P1,Early Childhood Education participants,participants,2024-09,108.97,,HISTORY (SYNTHETIC),SYNTHETIC
R025,participants:P1,Early Childhood Education participants,participants,2024-10,105.41,,HISTORY (SYNTHETIC),SYNTHETIC
R026,participants:P1,Early Childhood Education participants,participants,2024-11,109.8,,HISTORY (SYNTHETIC),SYNTHETIC
R027,participants:P1,Early Childhood Education participants,participants,2024-12,107.51,,HISTORY (SYNTHETIC),SYNTHETIC
R028,participants:P1,Early Childhood Education participants,participants,2025-01,118.55,,HISTORY (SYNTHETIC),SYNTHETIC
R029,participants:P1,Early Childhood Education participants,participants,2025-02,110.55,,HISTORY (SYNTHETIC),SYNTHETIC
R030,participants:P1,Early Childhood Education participants,participants,2025-03,114.47,,HISTORY (SYNTHETIC),SYNTHETIC
R031,participants:P1,Early Childhood Education participants,participants,2025-04,111.43,,HISTORY (SYNTHETIC),SYNTHETIC
R032,participants:P1,Early Childhood Education participants,participants,2025-05,116.27,,HISTORY (SYNTHETIC),SYNTHETIC
R033,participants:P1,Early Childhood Education participants,participants,2025-06,112.9,,HISTORY (SYNTHETIC),SYNTHETIC
R034,participants:P1,Early Childhood Education participants,participants,2025-07,112.74,,HISTORY (SYNTHETIC),SYNTHETIC
R035,participants:P1,Early Childhood Education participants,participants,2025-08,112.51,,HISTORY (SYNTHETIC),SYNTHETIC
R036,participants:P1,Early Childhood Education participants,participants,2025-09,121.58,,HISTORY (SYNTHETIC),SYNTHETIC
R037,participants:P1,Early Childhood Education participants,participants,2025-10,116.84,,HISTORY (SYNTHETIC),SYNTHETIC
R038,participants:P1,Early Childhood Education participants,participants,2025-11,114.95,,HISTORY (SYNTHETIC),SYNTHETIC
R039,participants:P1,Early Childhood Education participants,participants,2025-12,118.43,,HISTORY (SYNTHETIC),SYNTHETIC
R040,participants:P1,Early Childhood Education participants,participants,2026-01,125.38,,HISTORY (SYNTHETIC),SYNTHETIC
R041,participants:P1,Early Childhood Education participants,participants,2026-02,117.55,,HISTORY (SYNTHETIC),SYNTHETIC
R042,participants:P1,Early Childhood Education participants,participants,2026-03,116.56,,HISTORY (SYNTHETIC),SYNTHETIC
R043,participants:P1,Early Childhood Education participants,participants,2026-04,114.19,,HISTORY (SYNTHETIC),SYNTHETIC
R044,participants:P1,Early Childhood Education participants,participants,2026-05,114.38,,HISTORY (SYNTHETIC),SYNTHETIC
R045,participants:P1,Early Childhood Education participants,participants,2026-06,121.37,,HISTORY (SYNTHETIC),SYNTHETIC
R046,participants:P1,Early Childhood Education participants,participants,2026-07,123.33,,HISTORY (SYNTHETIC),SYNTHETIC
R047,participants:P1,Early Childhood Education participants,participants,2026-08,112.94,,HISTORY (SYNTHETIC),SYNTHETIC
R048,participants:P1,Early Childhood Education participants,participants,2026-09,134.89,,HISTORY (SYNTHETIC),SYNTHETIC
R049,participants:P1,Early Childhood Education participants,participants,2026-10,,121.5,MODEL ESTIMATE,MODEL ESTIMATE
R050,participants:P1,Early Childhood Education participants,participants,2026-11,,123.59,MODEL ESTIMATE,MODEL ESTIMATE
R051,participants:P1,Early Childhood Education participants,participants,2026-12,,121.31,MODEL ESTIMATE,MODEL ESTIMATE
R052,participants:P1,Early Childhood Education participants,participants,2027-01,,128.92,MODEL ESTIMATE,MODEL ESTIMATE
R053,participants:P1,Early Childhood Education participants,participants,2027-02,,124.5,MODEL ESTIMATE,MODEL ESTIMATE
R054,participants:P1,Early Childhood Education participants,participants,2027-03,,124.07,MODEL ESTIMATE,MODEL ESTIMATE
R055,participants:P1,Early Childhood Education participants,participants,2027-04,,124.36,MODEL ESTIMATE,MODEL ESTIMATE
R056,participants:P1,Early Childhood Education participants,participants,2027-05,,126.36,MODEL ESTIMATE,MODEL ESTIMATE
R057,participants:P1,Early Childhood Education participants,participants,2027-06,,123.85,MODEL ESTIMATE,MODEL ESTIMATE
R058,participants:P1,Early Childhood Education participants,participants,2027-07,,126.13,MODEL ESTIMATE,MODEL ESTIMATE
R059,participants:P1,Early Childhood Education participants,participants,2027-08,,126.16,MODEL ESTIMATE,MODEL ESTIMATE
R060,participants:P1,Early Childhood Education participants,participants,2027-09,,134.4,MODEL ESTIMATE,MODEL ESTIMATE
R061,participants:P2,Youth & Teen Programs participants,participants,2022-10,320.39,,HISTORY (SYNTHETIC),SYNTHETIC
R062,participants:P2,Youth & Teen Programs participants,participants,2022-11,304.78,,HISTORY (SYNTHETIC),SYNTHETIC
R063,participants:P2,Youth & Teen Programs participants,participants,2022-12,309.44,,HISTORY (SYNTHETIC),SYNTHETIC
R064,participants:P2,Youth & Teen Programs participants,participants,2023-01,353.78,,HISTORY (SYNTHETIC),SYNTHETIC
R065,participants:P2,Youth & Teen Programs participants,participants,2023-02,347.17,,HISTORY (SYNTHETIC),SYNTHETIC
R066,participants:P2,Youth & Teen Programs participants,participants,2023-03,346.7,,HISTORY (SYNTHETIC),SYNTHETIC
R067,participants:P2,Youth & Teen Programs participants,participants,2023-04,326.99,,HISTORY (SYNTHETIC),SYNTHETIC
R068,participants:P2,Youth & Teen Programs participants,participants,2023-05,334.86,,HISTORY (SYNTHETIC),SYNTHETIC
R069,participants:P2,Youth & Teen Programs participants,participants,2023-06,342.58,,HISTORY (SYNTHETIC),SYNTHETIC
R070,participants:P2,Youth & Teen Programs participants,participants,2023-07,328.3,,HISTORY (SYNTHETIC),SYNTHETIC
R071,participants:P2,Youth & Teen Programs participants,participants,2023-08,350.17,,HISTORY (SYNTHETIC),SYNTHETIC
R072,participants:P2,Youth & Teen Programs participants,participants,2023-09,369.52,,HISTORY (SYNTHETIC),SYNTHETIC
R073,participants:P2,Youth & Teen Programs participants,participants,2023-10,356.15,,HISTORY (SYNTHETIC),SYNTHETIC
R074,participants:P2,Youth & Teen Programs participants,participants,2023-11,358.1,,HISTORY (SYNTHETIC),SYNTHETIC
R075,participants:P2,Youth & Teen Programs participants,participants,2023-12,359.09,,HISTORY (SYNTHETIC),SYNTHETIC
R076,participants:P2,Youth & Teen Programs participants,participants,2024-01,361.88,,HISTORY (SYNTHETIC),SYNTHETIC
R077,participants:P2,Youth & Teen Programs participants,participants,2024-02,334.08,,HISTORY (SYNTHETIC),SYNTHETIC
R078,participants:P2,Youth & Teen Programs participants,participants,2024-03,358.4,,HISTORY (SYNTHETIC),SYNTHETIC
R079,participants:P2,Youth & Teen Programs participants,participants,2024-04,344.01,,HISTORY (SYNTHETIC),SYNTHETIC
R080,participants:P2,Youth & Teen Programs participants,participants,2024-05,346.12,,HISTORY (SYNTHETIC),SYNTHETIC
R081,participants:P2,Youth & Teen Programs participants,participants,2024-06,361.74,,HISTORY (SYNTHETIC),SYNTHETIC
R082,participants:P2,Youth & Teen Programs participants,participants,2024-07,356.88,,HISTORY (SYNTHETIC),SYNTHETIC
R083,participants:P2,Youth & Teen Programs participants,participants,2024-08,367.02,,HISTORY (SYNTHETIC),SYNTHETIC
R084,participants:P2,Youth & Teen Programs participants,participants,2024-09,406.23,,HISTORY (SYNTHETIC),SYNTHETIC
R085,participants:P2,Youth & Teen Programs participants,participants,2024-10,361.96,,HISTORY (SYNTHETIC),SYNTHETIC
R086,participants:P2,Youth & Teen Programs participants,participants,2024-11,355.25,,HISTORY (SYNTHETIC),SYNTHETIC
R087,participants:P2,Youth & Teen Programs participants,participants,2024-12,369.03,,HISTORY (SYNTHETIC),SYNTHETIC
R088,participants:P2,Youth & Teen Programs participants,participants,2025-01,392.35,,HISTORY (SYNTHETIC),SYNTHETIC
R089,participants:P2,Youth & Teen Programs participants,participants,2025-02,390.85,,HISTORY (SYNTHETIC),SYNTHETIC
R090,participants:P2,Youth & Teen Programs participants,participants,2025-03,381.2,,HISTORY (SYNTHETIC),SYNTHETIC
R091,participants:P2,Youth & Teen Programs participants,participants,2025-04,373.68,,HISTORY (SYNTHETIC),SYNTHETIC
R092,participants:P2,Youth & Teen Programs participants,participants,2025-05,368.51,,HISTORY (SYNTHETIC),SYNTHETIC
R093,participants:P2,Youth & Teen Programs participants,participants,2025-06,391.63,,HISTORY (SYNTHETIC),SYNTHETIC
R094,participants:P2,Youth & Teen Programs participants,participants,2025-07,370.16,,HISTORY (SYNTHETIC),SYNTHETIC
R095,participants:P2,Youth & Teen Programs participants,participants,2025-08,364.05,,HISTORY (SYNTHETIC),SYNTHETIC
R096,participants:P2,Youth & Teen Programs participants,participants,2025-09,376.31,,HISTORY (SYNTHETIC),SYNTHETIC
R097,participants:P2,Youth & Teen Programs participants,participants,2025-10,393.65,,HISTORY (SYNTHETIC),SYNTHETIC
R098,participants:P2,Youth & Teen Programs participants,participants,2025-11,383.84,,HISTORY (SYNTHETIC),SYNTHETIC
R099,participants:P2,Youth & Teen Programs participants,participants,2025-12,393.2,,HISTORY (SYNTHETIC),SYNTHETIC
R100,participants:P2,Youth & Teen Programs participants,participants,2026-01,401.77,,HISTORY (SYNTHETIC),SYNTHETIC
R101,participants:P2,Youth & Teen Programs participants,participants,2026-02,376.61,,HISTORY (SYNTHETIC),SYNTHETIC
R102,participants:P2,Youth & Teen Programs participants,participants,2026-03,383.86,,HISTORY (SYNTHETIC),SYNTHETIC
R103,participants:P2,Youth & Teen Programs participants,participants,2026-04,388.47,,HISTORY (SYNTHETIC),SYNTHETIC
R104,participants:P2,Youth & Teen Programs participants,participants,2026-05,379.56,,HISTORY (SYNTHETIC),SYNTHETIC
R105,participants:P2,Youth & Teen Programs participants,participants,2026-06,412.7,,HISTORY (SYNTHETIC),SYNTHETIC
R106,participants:P2,Youth & Teen Programs participants,participants,2026-07,410.48,,HISTORY (SYNTHETIC),SYNTHETIC
R107,participants:P2,Youth & Teen Programs participants,participants,2026-08,429.79,,HISTORY (SYNTHETIC),SYNTHETIC
R108,participants:P2,Youth & Teen Programs participants,participants,2026-09,423.33,,HISTORY (SYNTHETIC),SYNTHETIC
R109,participants:P2,Youth & Teen Programs participants,participants,2026-10,,408.31,MODEL ESTIMATE,MODEL ESTIMATE
R110,participants:P2,Youth & Teen Programs participants,participants,2026-11,,400.76,MODEL ESTIMATE,MODEL ESTIMATE
R111,participants:P2,Youth & Teen Programs participants,participants,2026-12,,407.96,MODEL ESTIMATE,MODEL ESTIMATE
R112,participants:P2,Youth & Teen Programs participants,participants,2027-01,,427.72,MODEL ESTIMATE,MODEL ESTIMATE
R113,participants:P2,Youth & Teen Programs participants,participants,2027-02,,412.45,MODEL ESTIMATE,MODEL ESTIMATE
R114,participants:P2,Youth & Teen Programs participants,participants,2027-03,,417.81,MODEL ESTIMATE,MODEL ESTIMATE
R115,participants:P2,Youth & Teen Programs participants,participants,2027-04,,408.56,MODEL ESTIMATE,MODEL ESTIMATE
R116,participants:P2,Youth & Teen Programs participants,participants,2027-05,,407.53,MODEL ESTIMATE,MODEL ESTIMATE
R117,participants:P2,Youth & Teen Programs participants,participants,2027-06,,427.43,MODEL ESTIMATE,MODEL ESTIMATE
R118,participants:P2,Youth & Teen Programs participants,participants,2027-07,,416.73,MODEL ESTIMATE,MODEL ESTIMATE
R119,participants:P2,Youth & Teen Programs participants,participants,2027-08,,428.03,MODEL ESTIMATE,MODEL ESTIMATE
R120,participants:P2,Youth & Teen Programs participants,participants,2027-09,,444.12,MODEL ESTIMATE,MODEL ESTIMATE
R121,participants:P3,Senior Services participants,participants,2022-10,200.47,,HISTORY (SYNTHETIC),SYNTHETIC
R122,participants:P3,Senior Services participants,participants,2022-11,210.65,,HISTORY (SYNTHETIC),SYNTHETIC
R123,participants:P3,Senior Services participants,participants,2022-12,201.58,,HISTORY (SYNTHETIC),SYNTHETIC
R124,participants:P3,Senior Services participants,participants,2023-01,210.48,,HISTORY (SYNTHETIC),SYNTHETIC
R125,participants:P3,Senior Services participants,participants,2023-02,201.32,,HISTORY (SYNTHETIC),SYNTHETIC
R126,participants:P3,Senior Services participants,participants,2023-03,219.15,,HISTORY (SYNTHETIC),SYNTHETIC
R127,participants:P3,Senior Services participants,participants,2023-04,226.19,,HISTORY (SYNTHETIC),SYNTHETIC
R128,participants:P3,Senior Services participants,participants,2023-05,216.42,,HISTORY (SYNTHETIC),SYNTHETIC
R129,participants:P3,Senior Services participants,participants,2023-06,208.9,,HISTORY (SYNTHETIC),SYNTHETIC
R130,participants:P3,Senior Services participants,participants,2023-07,209.26,,HISTORY (SYNTHETIC),SYNTHETIC
R131,participants:P3,Senior Services participants,participants,2023-08,215.77,,HISTORY (SYNTHETIC),SYNTHETIC
R132,participants:P3,Senior Services participants,participants,2023-09,232.79,,HISTORY (SYNTHETIC),SYNTHETIC
R133,participants:P3,Senior Services participants,participants,2023-10,221.17,,HISTORY (SYNTHETIC),SYNTHETIC
R134,participants:P3,Senior Services participants,participants,2023-11,213.3,,HISTORY (SYNTHETIC),SYNTHETIC
R135,participants:P3,Senior Services participants,participants,2023-12,219.94,,HISTORY (SYNTHETIC),SYNTHETIC
R136,participants:P3,Senior Services participants,participants,2024-01,232.42,,HISTORY (SYNTHETIC),SYNTHETIC
R137,participants:P3,Senior Services participants,participants,2024-02,221.6,,HISTORY (SYNTHETIC),SYNTHETIC
R138,participants:P3,Senior Services participants,participants,2024-03,211.32,,HISTORY (SYNTHETIC),SYNTHETIC
R139,participants:P3,Senior Services participants,participants,2024-04,223.3,,HISTORY (SYNTHETIC),SYNTHETIC
R140,participants:P3,Senior Services participants,participants,2024-05,226.84,,HISTORY (SYNTHETIC),SYNTHETIC
R141,participants:P3,Senior Services participants,participants,2024-06,223.27,,HISTORY (SYNTHETIC),SYNTHETIC
R142,participants:P3,Senior Services participants,participants,2024-07,223.51,,HISTORY (SYNTHETIC),SYNTHETIC
R143,participants:P3,Senior Services participants,participants,2024-08,222.1,,HISTORY (SYNTHETIC),SYNTHETIC
R144,participants:P3,Senior Services participants,participants,2024-09,241.45,,HISTORY (SYNTHETIC),SYNTHETIC
R145,participants:P3,Senior Services participants,participants,2024-10,211.3,,HISTORY (SYNTHETIC),SYNTHETIC
R146,participants:P3,Senior Services participants,participants,2024-11,230.16,,HISTORY (SYNTHETIC),SYNTHETIC
R147,participants:P3,Senior Services participants,participants,2024-12,229.58,,HISTORY (SYNTHETIC),SYNTHETIC
R148,participants:P3,Senior Services participants,participants,2025-01,255.84,,HISTORY (SYNTHETIC),SYNTHETIC
R149,participants:P3,Senior Services participants,participants,2025-02,234.74,,HISTORY (SYNTHETIC),SYNTHETIC
R150,participants:P3,Senior Services participants,participants,2025-03,236.63,,HISTORY (SYNTHETIC),SYNTHETIC
R151,participants:P3,Senior Services participants,participants,2025-04,251.78,,HISTORY (SYNTHETIC),SYNTHETIC
R152,participants:P3,Senior Services participants,participants,2025-05,229.75,,HISTORY (SYNTHETIC),SYNTHETIC
R153,participants:P3,Senior Services participants,participants,2025-06,242.91,,HISTORY (SYNTHETIC),SYNTHETIC
R154,participants:P3,Senior Services participants,participants,2025-07,227.73,,HISTORY (SYNTHETIC),SYNTHETIC
R155,participants:P3,Senior Services participants,participants,2025-08,225.62,,HISTORY (SYNTHETIC),SYNTHETIC
R156,participants:P3,Senior Services participants,participants,2025-09,247.1,,HISTORY (SYNTHETIC),SYNTHETIC
R157,participants:P3,Senior Services participants,participants,2025-10,246.37,,HISTORY (SYNTHETIC),SYNTHETIC
R158,participants:P3,Senior Services participants,participants,2025-11,224.04,,HISTORY (SYNTHETIC),SYNTHETIC
R159,participants:P3,Senior Services participants,participants,2025-12,250.75,,HISTORY (SYNTHETIC),SYNTHETIC
R160,participants:P3,Senior Services participants,participants,2026-01,245.74,,HISTORY (SYNTHETIC),SYNTHETIC
R161,participants:P3,Senior Services participants,participants,2026-02,242.62,,HISTORY (SYNTHETIC),SYNTHETIC
R162,participants:P3,Senior Services participants,participants,2026-03,249.42,,HISTORY (SYNTHETIC),SYNTHETIC
R163,participants:P3,Senior Services participants,participants,2026-04,262.54,,HISTORY (SYNTHETIC),SYNTHETIC
R164,participants:P3,Senior Services participants,participants,2026-05,243.99,,HISTORY (SYNTHETIC),SYNTHETIC
R165,participants:P3,Senior Services participants,participants,2026-06,237.82,,HISTORY (SYNTHETIC),SYNTHETIC
R166,participants:P3,Senior Services participants,participants,2026-07,252.66,,HISTORY (SYNTHETIC),SYNTHETIC
R167,participants:P3,Senior Services participants,participants,2026-08,246.88,,HISTORY (SYNTHETIC),SYNTHETIC
R168,participants:P3,Senior Services participants,participants,2026-09,275.7,,HISTORY (SYNTHETIC),SYNTHETIC
R169,participants:P3,Senior Services participants,participants,2026-10,,249.4,MODEL ESTIMATE,MODEL ESTIMATE
R170,participants:P3,Senior Services participants,participants,2026-11,,249.11,MODEL ESTIMATE,MODEL ESTIMATE
R171,participants:P3,Senior Services participants,participants,2026-12,,255.04,MODEL ESTIMATE,MODEL ESTIMATE
R172,participants:P3,Senior Services participants,participants,2027-01,,265.69,MODEL ESTIMATE,MODEL ESTIMATE
R173,participants:P3,Senior Services participants,participants,2027-02,,254.64,MODEL ESTIMATE,MODEL ESTIMATE
R174,participants:P3,Senior Services participants,participants,2027-03,,258.7,MODEL ESTIMATE,MODEL ESTIMATE
R175,participants:P3,Senior Services participants,participants,2027-04,,270.53,MODEL ESTIMATE,MODEL ESTIMATE
R176,participants:P3,Senior Services participants,participants,2027-05,,258.82,MODEL ESTIMATE,MODEL ESTIMATE
R177,participants:P3,Senior Services participants,participants,2027-06,,257.8,MODEL ESTIMATE,MODEL ESTIMATE
R178,participants:P3,Senior Services participants,participants,2027-07,,257.86,MODEL ESTIMATE,MODEL ESTIMATE
R179,participants:P3,Senior Services participants,participants,2027-08,,257.17,MODEL ESTIMATE,MODEL ESTIMATE
R180,participants:P3,Senior Services participants,participants,2027-09,,278.83,MODEL ESTIMATE,MODEL ESTIMATE
R181,participants:P4,Fitness & Wellness participants,participants,2022-10,714.95,,HISTORY (SYNTHETIC),SYNTHETIC
R182,participants:P4,Fitness & Wellness participants,participants,2022-11,734.95,,HISTORY (SYNTHETIC),SYNTHETIC
R183,participants:P4,Fitness & Wellness participants,participants,2022-12,735.98,,HISTORY (SYNTHETIC),SYNTHETIC
R184,participants:P4,Fitness & Wellness participants,participants,2023-01,820.69,,HISTORY (SYNTHETIC),SYNTHETIC
R185,participants:P4,Fitness & Wellness participants,participants,2023-02,752.28,,HISTORY (SYNTHETIC),SYNTHETIC
R186,participants:P4,Fitness & Wellness participants,participants,2023-03,741.72,,HISTORY (SYNTHETIC),SYNTHETIC
R187,participants:P4,Fitness & Wellness participants,participants,2023-04,781.55,,HISTORY (SYNTHETIC),SYNTHETIC
R188,participants:P4,Fitness & Wellness participants,participants,2023-05,793.02,,HISTORY (SYNTHETIC),SYNTHETIC
R189,participants:P4,Fitness & Wellness participants,participants,2023-06,775.11,,HISTORY (SYNTHETIC),SYNTHETIC
R190,participants:P4,Fitness & Wellness participants,participants,2023-07,747.02,,HISTORY (SYNTHETIC),SYNTHETIC
R191,participants:P4,Fitness & Wellness participants,participants,2023-08,726.22,,HISTORY (SYNTHETIC),SYNTHETIC
R192,participants:P4,Fitness & Wellness participants,participants,2023-09,829.72,,HISTORY (SYNTHETIC),SYNTHETIC
R193,participants:P4,Fitness & Wellness participants,participants,2023-10,787.59,,HISTORY (SYNTHETIC),SYNTHETIC
R194,participants:P4,Fitness & Wellness participants,participants,2023-11,824.96,,HISTORY (SYNTHETIC),SYNTHETIC
R195,participants:P4,Fitness & Wellness participants,participants,2023-12,779.87,,HISTORY (SYNTHETIC),SYNTHETIC
R196,participants:P4,Fitness & Wellness participants,participants,2024-01,815.32,,HISTORY (SYNTHETIC),SYNTHETIC
R197,participants:P4,Fitness & Wellness participants,participants,2024-02,790.0,,HISTORY (SYNTHETIC),SYNTHETIC
R198,participants:P4,Fitness & Wellness participants,participants,2024-03,788.49,,HISTORY (SYNTHETIC),SYNTHETIC
R199,participants:P4,Fitness & Wellness participants,participants,2024-04,791.9,,HISTORY (SYNTHETIC),SYNTHETIC
R200,participants:P4,Fitness & Wellness participants,participants,2024-05,779.3,,HISTORY (SYNTHETIC),SYNTHETIC
R201,participants:P4,Fitness & Wellness participants,participants,2024-06,842.53,,HISTORY (SYNTHETIC),SYNTHETIC
R202,participants:P4,Fitness & Wellness participants,participants,2024-07,827.37,,HISTORY (SYNTHETIC),SYNTHETIC
R203,participants:P4,Fitness & Wellness participants,participants,2024-08,828.81,,HISTORY (SYNTHETIC),SYNTHETIC
R204,participants:P4,Fitness & Wellness participants,participants,2024-09,827.62,,HISTORY (SYNTHETIC),SYNTHETIC
R205,participants:P4,Fitness & Wellness participants,participants,2024-10,803.47,,HISTORY (SYNTHETIC),SYNTHETIC
R206,participants:P4,Fitness & Wellness participants,participants,2024-11,826.92,,HISTORY (SYNTHETIC),SYNTHETIC
R207,participants:P4,Fitness & Wellness participants,participants,2024-12,842.82,,HISTORY (SYNTHETIC),SYNTHETIC
R208,participants:P4,Fitness & Wellness participants,participants,2025-01,911.02,,HISTORY (SYNTHETIC),SYNTHETIC
R209,participants:P4,Fitness & Wellness participants,participants,2025-02,849.17,,HISTORY (SYNTHETIC),SYNTHETIC
R210,participants:P4,Fitness & Wellness participants,participants,2025-03,795.0,,HISTORY (SYNTHETIC),SYNTHETIC
R211,participants:P4,Fitness & Wellness participants,participants,2025-04,847.75,,HISTORY (SYNTHETIC),SYNTHETIC
R212,participants:P4,Fitness & Wellness participants,participants,2025-05,812.83,,HISTORY (SYNTHETIC),SYNTHETIC
R213,participants:P4,Fitness & Wellness participants,participants,2025-06,830.73,,HISTORY (SYNTHETIC),SYNTHETIC
R214,participants:P4,Fitness & Wellness participants,participants,2025-07,834.32,,HISTORY (SYNTHETIC),SYNTHETIC
R215,participants:P4,Fitness & Wellness participants,participants,2025-08,886.34,,HISTORY (SYNTHETIC),SYNTHETIC
R216,participants:P4,Fitness & Wellness participants,participants,2025-09,890.04,,HISTORY (SYNTHETIC),SYNTHETIC
R217,participants:P4,Fitness & Wellness participants,participants,2025-10,848.95,,HISTORY (SYNTHETIC),SYNTHETIC
R218,participants:P4,Fitness & Wellness participants,participants,2025-11,869.75,,HISTORY (SYNTHETIC),SYNTHETIC
R219,participants:P4,Fitness & Wellness participants,participants,2025-12,887.51,,HISTORY (SYNTHETIC),SYNTHETIC
R220,participants:P4,Fitness & Wellness participants,participants,2026-01,915.29,,HISTORY (SYNTHETIC),SYNTHETIC
R221,participants:P4,Fitness & Wellness participants,participants,2026-02,839.27,,HISTORY (SYNTHETIC),SYNTHETIC
R222,participants:P4,Fitness & Wellness participants,participants,2026-03,892.37,,HISTORY (SYNTHETIC),SYNTHETIC
R223,participants:P4,Fitness & Wellness participants,participants,2026-04,882.31,,HISTORY (SYNTHETIC),SYNTHETIC
R224,participants:P4,Fitness & Wellness participants,participants,2026-05,882.54,,HISTORY (SYNTHETIC),SYNTHETIC
R225,participants:P4,Fitness & Wellness participants,participants,2026-06,914.45,,HISTORY (SYNTHETIC),SYNTHETIC
R226,participants:P4,Fitness & Wellness participants,participants,2026-07,860.0,,HISTORY (SYNTHETIC),SYNTHETIC
R227,participants:P4,Fitness & Wellness participants,participants,2026-08,889.16,,HISTORY (SYNTHETIC),SYNTHETIC
R228,participants:P4,Fitness & Wellness participants,participants,2026-09,974.93,,HISTORY (SYNTHETIC),SYNTHETIC
R229,participants:P4,Fitness & Wellness participants,participants,2026-10,,892.0,MODEL ESTIMATE,MODEL ESTIMATE
R230,participants:P4,Fitness & Wellness participants,participants,2026-11,,917.41,MODEL ESTIMATE,MODEL ESTIMATE
R231,participants:P4,Fitness & Wellness participants,participants,2026-12,,914.81,MODEL ESTIMATE,MODEL ESTIMATE
R232,participants:P4,Fitness & Wellness participants,participants,2027-01,,968.84,MODEL ESTIMATE,MODEL ESTIMATE
R233,participants:P4,Fitness & Wellness participants,participants,2027-02,,910.94,MODEL ESTIMATE,MODEL ESTIMATE
R234,participants:P4,Fitness & Wellness participants,participants,2027-03,,907.66,MODEL ESTIMATE,MODEL ESTIMATE
R235,participants:P4,Fitness & Wellness participants,participants,2027-04,,929.14,MODEL ESTIMATE,MODEL ESTIMATE
R236,participants:P4,Fitness & Wellness participants,participants,2027-05,,920.19,MODEL ESTIMATE,MODEL ESTIMATE
R237,participants:P4,Fitness & Wellness participants,participants,2027-06,,943.97,MODEL ESTIMATE,MODEL ESTIMATE
R238,participants:P4,Fitness & Wellness participants,participants,2027-07,,920.44,MODEL ESTIMATE,MODEL ESTIMATE
R239,participants:P4,Fitness & Wellness participants,participants,2027-08,,935.9,MODEL ESTIMATE,MODEL ESTIMATE
R240,participants:P4,Fitness & Wellness participants,participants,2027-09,,983.84,MODEL ESTIMATE,MODEL ESTIMATE
R241,participants:P5,Cultural Arts participants,participants,2022-10,248.8,,HISTORY (SYNTHETIC),SYNTHETIC
R242,participants:P5,Cultural Arts participants,participants,2022-11,243.36,,HISTORY (SYNTHETIC),SYNTHETIC
R243,participants:P5,Cultural Arts participants,participants,2022-12,239.34,,HISTORY (SYNTHETIC),SYNTHETIC
R244,participants:P5,Cultural Arts participants,participants,2023-01,263.61,,HISTORY (SYNTHETIC),SYNTHETIC
R245,participants:P5,Cultural Arts participants,participants,2023-02,244.31,,HISTORY (SYNTHETIC),SYNTHETIC
R246,participants:P5,Cultural Arts participants,participants,2023-03,260.84,,HISTORY (SYNTHETIC),SYNTHETIC
R247,participants:P5,Cultural Arts participants,participants,2023-04,253.31,,HISTORY (SYNTHETIC),SYNTHETIC
R248,participants:P5,Cultural Arts participants,participants,2023-05,245.57,,HISTORY (SYNTHETIC),SYNTHETIC
R249,participants:P5,Cultural Arts participants,participants,2023-06,248.87,,HISTORY (SYNTHETIC),SYNTHETIC
R250,participants:P5,Cultural Arts participants,participants,2023-07,258.2,,HISTORY (SYNTHETIC),SYNTHETIC
R251,participants:P5,Cultural Arts participants,participants,2023-08,257.36,,HISTORY (SYNTHETIC),SYNTHETIC
R252,participants:P5,Cultural Arts participants,participants,2023-09,256.53,,HISTORY (SYNTHETIC),SYNTHETIC
R253,participants:P5,Cultural Arts participants,participants,2023-10,267.45,,HISTORY (SYNTHETIC),SYNTHETIC
R254,participants:P5,Cultural Arts participants,participants,2023-11,246.91,,HISTORY (SYNTHETIC),SYNTHETIC
R255,participants:P5,Cultural Arts participants,participants,2023-12,255.18,,HISTORY (SYNTHETIC),SYNTHETIC
R256,participants:P5,Cultural Arts participants,participants,2024-01,288.8,,HISTORY (SYNTHETIC),SYNTHETIC
R257,participants:P5,Cultural Arts participants,participants,2024-02,254.75,,HISTORY (SYNTHETIC),SYNTHETIC
R258,participants:P5,Cultural Arts participants,participants,2024-03,275.67,,HISTORY (SYNTHETIC),SYNTHETIC
R259,participants:P5,Cultural Arts participants,participants,2024-04,261.37,,HISTORY (SYNTHETIC),SYNTHETIC
R260,participants:P5,Cultural Arts participants,participants,2024-05,261.98,,HISTORY (SYNTHETIC),SYNTHETIC
R261,participants:P5,Cultural Arts participants,participants,2024-06,272.26,,HISTORY (SYNTHETIC),SYNTHETIC
R262,participants:P5,Cultural Arts participants,participants,2024-07,285.92,,HISTORY (SYNTHETIC),SYNTHETIC
R263,participants:P5,Cultural Arts participants,participants,2024-08,267.69,,HISTORY (SYNTHETIC),SYNTHETIC
R264,participants:P5,Cultural Arts participants,participants,2024-09,294.48,,HISTORY (SYNTHETIC),SYNTHETIC
R265,participants:P5,Cultural Arts participants,participants,2024-10,252.13,,HISTORY (SYNTHETIC),SYNTHETIC
R266,participants:P5,Cultural Arts participants,participants,2024-11,276.72,,HISTORY (SYNTHETIC),SYNTHETIC
R267,participants:P5,Cultural Arts participants,participants,2024-12,267.68,,HISTORY (SYNTHETIC),SYNTHETIC
R268,participants:P5,Cultural Arts participants,participants,2025-01,303.36,,HISTORY (SYNTHETIC),SYNTHETIC
R269,participants:P5,Cultural Arts participants,participants,2025-02,267.63,,HISTORY (SYNTHETIC),SYNTHETIC
R270,participants:P5,Cultural Arts participants,participants,2025-03,278.87,,HISTORY (SYNTHETIC),SYNTHETIC
R271,participants:P5,Cultural Arts participants,participants,2025-04,278.22,,HISTORY (SYNTHETIC),SYNTHETIC
R272,participants:P5,Cultural Arts participants,participants,2025-05,294.62,,HISTORY (SYNTHETIC),SYNTHETIC
R273,participants:P5,Cultural Arts participants,participants,2025-06,279.1,,HISTORY (SYNTHETIC),SYNTHETIC
R274,participants:P5,Cultural Arts participants,participants,2025-07,273.99,,HISTORY (SYNTHETIC),SYNTHETIC
R275,participants:P5,Cultural Arts participants,participants,2025-08,281.67,,HISTORY (SYNTHETIC),SYNTHETIC
R276,participants:P5,Cultural Arts participants,participants,2025-09,302.09,,HISTORY (SYNTHETIC),SYNTHETIC
R277,participants:P5,Cultural Arts participants,participants,2025-10,286.6,,HISTORY (SYNTHETIC),SYNTHETIC
R278,participants:P5,Cultural Arts participants,participants,2025-11,289.37,,HISTORY (SYNTHETIC),SYNTHETIC
R279,participants:P5,Cultural Arts participants,participants,2025-12,304.4,,HISTORY (SYNTHETIC),SYNTHETIC
R280,participants:P5,Cultural Arts participants,participants,2026-01,296.4,,HISTORY (SYNTHETIC),SYNTHETIC
R281,participants:P5,Cultural Arts participants,participants,2026-02,301.86,,HISTORY (SYNTHETIC),SYNTHETIC
R282,participants:P5,Cultural Arts participants,participants,2026-03,290.24,,HISTORY (SYNTHETIC),SYNTHETIC
R283,participants:P5,Cultural Arts participants,participants,2026-04,284.23,,HISTORY (SYNTHETIC),SYNTHETIC
R284,participants:P5,Cultural Arts participants,participants,2026-05,283.07,,HISTORY (SYNTHETIC),SYNTHETIC
R285,participants:P5,Cultural Arts participants,participants,2026-06,293.73,,HISTORY (SYNTHETIC),SYNTHETIC
R286,participants:P5,Cultural Arts participants,participants,2026-07,313.95,,HISTORY (SYNTHETIC),SYNTHETIC
R287,participants:P5,Cultural Arts participants,participants,2026-08,297.19,,HISTORY (SYNTHETIC),SYNTHETIC
R288,participants:P5,Cultural Arts participants,participants,2026-09,343.12,,HISTORY (SYNTHETIC),SYNTHETIC
R289,participants:P5,Cultural Arts participants,participants,2026-10,,301.57,MODEL ESTIMATE,MODEL ESTIMATE
R290,participants:P5,Cultural Arts participants,participants,2026-11,,301.92,MODEL ESTIMATE,MODEL ESTIMATE
R291,participants:P5,Cultural Arts participants,participants,2026-12,,304.48,MODEL ESTIMATE,MODEL ESTIMATE
R292,participants:P5,Cultural Arts participants,participants,2027-01,,325.87,MODEL ESTIMATE,MODEL ESTIMATE
R293,participants:P5,Cultural Arts participants,participants,2027-02,,304.97,MODEL ESTIMATE,MODEL ESTIMATE
R294,participants:P5,Cultural Arts participants,participants,2027-03,,314.23,MODEL ESTIMATE,MODEL ESTIMATE
R295,participants:P5,Cultural Arts participants,participants,2027-04,,307.11,MODEL ESTIMATE,MODEL ESTIMATE
R296,participants:P5,Cultural Arts participants,participants,2027-05,,309.14,MODEL ESTIMATE,MODEL ESTIMATE
R297,participants:P5,Cultural Arts participants,participants,2027-06,,311.32,MODEL ESTIMATE,MODEL ESTIMATE
R298,participants:P5,Cultural Arts participants,participants,2027-07,,320.84,MODEL ESTIMATE,MODEL ESTIMATE
R299,participants:P5,Cultural Arts participants,participants,2027-08,,313.81,MODEL ESTIMATE,MODEL ESTIMATE
R300,participants:P5,Cultural Arts participants,participants,2027-09,,336.88,MODEL ESTIMATE,MODEL ESTIMATE
R301,participants:P6,Community Events participants,participants,2022-10,1169.88,,HISTORY (SYNTHETIC),SYNTHETIC
R302,participants:P6,Community Events participants,participants,2022-11,1276.09,,HISTORY (SYNTHETIC),SYNTHETIC
R303,participants:P6,Community Events participants,participants,2022-12,1260.28,,HISTORY (SYNTHETIC),SYNTHETIC
R304,participants:P6,Community Events participants,participants,2023-01,1363.77,,HISTORY (SYNTHETIC),SYNTHETIC
R305,participants:P6,Community Events participants,participants,2023-02,1260.5,,HISTORY (SYNTHETIC),SYNTHETIC
R306,participants:P6,Community Events participants,participants,2023-03,1280.56,,HISTORY (SYNTHETIC),SYNTHETIC
R307,participants:P6,Community Events participants,participants,2023-04,1236.7,,HISTORY (SYNTHETIC),SYNTHETIC
R308,participants:P6,Community Events participants,participants,2023-05,1281.8,,HISTORY (SYNTHETIC),SYNTHETIC
R309,participants:P6,Community Events participants,participants,2023-06,1261.31,,HISTORY (SYNTHETIC),SYNTHETIC
R310,participants:P6,Community Events participants,participants,2023-07,1258.67,,HISTORY (SYNTHETIC),SYNTHETIC
R311,participants:P6,Community Events participants,participants,2023-08,1242.15,,HISTORY (SYNTHETIC),SYNTHETIC
R312,participants:P6,Community Events participants,participants,2023-09,1357.82,,HISTORY (SYNTHETIC),SYNTHETIC
R313,participants:P6,Community Events participants,participants,2023-10,1244.8,,HISTORY (SYNTHETIC),SYNTHETIC
R314,participants:P6,Community Events participants,participants,2023-11,1329.75,,HISTORY (SYNTHETIC),SYNTHETIC
R315,participants:P6,Community Events participants,participants,2023-12,1265.12,,HISTORY (SYNTHETIC),SYNTHETIC
R316,participants:P6,Community Events participants,participants,2024-01,1393.05,,HISTORY (SYNTHETIC),SYNTHETIC
R317,participants:P6,Community Events participants,participants,2024-02,1295.55,,HISTORY (SYNTHETIC),SYNTHETIC
R318,participants:P6,Community Events participants,participants,2024-03,1338.06,,HISTORY (SYNTHETIC),SYNTHETIC
R319,participants:P6,Community Events participants,participants,2024-04,1346.19,,HISTORY (SYNTHETIC),SYNTHETIC
R320,participants:P6,Community Events participants,participants,2024-05,1367.75,,HISTORY (SYNTHETIC),SYNTHETIC
R321,participants:P6,Community Events participants,participants,2024-06,1336.79,,HISTORY (SYNTHETIC),SYNTHETIC
R322,participants:P6,Community Events participants,participants,2024-07,1345.03,,HISTORY (SYNTHETIC),SYNTHETIC
R323,participants:P6,Community Events participants,participants,2024-08,1404.48,,HISTORY (SYNTHETIC),SYNTHETIC
R324,participants:P6,Community Events participants,participants,2024-09,1438.77,,HISTORY (SYNTHETIC),SYNTHETIC
R325,participants:P6,Community Events participants,participants,2024-10,1429.05,,HISTORY (SYNTHETIC),SYNTHETIC
R326,participants:P6,Community Events participants,participants,2024-11,1282.06,,HISTORY (SYNTHETIC),SYNTHETIC
R327,participants:P6,Community Events participants,participants,2024-12,1329.81,,HISTORY (SYNTHETIC),SYNTHETIC
R328,participants:P6,Community Events participants,participants,2025-01,1488.44,,HISTORY (SYNTHETIC),SYNTHETIC
R329,participants:P6,Community Events participants,participants,2025-02,1406.01,,HISTORY (SYNTHETIC),SYNTHETIC
R330,participants:P6,Community Events participants,participants,2025-03,1418.23,,HISTORY (SYNTHETIC),SYNTHETIC
R331,participants:P6,Community Events participants,participants,2025-04,1361.61,,HISTORY (SYNTHETIC),SYNTHETIC
R332,participants:P6,Community Events participants,participants,2025-05,1375.76,,HISTORY (SYNTHETIC),SYNTHETIC
R333,participants:P6,Community Events participants,participants,2025-06,1413.02,,HISTORY (SYNTHETIC),SYNTHETIC
R334,participants:P6,Community Events participants,participants,2025-07,1393.19,,HISTORY (SYNTHETIC),SYNTHETIC
R335,participants:P6,Community Events participants,participants,2025-08,1453.75,,HISTORY (SYNTHETIC),SYNTHETIC
R336,participants:P6,Community Events participants,participants,2025-09,1543.05,,HISTORY (SYNTHETIC),SYNTHETIC
R337,participants:P6,Community Events participants,participants,2025-10,1374.64,,HISTORY (SYNTHETIC),SYNTHETIC
R338,participants:P6,Community Events participants,participants,2025-11,1448.53,,HISTORY (SYNTHETIC),SYNTHETIC
R339,participants:P6,Community Events participants,participants,2025-12,1505.98,,HISTORY (SYNTHETIC),SYNTHETIC
R340,participants:P6,Community Events participants,participants,2026-01,1574.99,,HISTORY (SYNTHETIC),SYNTHETIC
R341,participants:P6,Community Events participants,participants,2026-02,1430.08,,HISTORY (SYNTHETIC),SYNTHETIC
R342,participants:P6,Community Events participants,participants,2026-03,1475.9,,HISTORY (SYNTHETIC),SYNTHETIC
R343,participants:P6,Community Events participants,participants,2026-04,1509.6,,HISTORY (SYNTHETIC),SYNTHETIC
R344,participants:P6,Community Events participants,participants,2026-05,1561.17,,HISTORY (SYNTHETIC),SYNTHETIC
R345,participants:P6,Community Events participants,participants,2026-06,1492.08,,HISTORY (SYNTHETIC),SYNTHETIC
R346,participants:P6,Community Events participants,participants,2026-07,1575.87,,HISTORY (SYNTHETIC),SYNTHETIC
R347,participants:P6,Community Events participants,participants,2026-08,1478.71,,HISTORY (SYNTHETIC),SYNTHETIC
R348,participants:P6,Community Events participants,participants,2026-09,1566.0,,HISTORY (SYNTHETIC),SYNTHETIC
R349,participants:P6,Community Events participants,participants,2026-10,,1492.52,MODEL ESTIMATE,MODEL ESTIMATE
R350,participants:P6,Community Events participants,participants,2026-11,,1522.04,MODEL ESTIMATE,MODEL ESTIMATE
R351,participants:P6,Community Events participants,participants,2026-12,,1528.23,MODEL ESTIMATE,MODEL ESTIMATE
R352,participants:P6,Community Events participants,participants,2027-01,,1642.99,MODEL ESTIMATE,MODEL ESTIMATE
R353,participants:P6,Community Events participants,participants,2027-02,,1535.97,MODEL ESTIMATE,MODEL ESTIMATE
R354,participants:P6,Community Events participants,participants,2027-03,,1566.12,MODEL ESTIMATE,MODEL ESTIMATE
R355,participants:P6,Community Events participants,participants,2027-04,,1551.46,MODEL ESTIMATE,MODEL ESTIMATE
R356,participants:P6,Community Events participants,participants,2027-05,,1584.55,MODEL ESTIMATE,MODEL ESTIMATE
R357,participants:P6,Community Events participants,participants,2027-06,,1563.73,MODEL ESTIMATE,MODEL ESTIMATE
R358,participants:P6,Community Events participants,participants,2027-07,,1581.12,MODEL ESTIMATE,MODEL ESTIMATE
R359,participants:P6,Community Events participants,participants,2027-08,,1582.7,MODEL ESTIMATE,MODEL ESTIMATE
R360,participants:P6,Community Events participants,participants,2027-09,,1664.34,MODEL ESTIMATE,MODEL ESTIMATE
R361,participants:P7,Family Services participants,participants,2022-10,151.16,,HISTORY (SYNTHETIC),SYNTHETIC
R362,participants:P7,Family Services participants,participants,2022-11,152.15,,HISTORY (SYNTHETIC),SYNTHETIC
R363,participants:P7,Family Services participants,participants,2022-12,148.02,,HISTORY (SYNTHETIC),SYNTHETIC
R364,participants:P7,Family Services participants,participants,2023-01,165.52,,HISTORY (SYNTHETIC),SYNTHETIC
R365,participants:P7,Family Services participants,participants,2023-02,148.95,,HISTORY (SYNTHETIC),SYNTHETIC
R366,participants:P7,Family Services participants,participants,2023-03,151.88,,HISTORY (SYNTHETIC),SYNTHETIC
R367,participants:P7,Family Services participants,participants,2023-04,150.39,,HISTORY (SYNTHETIC),SYNTHETIC
R368,participants:P7,Family Services participants,participants,2023-05,150.16,,HISTORY (SYNTHETIC),SYNTHETIC
R369,participants:P7,Family Services participants,participants,2023-06,150.61,,HISTORY (SYNTHETIC),SYNTHETIC
R370,participants:P7,Family Services participants,participants,2023-07,151.57,,HISTORY (SYNTHETIC),SYNTHETIC
R371,participants:P7,Family Services participants,participants,2023-08,154.79,,HISTORY (SYNTHETIC),SYNTHETIC
R372,participants:P7,Family Services participants,participants,2023-09,166.09,,HISTORY (SYNTHETIC),SYNTHETIC
R373,participants:P7,Family Services participants,participants,2023-10,162.52,,HISTORY (SYNTHETIC),SYNTHETIC
R374,participants:P7,Family Services participants,participants,2023-11,163.41,,HISTORY (SYNTHETIC),SYNTHETIC
R375,participants:P7,Family Services participants,participants,2023-12,156.9,,HISTORY (SYNTHETIC),SYNTHETIC
R376,participants:P7,Family Services participants,participants,2024-01,160.21,,HISTORY (SYNTHETIC),SYNTHETIC
R377,participants:P7,Family Services participants,participants,2024-02,163.13,,HISTORY (SYNTHETIC),SYNTHETIC
R378,participants:P7,Family Services participants,participants,2024-03,155.92,,HISTORY (SYNTHETIC),SYNTHETIC
R379,participants:P7,Family Services participants,participants,2024-04,164.78,,HISTORY (SYNTHETIC),SYNTHETIC
R380,participants:P7,Family Services participants,participants,2024-05,158.55,,HISTORY (SYNTHETIC),SYNTHETIC
R381,participants:P7,Family Services participants,participants,2024-06,163.41,,HISTORY (SYNTHETIC),SYNTHETIC
R382,participants:P7,Family Services participants,participants,2024-07,156.12,,HISTORY (SYNTHETIC),SYNTHETIC
R383,participants:P7,Family Services participants,participants,2024-08,154.29,,HISTORY (SYNTHETIC),SYNTHETIC
R384,participants:P7,Family Services participants,participants,2024-09,174.08,,HISTORY (SYNTHETIC),SYNTHETIC
R385,participants:P7,Family Services participants,participants,2024-10,158.89,,HISTORY (SYNTHETIC),SYNTHETIC
R386,participants:P7,Family Services participants,participants,2024-11,159.46,,HISTORY (SYNTHETIC),SYNTHETIC
R387,participants:P7,Family Services participants,participants,2024-12,160.98,,HISTORY (SYNTHETIC),SYNTHETIC
R388,participants:P7,Family Services participants,participants,2025-01,173.33,,HISTORY (SYNTHETIC),SYNTHETIC
R389,participants:P7,Family Services participants,participants,2025-02,170.29,,HISTORY (SYNTHETIC),SYNTHETIC
R390,participants:P7,Family Services participants,participants,2025-03,168.68,,HISTORY (SYNTHETIC),SYNTHETIC
R391,participants:P7,Family Services participants,participants,2025-04,168.31,,HISTORY (SYNTHETIC),SYNTHETIC
R392,participants:P7,Family Services participants,participants,2025-05,166.8,,HISTORY (SYNTHETIC),SYNTHETIC
R393,participants:P7,Family Services participants,participants,2025-06,171.78,,HISTORY (SYNTHETIC),SYNTHETIC
R394,participants:P7,Family Services participants,participants,2025-07,171.43,,HISTORY (SYNTHETIC),SYNTHETIC
R395,participants:P7,Family Services participants,participants,2025-08,175.93,,HISTORY (SYNTHETIC),SYNTHETIC
R396,participants:P7,Family Services participants,participants,2025-09,189.22,,HISTORY (SYNTHETIC),SYNTHETIC
R397,participants:P7,Family Services participants,participants,2025-10,162.11,,HISTORY (SYNTHETIC),SYNTHETIC
R398,participants:P7,Family Services participants,participants,2025-11,168.92,,HISTORY (SYNTHETIC),SYNTHETIC
R399,participants:P7,Family Services participants,participants,2025-12,172.79,,HISTORY (SYNTHETIC),SYNTHETIC
R400,participants:P7,Family Services participants,participants,2026-01,189.55,,HISTORY (SYNTHETIC),SYNTHETIC
R401,participants:P7,Family Services participants,participants,2026-02,173.61,,HISTORY (SYNTHETIC),SYNTHETIC
R402,participants:P7,Family Services participants,participants,2026-03,165.92,,HISTORY (SYNTHETIC),SYNTHETIC
R403,participants:P7,Family Services participants,participants,2026-04,179.54,,HISTORY (SYNTHETIC),SYNTHETIC
R404,participants:P7,Family Services participants,participants,2026-05,174.87,,HISTORY (SYNTHETIC),SYNTHETIC
R405,participants:P7,Family Services participants,participants,2026-06,170.94,,HISTORY (SYNTHETIC),SYNTHETIC
R406,participants:P7,Family Services participants,participants,2026-07,177.22,,HISTORY (SYNTHETIC),SYNTHETIC
R407,participants:P7,Family Services participants,participants,2026-08,175.28,,HISTORY (SYNTHETIC),SYNTHETIC
R408,participants:P7,Family Services participants,participants,2026-09,186.98,,HISTORY (SYNTHETIC),SYNTHETIC
R409,participants:P7,Family Services participants,participants,2026-10,,176.82,MODEL ESTIMATE,MODEL ESTIMATE
R410,participants:P7,Family Services participants,participants,2026-11,,179.13,MODEL ESTIMATE,MODEL ESTIMATE
R411,participants:P7,Family Services participants,participants,2026-12,,177.82,MODEL ESTIMATE,MODEL ESTIMATE
R412,participants:P7,Family Services participants,participants,2027-01,,190.3,MODEL ESTIMATE,MODEL ESTIMATE
R413,participants:P7,Family Services participants,participants,2027-02,,182.14,MODEL ESTIMATE,MODEL ESTIMATE
R414,participants:P7,Family Services participants,participants,2027-03,,178.75,MODEL ESTIMATE,MODEL ESTIMATE
R415,participants:P7,Family Services participants,participants,2027-04,,183.9,MODEL ESTIMATE,MODEL ESTIMATE
R416,participants:P7,Family Services participants,participants,2027-05,,180.74,MODEL ESTIMATE,MODEL ESTIMATE
R417,participants:P7,Family Services participants,participants,2027-06,,182.33,MODEL ESTIMATE,MODEL ESTIMATE
R418,participants:P7,Family Services participants,participants,2027-07,,182.23,MODEL ESTIMATE,MODEL ESTIMATE
R419,participants:P7,Family Services participants,participants,2027-08,,183.22,MODEL ESTIMATE,MODEL ESTIMATE
R420,participants:P7,Family Services participants,participants,2027-09,,197.24,MODEL ESTIMATE,MODEL ESTIMATE
R421,participants:P8,Adult Education participants,participants,2022-10,72.43,,HISTORY (SYNTHETIC),SYNTHETIC
R422,participants:P8,Adult Education participants,participants,2022-11,71.27,,HISTORY (SYNTHETIC),SYNTHETIC
R423,participants:P8,Adult Education participants,participants,2022-12,72.52,,HISTORY (SYNTHETIC),SYNTHETIC
R424,participants:P8,Adult Education participants,participants,2023-01,81.78,,HISTORY (SYNTHETIC),SYNTHETIC
R425,participants:P8,Adult Education participants,participants,2023-02,74.92,,HISTORY (SYNTHETIC),SYNTHETIC
R426,participants:P8,Adult Education participants,participants,2023-03,76.29,,HISTORY (SYNTHETIC),SYNTHETIC
R427,participants:P8,Adult Education participants,participants,2023-04,75.03,,HISTORY (SYNTHETIC),SYNTHETIC
R428,participants:P8,Adult Education participants,participants,2023-05,70.69,,HISTORY (SYNTHETIC),SYNTHETIC
R429,participants:P8,Adult Education participants,participants,2023-06,76.09,,HISTORY (SYNTHETIC),SYNTHETIC
R430,participants:P8,Adult Education participants,participants,2023-07,76.4,,HISTORY (SYNTHETIC),SYNTHETIC
R431,participants:P8,Adult Education participants,participants,2023-08,76.13,,HISTORY (SYNTHETIC),SYNTHETIC
R432,participants:P8,Adult Education participants,participants,2023-09,80.82,,HISTORY (SYNTHETIC),SYNTHETIC
R433,participants:P8,Adult Education participants,participants,2023-10,81.31,,HISTORY (SYNTHETIC),SYNTHETIC
R434,participants:P8,Adult Education participants,participants,2023-11,82.95,,HISTORY (SYNTHETIC),SYNTHETIC
R435,participants:P8,Adult Education participants,participants,2023-12,83.43,,HISTORY (SYNTHETIC),SYNTHETIC
R436,participants:P8,Adult Education participants,participants,2024-01,90.08,,HISTORY (SYNTHETIC),SYNTHETIC
R437,participants:P8,Adult Education participants,participants,2024-02,79.08,,HISTORY (SYNTHETIC),SYNTHETIC
R438,participants:P8,Adult Education participants,participants,2024-03,79.79,,HISTORY (SYNTHETIC),SYNTHETIC
R439,participants:P8,Adult Education participants,participants,2024-04,80.71,,HISTORY (SYNTHETIC),SYNTHETIC
R440,participants:P8,Adult Education participants,participants,2024-05,81.78,,HISTORY (SYNTHETIC),SYNTHETIC
R441,participants:P8,Adult Education participants,participants,2024-06,82.01,,HISTORY (SYNTHETIC),SYNTHETIC
R442,participants:P8,Adult Education participants,participants,2024-07,84.55,,HISTORY (SYNTHETIC),SYNTHETIC
R443,participants:P8,Adult Education participants,participants,2024-08,78.64,,HISTORY (SYNTHETIC),SYNTHETIC
R444,participants:P8,Adult Education participants,participants,2024-09,88.47,,HISTORY (SYNTHETIC),SYNTHETIC
R445,participants:P8,Adult Education participants,participants,2024-10,80.09,,HISTORY (SYNTHETIC),SYNTHETIC
R446,participants:P8,Adult Education participants,participants,2024-11,82.22,,HISTORY (SYNTHETIC),SYNTHETIC
R447,participants:P8,Adult Education participants,participants,2024-12,85.07,,HISTORY (SYNTHETIC),SYNTHETIC
R448,participants:P8,Adult Education participants,participants,2025-01,88.31,,HISTORY (SYNTHETIC),SYNTHETIC
R449,participants:P8,Adult Education participants,participants,2025-02,83.22,,HISTORY (SYNTHETIC),SYNTHETIC
R450,participants:P8,Adult Education participants,participants,2025-03,82.82,,HISTORY (SYNTHETIC),SYNTHETIC
R451,participants:P8,Adult Education participants,participants,2025-04,84.34,,HISTORY (SYNTHETIC),SYNTHETIC
R452,participants:P8,Adult Education participants,participants,2025-05,83.67,,HISTORY (SYNTHETIC),SYNTHETIC
R453,participants:P8,Adult Education participants,participants,2025-06,85.61,,HISTORY (SYNTHETIC),SYNTHETIC
R454,participants:P8,Adult Education participants,participants,2025-07,85.83,,HISTORY (SYNTHETIC),SYNTHETIC
R455,participants:P8,Adult Education participants,participants,2025-08,80.39,,HISTORY (SYNTHETIC),SYNTHETIC
R456,participants:P8,Adult Education participants,participants,2025-09,92.39,,HISTORY (SYNTHETIC),SYNTHETIC
R457,participants:P8,Adult Education participants,participants,2025-10,86.16,,HISTORY (SYNTHETIC),SYNTHETIC
R458,participants:P8,Adult Education participants,participants,2025-11,91.46,,HISTORY (SYNTHETIC),SYNTHETIC
R459,participants:P8,Adult Education participants,participants,2025-12,83.76,,HISTORY (SYNTHETIC),SYNTHETIC
R460,participants:P8,Adult Education participants,participants,2026-01,88.07,,HISTORY (SYNTHETIC),SYNTHETIC
R461,participants:P8,Adult Education participants,participants,2026-02,86.2,,HISTORY (SYNTHETIC),SYNTHETIC
R462,participants:P8,Adult Education participants,participants,2026-03,87.16,,HISTORY (SYNTHETIC),SYNTHETIC
R463,participants:P8,Adult Education participants,participants,2026-04,90.09,,HISTORY (SYNTHETIC),SYNTHETIC
R464,participants:P8,Adult Education participants,participants,2026-05,89.19,,HISTORY (SYNTHETIC),SYNTHETIC
R465,participants:P8,Adult Education participants,participants,2026-06,84.91,,HISTORY (SYNTHETIC),SYNTHETIC
R466,participants:P8,Adult Education participants,participants,2026-07,89.04,,HISTORY (SYNTHETIC),SYNTHETIC
R467,participants:P8,Adult Education participants,participants,2026-08,88.58,,HISTORY (SYNTHETIC),SYNTHETIC
R468,participants:P8,Adult Education participants,participants,2026-09,88.84,,HISTORY (SYNTHETIC),SYNTHETIC
R469,participants:P8,Adult Education participants,participants,2026-10,,89.76,MODEL ESTIMATE,MODEL ESTIMATE
R470,participants:P8,Adult Education participants,participants,2026-11,,91.73,MODEL ESTIMATE,MODEL ESTIMATE
R471,participants:P8,Adult Education participants,participants,2026-12,,90.95,MODEL ESTIMATE,MODEL ESTIMATE
R472,participants:P8,Adult Education participants,participants,2027-01,,96.82,MODEL ESTIMATE,MODEL ESTIMATE
R473,participants:P8,Adult Education participants,participants,2027-02,,90.61,MODEL ESTIMATE,MODEL ESTIMATE
R474,participants:P8,Adult Education participants,participants,2027-03,,91.27,MODEL ESTIMATE,MODEL ESTIMATE
R475,participants:P8,Adult Education participants,participants,2027-04,,92.3,MODEL ESTIMATE,MODEL ESTIMATE
R476,participants:P8,Adult Education participants,participants,2027-05,,91.09,MODEL ESTIMATE,MODEL ESTIMATE
R477,participants:P8,Adult Education participants,participants,2027-06,,91.91,MODEL ESTIMATE,MODEL ESTIMATE
R478,participants:P8,Adult Education participants,participants,2027-07,,93.71,MODEL ESTIMATE,MODEL ESTIMATE
R479,participants:P8,Adult Education participants,participants,2027-08,,90.69,MODEL ESTIMATE,MODEL ESTIMATE
R480,participants:P8,Adult Education participants,participants,2027-09,,97.39,MODEL ESTIMATE,MODEL ESTIMATE
R481,cost:P1,Early Childhood Education monthly cost,cost,2022-10,89381.54,,HISTORY (SYNTHETIC),SYNTHETIC
R482,cost:P1,Early Childhood Education monthly cost,cost,2022-11,88915.08,,HISTORY (SYNTHETIC),SYNTHETIC
R483,cost:P1,Early Childhood Education monthly cost,cost,2022-12,90034.88,,HISTORY (SYNTHETIC),SYNTHETIC
R484,cost:P1,Early Childhood Education monthly cost,cost,2023-01,87397.91,,HISTORY (SYNTHETIC),SYNTHETIC
R485,cost:P1,Early Childhood Education monthly cost,cost,2023-02,88560.02,,HISTORY (SYNTHETIC),SYNTHETIC
R486,cost:P1,Early Childhood Education monthly cost,cost,2023-03,91894.45,,HISTORY (SYNTHETIC),SYNTHETIC
R487,cost:P1,Early Childhood Education monthly cost,cost,2023-04,90494.18,,HISTORY (SYNTHETIC),SYNTHETIC
R488,cost:P1,Early Childhood Education monthly cost,cost,2023-05,92435.69,,HISTORY (SYNTHETIC),SYNTHETIC
R489,cost:P1,Early Childhood Education monthly cost,cost,2023-06,91396.97,,HISTORY (SYNTHETIC),SYNTHETIC
R490,cost:P1,Early Childhood Education monthly cost,cost,2023-07,93961.57,,HISTORY (SYNTHETIC),SYNTHETIC
R491,cost:P1,Early Childhood Education monthly cost,cost,2023-08,89827.06,,HISTORY (SYNTHETIC),SYNTHETIC
R492,cost:P1,Early Childhood Education monthly cost,cost,2023-09,92041.9,,HISTORY (SYNTHETIC),SYNTHETIC
R493,cost:P1,Early Childhood Education monthly cost,cost,2023-10,90684.03,,HISTORY (SYNTHETIC),SYNTHETIC
R494,cost:P1,Early Childhood Education monthly cost,cost,2023-11,92065.76,,HISTORY (SYNTHETIC),SYNTHETIC
R495,cost:P1,Early Childhood Education monthly cost,cost,2023-12,93957.87,,HISTORY (SYNTHETIC),SYNTHETIC
R496,cost:P1,Early Childhood Education monthly cost,cost,2024-01,94612.89,,HISTORY (SYNTHETIC),SYNTHETIC
R497,cost:P1,Early Childhood Education monthly cost,cost,2024-02,93164.52,,HISTORY (SYNTHETIC),SYNTHETIC
R498,cost:P1,Early Childhood Education monthly cost,cost,2024-03,94343.67,,HISTORY (SYNTHETIC),SYNTHETIC
R499,cost:P1,Early Childhood Education monthly cost,cost,2024-04,90839.79,,HISTORY (SYNTHETIC),SYNTHETIC
R500,cost:P1,Early Childhood Education monthly cost,cost,2024-05,92605.11,,HISTORY (SYNTHETIC),SYNTHETIC
R501,cost:P1,Early Childhood Education monthly cost,cost,2024-06,95715.74,,HISTORY (SYNTHETIC),SYNTHETIC
R502,cost:P1,Early Childhood Education monthly cost,cost,2024-07,95983.07,,HISTORY (SYNTHETIC),SYNTHETIC
R503,cost:P1,Early Childhood Education monthly cost,cost,2024-08,92251.17,,HISTORY (SYNTHETIC),SYNTHETIC
R504,cost:P1,Early Childhood Education monthly cost,cost,2024-09,95529.07,,HISTORY (SYNTHETIC),SYNTHETIC
R505,cost:P1,Early Childhood Education monthly cost,cost,2024-10,91729.05,,HISTORY (SYNTHETIC),SYNTHETIC
R506,cost:P1,Early Childhood Education monthly cost,cost,2024-11,97592.19,,HISTORY (SYNTHETIC),SYNTHETIC
R507,cost:P1,Early Childhood Education monthly cost,cost,2024-12,93554.38,,HISTORY (SYNTHETIC),SYNTHETIC
R508,cost:P1,Early Childhood Education monthly cost,cost,2025-01,94539.08,,HISTORY (SYNTHETIC),SYNTHETIC
R509,cost:P1,Early Childhood Education monthly cost,cost,2025-02,97271.51,,HISTORY (SYNTHETIC),SYNTHETIC
R510,cost:P1,Early Childhood Education monthly cost,cost,2025-03,97076.79,,HISTORY (SYNTHETIC),SYNTHETIC
R511,cost:P1,Early Childhood Education monthly cost,cost,2025-04,94373.72,,HISTORY (SYNTHETIC),SYNTHETIC
R512,cost:P1,Early Childhood Education monthly cost,cost,2025-05,95896.34,,HISTORY (SYNTHETIC),SYNTHETIC
R513,cost:P1,Early Childhood Education monthly cost,cost,2025-06,99572.23,,HISTORY (SYNTHETIC),SYNTHETIC
R514,cost:P1,Early Childhood Education monthly cost,cost,2025-07,97300.05,,HISTORY (SYNTHETIC),SYNTHETIC
R515,cost:P1,Early Childhood Education monthly cost,cost,2025-08,94050.29,,HISTORY (SYNTHETIC),SYNTHETIC
R516,cost:P1,Early Childhood Education monthly cost,cost,2025-09,101489.28,,HISTORY (SYNTHETIC),SYNTHETIC
R517,cost:P1,Early Childhood Education monthly cost,cost,2025-10,98305.22,,HISTORY (SYNTHETIC),SYNTHETIC
R518,cost:P1,Early Childhood Education monthly cost,cost,2025-11,96248.99,,HISTORY (SYNTHETIC),SYNTHETIC
R519,cost:P1,Early Childhood Education monthly cost,cost,2025-12,93422.29,,HISTORY (SYNTHETIC),SYNTHETIC
R520,cost:P1,Early Childhood Education monthly cost,cost,2026-01,95555.73,,HISTORY (SYNTHETIC),SYNTHETIC
R521,cost:P1,Early Childhood Education monthly cost,cost,2026-02,96383.55,,HISTORY (SYNTHETIC),SYNTHETIC
R522,cost:P1,Early Childhood Education monthly cost,cost,2026-03,98028.01,,HISTORY (SYNTHETIC),SYNTHETIC
R523,cost:P1,Early Childhood Education monthly cost,cost,2026-04,96295.64,,HISTORY (SYNTHETIC),SYNTHETIC
R524,cost:P1,Early Childhood Education monthly cost,cost,2026-05,98794.69,,HISTORY (SYNTHETIC),SYNTHETIC
R525,cost:P1,Early Childhood Education monthly cost,cost,2026-06,98874.57,,HISTORY (SYNTHETIC),SYNTHETIC
R526,cost:P1,Early Childhood Education monthly cost,cost,2026-07,104542.4,,HISTORY (SYNTHETIC),SYNTHETIC
R527,cost:P1,Early Childhood Education monthly cost,cost,2026-08,102029.51,,HISTORY (SYNTHETIC),SYNTHETIC
R528,cost:P1,Early Childhood Education monthly cost,cost,2026-09,99904.69,,HISTORY (SYNTHETIC),SYNTHETIC
R529,cost:P1,Early Childhood Education monthly cost,cost,2026-10,,98958.8,MODEL ESTIMATE,MODEL ESTIMATE
R530,cost:P1,Early Childhood Education monthly cost,cost,2026-11,,100139.35,MODEL ESTIMATE,MODEL ESTIMATE
R531,cost:P1,Early Childhood Education monthly cost,cost,2026-12,,99176.2,MODEL ESTIMATE,MODEL ESTIMATE
R532,cost:P1,Early Childhood Education monthly cost,cost,2027-01,,99460.24,MODEL ESTIMATE,MODEL ESTIMATE
R533,cost:P1,Early Childhood Education monthly cost,cost,2027-02,,100278.74,MODEL ESTIMATE,MODEL ESTIMATE
R534,cost:P1,Early Childhood Education monthly cost,cost,2027-03,,101769.57,MODEL ESTIMATE,MODEL ESTIMATE
R535,cost:P1,Early Childhood Education monthly cost,cost,2027-04,,99434.67,MODEL ESTIMATE,MODEL ESTIMATE
R536,cost:P1,Early Childhood Education monthly cost,cost,2027-05,,101366.8,MODEL ESTIMATE,MODEL ESTIMATE
R537,cost:P1,Early Childhood Education monthly cost,cost,2027-06,,102823.72,MODEL ESTIMATE,MODEL ESTIMATE
R538,cost:P1,Early Childhood Education monthly cost,cost,2027-07,,104380.61,MODEL ESTIMATE,MODEL ESTIMATE
R539,cost:P1,Early Childhood Education monthly cost,cost,2027-08,,100973.35,MODEL ESTIMATE,MODEL ESTIMATE
R540,cost:P1,Early Childhood Education monthly cost,cost,2027-09,,103675.08,MODEL ESTIMATE,MODEL ESTIMATE
R541,cost:P2,Youth & Teen Programs monthly cost,cost,2022-10,48454.94,,HISTORY (SYNTHETIC),SYNTHETIC
R542,cost:P2,Youth & Teen Programs monthly cost,cost,2022-11,49002.29,,HISTORY (SYNTHETIC),SYNTHETIC
R543,cost:P2,Youth & Teen Programs monthly cost,cost,2022-12,48390.84,,HISTORY (SYNTHETIC),SYNTHETIC
R544,cost:P2,Youth & Teen Programs monthly cost,cost,2023-01,49296.96,,HISTORY (SYNTHETIC),SYNTHETIC
R545,cost:P2,Youth & Teen Programs monthly cost,cost,2023-02,48292.84,,HISTORY (SYNTHETIC),SYNTHETIC
R546,cost:P2,Youth & Teen Programs monthly cost,cost,2023-03,47517.34,,HISTORY (SYNTHETIC),SYNTHETIC
R547,cost:P2,Youth & Teen Programs monthly cost,cost,2023-04,48507.93,,HISTORY (SYNTHETIC),SYNTHETIC
R548,cost:P2,Youth & Teen Programs monthly cost,cost,2023-05,49275.33,,HISTORY (SYNTHETIC),SYNTHETIC
R549,cost:P2,Youth & Teen Programs monthly cost,cost,2023-06,49185.24,,HISTORY (SYNTHETIC),SYNTHETIC
R550,cost:P2,Youth & Teen Programs monthly cost,cost,2023-07,47512.26,,HISTORY (SYNTHETIC),SYNTHETIC
R551,cost:P2,Youth & Teen Programs monthly cost,cost,2023-08,48219.38,,HISTORY (SYNTHETIC),SYNTHETIC
R552,cost:P2,Youth & Teen Programs monthly cost,cost,2023-09,49567.75,,HISTORY (SYNTHETIC),SYNTHETIC
R553,cost:P2,Youth & Teen Programs monthly cost,cost,2023-10,48909.38,,HISTORY (SYNTHETIC),SYNTHETIC
R554,cost:P2,Youth & Teen Programs monthly cost,cost,2023-11,49439.94,,HISTORY (SYNTHETIC),SYNTHETIC
R555,cost:P2,Youth & Teen Programs monthly cost,cost,2023-12,50276.85,,HISTORY (SYNTHETIC),SYNTHETIC
R556,cost:P2,Youth & Teen Programs monthly cost,cost,2024-01,48343.75,,HISTORY (SYNTHETIC),SYNTHETIC
R557,cost:P2,Youth & Teen Programs monthly cost,cost,2024-02,49860.0,,HISTORY (SYNTHETIC),SYNTHETIC
R558,cost:P2,Youth & Teen Programs monthly cost,cost,2024-03,49613.32,,HISTORY (SYNTHETIC),SYNTHETIC
R559,cost:P2,Youth & Teen Programs monthly cost,cost,2024-04,49417.3,,HISTORY (SYNTHETIC),SYNTHETIC
R560,cost:P2,Youth & Teen Programs monthly cost,cost,2024-05,50439.31,,HISTORY (SYNTHETIC),SYNTHETIC
R561,cost:P2,Youth & Teen Programs monthly cost,cost,2024-06,48496.54,,HISTORY (SYNTHETIC),SYNTHETIC
R562,cost:P2,Youth & Teen Programs monthly cost,cost,2024-07,51220.15,,HISTORY (SYNTHETIC),SYNTHETIC
R563,cost:P2,Youth & Teen Programs monthly cost,cost,2024-08,50001.75,,HISTORY (SYNTHETIC),SYNTHETIC
R564,cost:P2,Youth & Teen Programs monthly cost,cost,2024-09,50689.37,,HISTORY (SYNTHETIC),SYNTHETIC
R565,cost:P2,Youth & Teen Programs monthly cost,cost,2024-10,50573.6,,HISTORY (SYNTHETIC),SYNTHETIC
R566,cost:P2,Youth & Teen Programs monthly cost,cost,2024-11,50201.01,,HISTORY (SYNTHETIC),SYNTHETIC
R567,cost:P2,Youth & Teen Programs monthly cost,cost,2024-12,51606.88,,HISTORY (SYNTHETIC),SYNTHETIC
R568,cost:P2,Youth & Teen Programs monthly cost,cost,2025-01,49631.93,,HISTORY (SYNTHETIC),SYNTHETIC
R569,cost:P2,Youth & Teen Programs monthly cost,cost,2025-02,50632.61,,HISTORY (SYNTHETIC),SYNTHETIC
R570,cost:P2,Youth & Teen Programs monthly cost,cost,2025-03,51093.79,,HISTORY (SYNTHETIC),SYNTHETIC
R571,cost:P2,Youth & Teen Programs monthly cost,cost,2025-04,51598.28,,HISTORY (SYNTHETIC),SYNTHETIC
R572,cost:P2,Youth & Teen Programs monthly cost,cost,2025-05,52736.05,,HISTORY (SYNTHETIC),SYNTHETIC
R573,cost:P2,Youth & Teen Programs monthly cost,cost,2025-06,52138.78,,HISTORY (SYNTHETIC),SYNTHETIC
R574,cost:P2,Youth & Teen Programs monthly cost,cost,2025-07,53099.05,,HISTORY (SYNTHETIC),SYNTHETIC
R575,cost:P2,Youth & Teen Programs monthly cost,cost,2025-08,52215.13,,HISTORY (SYNTHETIC),SYNTHETIC
R576,cost:P2,Youth & Teen Programs monthly cost,cost,2025-09,50231.82,,HISTORY (SYNTHETIC),SYNTHETIC
R577,cost:P2,Youth & Teen Programs monthly cost,cost,2025-10,51398.51,,HISTORY (SYNTHETIC),SYNTHETIC
R578,cost:P2,Youth & Teen Programs monthly cost,cost,2025-11,52998.03,,HISTORY (SYNTHETIC),SYNTHETIC
R579,cost:P2,Youth & Teen Programs monthly cost,cost,2025-12,53339.09,,HISTORY (SYNTHETIC),SYNTHETIC
R580,cost:P2,Youth & Teen Programs monthly cost,cost,2026-01,52498.29,,HISTORY (SYNTHETIC),SYNTHETIC
R581,cost:P2,Youth & Teen Programs monthly cost,cost,2026-02,52072.4,,HISTORY (SYNTHETIC),SYNTHETIC
R582,cost:P2,Youth & Teen Programs monthly cost,cost,2026-03,52498.12,,HISTORY (SYNTHETIC),SYNTHETIC
R583,cost:P2,Youth & Teen Programs monthly cost,cost,2026-04,52401.43,,HISTORY (SYNTHETIC),SYNTHETIC
R584,cost:P2,Youth & Teen Programs monthly cost,cost,2026-05,52487.12,,HISTORY (SYNTHETIC),SYNTHETIC
R585,cost:P2,Youth & Teen Programs monthly cost,cost,2026-06,53848.98,,HISTORY (SYNTHETIC),SYNTHETIC
R586,cost:P2,Youth & Teen Programs monthly cost,cost,2026-07,51774.53,,HISTORY (SYNTHETIC),SYNTHETIC
R587,cost:P2,Youth & Teen Programs monthly cost,cost,2026-08,52963.16,,HISTORY (SYNTHETIC),SYNTHETIC
R588,cost:P2,Youth & Teen Programs monthly cost,cost,2026-09,53834.41,,HISTORY (SYNTHETIC),SYNTHETIC
R589,cost:P2,Youth & Teen Programs monthly cost,cost,2026-10,,53286.69,MODEL ESTIMATE,MODEL ESTIMATE
R590,cost:P2,Youth & Teen Programs monthly cost,cost,2026-11,,53862.9,MODEL ESTIMATE,MODEL ESTIMATE
R591,cost:P2,Youth & Teen Programs monthly cost,cost,2026-12,,54356.0,MODEL ESTIMATE,MODEL ESTIMATE
R592,cost:P2,Youth & Teen Programs monthly cost,cost,2027-01,,53395.32,MODEL ESTIMATE,MODEL ESTIMATE
R593,cost:P2,Youth & Teen Programs monthly cost,cost,2027-02,,53667.05,MODEL ESTIMATE,MODEL ESTIMATE
R594,cost:P2,Youth & Teen Programs monthly cost,cost,2027-03,,53633.23,MODEL ESTIMATE,MODEL ESTIMATE
R595,cost:P2,Youth & Teen Programs monthly cost,cost,2027-04,,53933.82,MODEL ESTIMATE,MODEL ESTIMATE
R596,cost:P2,Youth & Teen Programs monthly cost,cost,2027-05,,54687.04,MODEL ESTIMATE,MODEL ESTIMATE
R597,cost:P2,Youth & Teen Programs monthly cost,cost,2027-06,,54369.97,MODEL ESTIMATE,MODEL ESTIMATE
R598,cost:P2,Youth & Teen Programs monthly cost,cost,2027-07,,54354.08,MODEL ESTIMATE,MODEL ESTIMATE
R599,cost:P2,Youth & Teen Programs monthly cost,cost,2027-08,,54302.44,MODEL ESTIMATE,MODEL ESTIMATE
R600,cost:P2,Youth & Teen Programs monthly cost,cost,2027-09,,54533.42,MODEL ESTIMATE,MODEL ESTIMATE
R601,cost:P3,Senior Services monthly cost,cost,2022-10,37722.15,,HISTORY (SYNTHETIC),SYNTHETIC
R602,cost:P3,Senior Services monthly cost,cost,2022-11,38486.44,,HISTORY (SYNTHETIC),SYNTHETIC
R603,cost:P3,Senior Services monthly cost,cost,2022-12,37525.69,,HISTORY (SYNTHETIC),SYNTHETIC
R604,cost:P3,Senior Services monthly cost,cost,2023-01,35834.82,,HISTORY (SYNTHETIC),SYNTHETIC
R605,cost:P3,Senior Services monthly cost,cost,2023-02,37029.98,,HISTORY (SYNTHETIC),SYNTHETIC
R606,cost:P3,Senior Services monthly cost,cost,2023-03,37368.91,,HISTORY (SYNTHETIC),SYNTHETIC
R607,cost:P3,Senior Services monthly cost,cost,2023-04,38774.46,,HISTORY (SYNTHETIC),SYNTHETIC
R608,cost:P3,Senior Services monthly cost,cost,2023-05,38485.29,,HISTORY (SYNTHETIC),SYNTHETIC
R609,cost:P3,Senior Services monthly cost,cost,2023-06,38528.16,,HISTORY (SYNTHETIC),SYNTHETIC
R610,cost:P3,Senior Services monthly cost,cost,2023-07,37885.65,,HISTORY (SYNTHETIC),SYNTHETIC
R611,cost:P3,Senior Services monthly cost,cost,2023-08,38698.71,,HISTORY (SYNTHETIC),SYNTHETIC
R612,cost:P3,Senior Services monthly cost,cost,2023-09,39216.34,,HISTORY (SYNTHETIC),SYNTHETIC
R613,cost:P3,Senior Services monthly cost,cost,2023-10,38236.29,,HISTORY (SYNTHETIC),SYNTHETIC
R614,cost:P3,Senior Services monthly cost,cost,2023-11,38815.84,,HISTORY (SYNTHETIC),SYNTHETIC
R615,cost:P3,Senior Services monthly cost,cost,2023-12,36928.84,,HISTORY (SYNTHETIC),SYNTHETIC
R616,cost:P3,Senior Services monthly cost,cost,2024-01,38919.86,,HISTORY (SYNTHETIC),SYNTHETIC
R617,cost:P3,Senior Services monthly cost,cost,2024-02,38135.98,,HISTORY (SYNTHETIC),SYNTHETIC
R618,cost:P3,Senior Services monthly cost,cost,2024-03,38883.37,,HISTORY (SYNTHETIC),SYNTHETIC
R619,cost:P3,Senior Services monthly cost,cost,2024-04,39014.95,,HISTORY (SYNTHETIC),SYNTHETIC
R620,cost:P3,Senior Services monthly cost,cost,2024-05,39239.23,,HISTORY (SYNTHETIC),SYNTHETIC
R621,cost:P3,Senior Services monthly cost,cost,2024-06,38463.92,,HISTORY (SYNTHETIC),SYNTHETIC
R622,cost:P3,Senior Services monthly cost,cost,2024-07,39472.26,,HISTORY (SYNTHETIC),SYNTHETIC
R623,cost:P3,Senior Services monthly cost,cost,2024-08,39295.58,,HISTORY (SYNTHETIC),SYNTHETIC
R624,cost:P3,Senior Services monthly cost,cost,2024-09,39281.19,,HISTORY (SYNTHETIC),SYNTHETIC
R625,cost:P3,Senior Services monthly cost,cost,2024-10,40868.91,,HISTORY (SYNTHETIC),SYNTHETIC
R626,cost:P3,Senior Services monthly cost,cost,2024-11,39134.32,,HISTORY (SYNTHETIC),SYNTHETIC
R627,cost:P3,Senior Services monthly cost,cost,2024-12,38691.19,,HISTORY (SYNTHETIC),SYNTHETIC
R628,cost:P3,Senior Services monthly cost,cost,2025-01,39388.24,,HISTORY (SYNTHETIC),SYNTHETIC
R629,cost:P3,Senior Services monthly cost,cost,2025-02,40636.0,,HISTORY (SYNTHETIC),SYNTHETIC
R630,cost:P3,Senior Services monthly cost,cost,2025-03,39028.08,,HISTORY (SYNTHETIC),SYNTHETIC
R631,cost:P3,Senior Services monthly cost,cost,2025-04,41629.76,,HISTORY (SYNTHETIC),SYNTHETIC
R632,cost:P3,Senior Services monthly cost,cost,2025-05,40752.5,,HISTORY (SYNTHETIC),SYNTHETIC
R633,cost:P3,Senior Services monthly cost,cost,2025-06,39882.86,,HISTORY (SYNTHETIC),SYNTHETIC
R634,cost:P3,Senior Services monthly cost,cost,2025-07,40868.0,,HISTORY (SYNTHETIC),SYNTHETIC
R635,cost:P3,Senior Services monthly cost,cost,2025-08,41479.2,,HISTORY (SYNTHETIC),SYNTHETIC
R636,cost:P3,Senior Services monthly cost,cost,2025-09,40236.2,,HISTORY (SYNTHETIC),SYNTHETIC
R637,cost:P3,Senior Services monthly cost,cost,2025-10,39985.4,,HISTORY (SYNTHETIC),SYNTHETIC
R638,cost:P3,Senior Services monthly cost,cost,2025-11,40602.14,,HISTORY (SYNTHETIC),SYNTHETIC
R639,cost:P3,Senior Services monthly cost,cost,2025-12,40953.16,,HISTORY (SYNTHETIC),SYNTHETIC
R640,cost:P3,Senior Services monthly cost,cost,2026-01,40526.24,,HISTORY (SYNTHETIC),SYNTHETIC
R641,cost:P3,Senior Services monthly cost,cost,2026-02,40933.95,,HISTORY (SYNTHETIC),SYNTHETIC
R642,cost:P3,Senior Services monthly cost,cost,2026-03,40959.34,,HISTORY (SYNTHETIC),SYNTHETIC
R643,cost:P3,Senior Services monthly cost,cost,2026-04,41490.47,,HISTORY (SYNTHETIC),SYNTHETIC
R644,cost:P3,Senior Services monthly cost,cost,2026-05,41747.45,,HISTORY (SYNTHETIC),SYNTHETIC
R645,cost:P3,Senior Services monthly cost,cost,2026-06,42822.95,,HISTORY (SYNTHETIC),SYNTHETIC
R646,cost:P3,Senior Services monthly cost,cost,2026-07,41936.05,,HISTORY (SYNTHETIC),SYNTHETIC
R647,cost:P3,Senior Services monthly cost,cost,2026-08,41112.89,,HISTORY (SYNTHETIC),SYNTHETIC
R648,cost:P3,Senior Services monthly cost,cost,2026-09,41898.1,,HISTORY (SYNTHETIC),SYNTHETIC
R649,cost:P3,Senior Services monthly cost,cost,2026-10,,42039.49,MODEL ESTIMATE,MODEL ESTIMATE
R650,cost:P3,Senior Services monthly cost,cost,2026-11,,42095.99,MODEL ESTIMATE,MODEL ESTIMATE
R651,cost:P3,Senior Services monthly cost,cost,2026-12,,41361.02,MODEL ESTIMATE,MODEL ESTIMATE
R652,cost:P3,Senior Services monthly cost,cost,2027-01,,41503.59,MODEL ESTIMATE,MODEL ESTIMATE
R653,cost:P3,Senior Services monthly cost,cost,2027-02,,42020.28,MODEL ESTIMATE,MODEL ESTIMATE
R654,cost:P3,Senior Services monthly cost,cost,2027-03,,41896.23,MODEL ESTIMATE,MODEL ESTIMATE
R655,cost:P3,Senior Services monthly cost,cost,2027-04,,43063.71,MODEL ESTIMATE,MODEL ESTIMATE
R656,cost:P3,Senior Services monthly cost,cost,2027-05,,42892.42,MODEL ESTIMATE,MODEL ESTIMATE
R657,cost:P3,Senior Services monthly cost,cost,2027-06,,42760.78,MODEL ESTIMATE,MODEL ESTIMATE
R658,cost:P3,Senior Services monthly cost,cost,2027-07,,42876.79,MODEL ESTIMATE,MODEL ESTIMATE
R659,cost:P3,Senior Services monthly cost,cost,2027-08,,42982.9,MODEL ESTIMATE,MODEL ESTIMATE
R660,cost:P3,Senior Services monthly cost,cost,2027-09,,42994.26,MODEL ESTIMATE,MODEL ESTIMATE
R661,cost:P4,Fitness & Wellness monthly cost,cost,2022-10,68882.69,,HISTORY (SYNTHETIC),SYNTHETIC
R662,cost:P4,Fitness & Wellness monthly cost,cost,2022-11,69638.71,,HISTORY (SYNTHETIC),SYNTHETIC
R663,cost:P4,Fitness & Wellness monthly cost,cost,2022-12,73584.74,,HISTORY (SYNTHETIC),SYNTHETIC
R664,cost:P4,Fitness & Wellness monthly cost,cost,2023-01,70049.85,,HISTORY (SYNTHETIC),SYNTHETIC
R665,cost:P4,Fitness & Wellness monthly cost,cost,2023-02,71656.97,,HISTORY (SYNTHETIC),SYNTHETIC
R666,cost:P4,Fitness & Wellness monthly cost,cost,2023-03,72704.73,,HISTORY (SYNTHETIC),SYNTHETIC
R667,cost:P4,Fitness & Wellness monthly cost,cost,2023-04,74187.26,,HISTORY (SYNTHETIC),SYNTHETIC
R668,cost:P4,Fitness & Wellness monthly cost,cost,2023-05,74208.92,,HISTORY (SYNTHETIC),SYNTHETIC
R669,cost:P4,Fitness & Wellness monthly cost,cost,2023-06,71821.02,,HISTORY (SYNTHETIC),SYNTHETIC
R670,cost:P4,Fitness & Wellness monthly cost,cost,2023-07,74834.84,,HISTORY (SYNTHETIC),SYNTHETIC
R671,cost:P4,Fitness & Wellness monthly cost,cost,2023-08,74253.81,,HISTORY (SYNTHETIC),SYNTHETIC
R672,cost:P4,Fitness & Wellness monthly cost,cost,2023-09,71494.2,,HISTORY (SYNTHETIC),SYNTHETIC
R673,cost:P4,Fitness & Wellness monthly cost,cost,2023-10,72352.45,,HISTORY (SYNTHETIC),SYNTHETIC
R674,cost:P4,Fitness & Wellness monthly cost,cost,2023-11,74844.73,,HISTORY (SYNTHETIC),SYNTHETIC
R675,cost:P4,Fitness & Wellness monthly cost,cost,2023-12,71614.9,,HISTORY (SYNTHETIC),SYNTHETIC
R676,cost:P4,Fitness & Wellness monthly cost,cost,2024-01,74944.58,,HISTORY (SYNTHETIC),SYNTHETIC
R677,cost:P4,Fitness & Wellness monthly cost,cost,2024-02,73948.02,,HISTORY (SYNTHETIC),SYNTHETIC
R678,cost:P4,Fitness & Wellness monthly cost,cost,2024-03,72541.61,,HISTORY (SYNTHETIC),SYNTHETIC
R679,cost:P4,Fitness & Wellness monthly cost,cost,2024-04,73178.92,,HISTORY (SYNTHETIC),SYNTHETIC
R680,cost:P4,Fitness & Wellness monthly cost,cost,2024-05,75458.89,,HISTORY (SYNTHETIC),SYNTHETIC
R681,cost:P4,Fitness & Wellness monthly cost,cost,2024-06,72868.79,,HISTORY (SYNTHETIC),SYNTHETIC
R682,cost:P4,Fitness & Wellness monthly cost,cost,2024-07,75763.68,,HISTORY (SYNTHETIC),SYNTHETIC
R683,cost:P4,Fitness & Wellness monthly cost,cost,2024-08,75869.89,,HISTORY (SYNTHETIC),SYNTHETIC
R684,cost:P4,Fitness & Wellness monthly cost,cost,2024-09,75452.59,,HISTORY (SYNTHETIC),SYNTHETIC
R685,cost:P4,Fitness & Wellness monthly cost,cost,2024-10,76278.98,,HISTORY (SYNTHETIC),SYNTHETIC
R686,cost:P4,Fitness & Wellness monthly cost,cost,2024-11,76562.28,,HISTORY (SYNTHETIC),SYNTHETIC
R687,cost:P4,Fitness & Wellness monthly cost,cost,2024-12,75769.25,,HISTORY (SYNTHETIC),SYNTHETIC
R688,cost:P4,Fitness & Wellness monthly cost,cost,2025-01,74752.91,,HISTORY (SYNTHETIC),SYNTHETIC
R689,cost:P4,Fitness & Wellness monthly cost,cost,2025-02,78201.6,,HISTORY (SYNTHETIC),SYNTHETIC
R690,cost:P4,Fitness & Wellness monthly cost,cost,2025-03,76470.54,,HISTORY (SYNTHETIC),SYNTHETIC
R691,cost:P4,Fitness & Wellness monthly cost,cost,2025-04,76162.73,,HISTORY (SYNTHETIC),SYNTHETIC
R692,cost:P4,Fitness & Wellness monthly cost,cost,2025-05,73973.08,,HISTORY (SYNTHETIC),SYNTHETIC
R693,cost:P4,Fitness & Wellness monthly cost,cost,2025-06,76822.05,,HISTORY (SYNTHETIC),SYNTHETIC
R694,cost:P4,Fitness & Wellness monthly cost,cost,2025-07,77297.38,,HISTORY (SYNTHETIC),SYNTHETIC
R695,cost:P4,Fitness & Wellness monthly cost,cost,2025-08,77289.56,,HISTORY (SYNTHETIC),SYNTHETIC
R696,cost:P4,Fitness & Wellness monthly cost,cost,2025-09,75035.26,,HISTORY (SYNTHETIC),SYNTHETIC
R697,cost:P4,Fitness & Wellness monthly cost,cost,2025-10,73680.27,,HISTORY (SYNTHETIC),SYNTHETIC
R698,cost:P4,Fitness & Wellness monthly cost,cost,2025-11,76122.13,,HISTORY (SYNTHETIC),SYNTHETIC
R699,cost:P4,Fitness & Wellness monthly cost,cost,2025-12,77114.08,,HISTORY (SYNTHETIC),SYNTHETIC
R700,cost:P4,Fitness & Wellness monthly cost,cost,2026-01,77365.34,,HISTORY (SYNTHETIC),SYNTHETIC
R701,cost:P4,Fitness & Wellness monthly cost,cost,2026-02,73143.33,,HISTORY (SYNTHETIC),SYNTHETIC
R702,cost:P4,Fitness & Wellness monthly cost,cost,2026-03,79999.09,,HISTORY (SYNTHETIC),SYNTHETIC
R703,cost:P4,Fitness & Wellness monthly cost,cost,2026-04,79890.15,,HISTORY (SYNTHETIC),SYNTHETIC
R704,cost:P4,Fitness & Wellness monthly cost,cost,2026-05,79309.68,,HISTORY (SYNTHETIC),SYNTHETIC
R705,cost:P4,Fitness & Wellness monthly cost,cost,2026-06,78565.78,,HISTORY (SYNTHETIC),SYNTHETIC
R706,cost:P4,Fitness & Wellness monthly cost,cost,2026-07,77700.19,,HISTORY (SYNTHETIC),SYNTHETIC
R707,cost:P4,Fitness & Wellness monthly cost,cost,2026-08,79996.47,,HISTORY (SYNTHETIC),SYNTHETIC
R708,cost:P4,Fitness & Wellness monthly cost,cost,2026-09,80827.98,,HISTORY (SYNTHETIC),SYNTHETIC
R709,cost:P4,Fitness & Wellness monthly cost,cost,2026-10,,77485.41,MODEL ESTIMATE,MODEL ESTIMATE
R710,cost:P4,Fitness & Wellness monthly cost,cost,2026-11,,78978.77,MODEL ESTIMATE,MODEL ESTIMATE
R711,cost:P4,Fitness & Wellness monthly cost,cost,2026-12,,79207.55,MODEL ESTIMATE,MODEL ESTIMATE
R712,cost:P4,Fitness & Wellness monthly cost,cost,2027-01,,78964.98,MODEL ESTIMATE,MODEL ESTIMATE
R713,cost:P4,Fitness & Wellness monthly cost,cost,2027-02,,78924.29,MODEL ESTIMATE,MODEL ESTIMATE
R714,cost:P4,Fitness & Wellness monthly cost,cost,2027-03,,80115.8,MODEL ESTIMATE,MODEL ESTIMATE
R715,cost:P4,Fitness & Wellness monthly cost,cost,2027-04,,80541.57,MODEL ESTIMATE,MODEL ESTIMATE
R716,cost:P4,Fitness & Wellness monthly cost,cost,2027-05,,80424.45,MODEL ESTIMATE,MODEL ESTIMATE
R717,cost:P4,Fitness & Wellness monthly cost,cost,2027-06,,79706.22,MODEL ESTIMATE,MODEL ESTIMATE
R718,cost:P4,Fitness & Wellness monthly cost,cost,2027-07,,81085.83,MODEL ESTIMATE,MODEL ESTIMATE
R719,cost:P4,Fitness & Wellness monthly cost,cost,2027-08,,81539.24,MODEL ESTIMATE,MODEL ESTIMATE
R720,cost:P4,Fitness & Wellness monthly cost,cost,2027-09,,80389.32,MODEL ESTIMATE,MODEL ESTIMATE
R721,cost:P5,Cultural Arts monthly cost,cost,2022-10,31006.14,,HISTORY (SYNTHETIC),SYNTHETIC
R722,cost:P5,Cultural Arts monthly cost,cost,2022-11,31259.74,,HISTORY (SYNTHETIC),SYNTHETIC
R723,cost:P5,Cultural Arts monthly cost,cost,2022-12,30966.63,,HISTORY (SYNTHETIC),SYNTHETIC
R724,cost:P5,Cultural Arts monthly cost,cost,2023-01,32189.09,,HISTORY (SYNTHETIC),SYNTHETIC
R725,cost:P5,Cultural Arts monthly cost,cost,2023-02,31440.16,,HISTORY (SYNTHETIC),SYNTHETIC
R726,cost:P5,Cultural Arts monthly cost,cost,2023-03,30685.5,,HISTORY (SYNTHETIC),SYNTHETIC
R727,cost:P5,Cultural Arts monthly cost,cost,2023-04,32581.01,,HISTORY (SYNTHETIC),SYNTHETIC
R728,cost:P5,Cultural Arts monthly cost,cost,2023-05,31916.93,,HISTORY (SYNTHETIC),SYNTHETIC
R729,cost:P5,Cultural Arts monthly cost,cost,2023-06,31781.98,,HISTORY (SYNTHETIC),SYNTHETIC
R730,cost:P5,Cultural Arts monthly cost,cost,2023-07,31901.83,,HISTORY (SYNTHETIC),SYNTHETIC
R731,cost:P5,Cultural Arts monthly cost,cost,2023-08,31607.58,,HISTORY (SYNTHETIC),SYNTHETIC
R732,cost:P5,Cultural Arts monthly cost,cost,2023-09,32765.68,,HISTORY (SYNTHETIC),SYNTHETIC
R733,cost:P5,Cultural Arts monthly cost,cost,2023-10,32489.72,,HISTORY (SYNTHETIC),SYNTHETIC
R734,cost:P5,Cultural Arts monthly cost,cost,2023-11,31492.27,,HISTORY (SYNTHETIC),SYNTHETIC
R735,cost:P5,Cultural Arts monthly cost,cost,2023-12,33355.9,,HISTORY (SYNTHETIC),SYNTHETIC
R736,cost:P5,Cultural Arts monthly cost,cost,2024-01,32567.89,,HISTORY (SYNTHETIC),SYNTHETIC
R737,cost:P5,Cultural Arts monthly cost,cost,2024-02,33634.43,,HISTORY (SYNTHETIC),SYNTHETIC
R738,cost:P5,Cultural Arts monthly cost,cost,2024-03,32238.29,,HISTORY (SYNTHETIC),SYNTHETIC
R739,cost:P5,Cultural Arts monthly cost,cost,2024-04,32947.67,,HISTORY (SYNTHETIC),SYNTHETIC
R740,cost:P5,Cultural Arts monthly cost,cost,2024-05,32909.06,,HISTORY (SYNTHETIC),SYNTHETIC
R741,cost:P5,Cultural Arts monthly cost,cost,2024-06,33088.53,,HISTORY (SYNTHETIC),SYNTHETIC
R742,cost:P5,Cultural Arts monthly cost,cost,2024-07,33131.42,,HISTORY (SYNTHETIC),SYNTHETIC
R743,cost:P5,Cultural Arts monthly cost,cost,2024-08,32973.48,,HISTORY (SYNTHETIC),SYNTHETIC
R744,cost:P5,Cultural Arts monthly cost,cost,2024-09,32998.13,,HISTORY (SYNTHETIC),SYNTHETIC
R745,cost:P5,Cultural Arts monthly cost,cost,2024-10,33781.38,,HISTORY (SYNTHETIC),SYNTHETIC
R746,cost:P5,Cultural Arts monthly cost,cost,2024-11,32292.55,,HISTORY (SYNTHETIC),SYNTHETIC
R747,cost:P5,Cultural Arts monthly cost,cost,2024-12,32485.03,,HISTORY (SYNTHETIC),SYNTHETIC
R748,cost:P5,Cultural Arts monthly cost,cost,2025-01,34130.2,,HISTORY (SYNTHETIC),SYNTHETIC
R749,cost:P5,Cultural Arts monthly cost,cost,2025-02,34268.42,,HISTORY (SYNTHETIC),SYNTHETIC
R750,cost:P5,Cultural Arts monthly cost,cost,2025-03,33977.22,,HISTORY (SYNTHETIC),SYNTHETIC
R751,cost:P5,Cultural Arts monthly cost,cost,2025-04,34774.26,,HISTORY (SYNTHETIC),SYNTHETIC
R752,cost:P5,Cultural Arts monthly cost,cost,2025-05,34839.14,,HISTORY (SYNTHETIC),SYNTHETIC
R753,cost:P5,Cultural Arts monthly cost,cost,2025-06,33977.65,,HISTORY (SYNTHETIC),SYNTHETIC
R754,cost:P5,Cultural Arts monthly cost,cost,2025-07,34283.93,,HISTORY (SYNTHETIC),SYNTHETIC
R755,cost:P5,Cultural Arts monthly cost,cost,2025-08,34069.15,,HISTORY (SYNTHETIC),SYNTHETIC
R756,cost:P5,Cultural Arts monthly cost,cost,2025-09,35041.75,,HISTORY (SYNTHETIC),SYNTHETIC
R757,cost:P5,Cultural Arts monthly cost,cost,2025-10,34842.97,,HISTORY (SYNTHETIC),SYNTHETIC
R758,cost:P5,Cultural Arts monthly cost,cost,2025-11,34630.62,,HISTORY (SYNTHETIC),SYNTHETIC
R759,cost:P5,Cultural Arts monthly cost,cost,2025-12,33847.11,,HISTORY (SYNTHETIC),SYNTHETIC
R760,cost:P5,Cultural Arts monthly cost,cost,2026-01,34167.36,,HISTORY (SYNTHETIC),SYNTHETIC
R761,cost:P5,Cultural Arts monthly cost,cost,2026-02,34687.23,,HISTORY (SYNTHETIC),SYNTHETIC
R762,cost:P5,Cultural Arts monthly cost,cost,2026-03,34719.45,,HISTORY (SYNTHETIC),SYNTHETIC
R763,cost:P5,Cultural Arts monthly cost,cost,2026-04,34597.21,,HISTORY (SYNTHETIC),SYNTHETIC
R764,cost:P5,Cultural Arts monthly cost,cost,2026-05,35637.87,,HISTORY (SYNTHETIC),SYNTHETIC
R765,cost:P5,Cultural Arts monthly cost,cost,2026-06,34144.33,,HISTORY (SYNTHETIC),SYNTHETIC
R766,cost:P5,Cultural Arts monthly cost,cost,2026-07,34254.71,,HISTORY (SYNTHETIC),SYNTHETIC
R767,cost:P5,Cultural Arts monthly cost,cost,2026-08,35863.32,,HISTORY (SYNTHETIC),SYNTHETIC
R768,cost:P5,Cultural Arts monthly cost,cost,2026-09,34835.31,,HISTORY (SYNTHETIC),SYNTHETIC
R769,cost:P5,Cultural Arts monthly cost,cost,2026-10,,35581.5,MODEL ESTIMATE,MODEL ESTIMATE
R770,cost:P5,Cultural Arts monthly cost,cost,2026-11,,34970.24,MODEL ESTIMATE,MODEL ESTIMATE
R771,cost:P5,Cultural Arts monthly cost,cost,2026-12,,35215.12,MODEL ESTIMATE,MODEL ESTIMATE
R772,cost:P5,Cultural Arts monthly cost,cost,2027-01,,35815.08,MODEL ESTIMATE,MODEL ESTIMATE
R773,cost:P5,Cultural Arts monthly cost,cost,2027-02,,36059.01,MODEL ESTIMATE,MODEL ESTIMATE
R774,cost:P5,Cultural Arts monthly cost,cost,2027-03,,35456.56,MODEL ESTIMATE,MODEL ESTIMATE
R775,cost:P5,Cultural Arts monthly cost,cost,2027-04,,36276.49,MODEL ESTIMATE,MODEL ESTIMATE
R776,cost:P5,Cultural Arts monthly cost,cost,2027-05,,36377.2,MODEL ESTIMATE,MODEL ESTIMATE
R777,cost:P5,Cultural Arts monthly cost,cost,2027-06,,35799.57,MODEL ESTIMATE,MODEL ESTIMATE
R778,cost:P5,Cultural Arts monthly cost,cost,2027-07,,35944.42,MODEL ESTIMATE,MODEL ESTIMATE
R779,cost:P5,Cultural Arts monthly cost,cost,2027-08,,36179.83,MODEL ESTIMATE,MODEL ESTIMATE
R780,cost:P5,Cultural Arts monthly cost,cost,2027-09,,36461.67,MODEL ESTIMATE,MODEL ESTIMATE
R781,cost:P6,Community Events monthly cost,cost,2022-10,28953.51,,HISTORY (SYNTHETIC),SYNTHETIC
R782,cost:P6,Community Events monthly cost,cost,2022-11,28452.8,,HISTORY (SYNTHETIC),SYNTHETIC
R783,cost:P6,Community Events monthly cost,cost,2022-12,30083.15,,HISTORY (SYNTHETIC),SYNTHETIC
R784,cost:P6,Community Events monthly cost,cost,2023-01,28214.82,,HISTORY (SYNTHETIC),SYNTHETIC
R785,cost:P6,Community Events monthly cost,cost,2023-02,29080.5,,HISTORY (SYNTHETIC),SYNTHETIC
R786,cost:P6,Community Events monthly cost,cost,2023-03,28036.17,,HISTORY (SYNTHETIC),SYNTHETIC
R787,cost:P6,Community Events monthly cost,cost,2023-04,29255.8,,HISTORY (SYNTHETIC),SYNTHETIC
R788,cost:P6,Community Events monthly cost,cost,2023-05,30202.12,,HISTORY (SYNTHETIC),SYNTHETIC
R789,cost:P6,Community Events monthly cost,cost,2023-06,29266.23,,HISTORY (SYNTHETIC),SYNTHETIC
R790,cost:P6,Community Events monthly cost,cost,2023-07,30192.34,,HISTORY (SYNTHETIC),SYNTHETIC
R791,cost:P6,Community Events monthly cost,cost,2023-08,28949.31,,HISTORY (SYNTHETIC),SYNTHETIC
R792,cost:P6,Community Events monthly cost,cost,2023-09,29987.6,,HISTORY (SYNTHETIC),SYNTHETIC
R793,cost:P6,Community Events monthly cost,cost,2023-10,28834.26,,HISTORY (SYNTHETIC),SYNTHETIC
R794,cost:P6,Community Events monthly cost,cost,2023-11,29198.83,,HISTORY (SYNTHETIC),SYNTHETIC
R795,cost:P6,Community Events monthly cost,cost,2023-12,29652.62,,HISTORY (SYNTHETIC),SYNTHETIC
R796,cost:P6,Community Events monthly cost,cost,2024-01,29163.2,,HISTORY (SYNTHETIC),SYNTHETIC
R797,cost:P6,Community Events monthly cost,cost,2024-02,29355.27,,HISTORY (SYNTHETIC),SYNTHETIC
R798,cost:P6,Community Events monthly cost,cost,2024-03,29855.07,,HISTORY (SYNTHETIC),SYNTHETIC
R799,cost:P6,Community Events monthly cost,cost,2024-04,30998.91,,HISTORY (SYNTHETIC),SYNTHETIC
R800,cost:P6,Community Events monthly cost,cost,2024-05,29503.49,,HISTORY (SYNTHETIC),SYNTHETIC
R801,cost:P6,Community Events monthly cost,cost,2024-06,29778.95,,HISTORY (SYNTHETIC),SYNTHETIC
R802,cost:P6,Community Events monthly cost,cost,2024-07,30261.91,,HISTORY (SYNTHETIC),SYNTHETIC
R803,cost:P6,Community Events monthly cost,cost,2024-08,28956.87,,HISTORY (SYNTHETIC),SYNTHETIC
R804,cost:P6,Community Events monthly cost,cost,2024-09,31028.43,,HISTORY (SYNTHETIC),SYNTHETIC
R805,cost:P6,Community Events monthly cost,cost,2024-10,30718.94,,HISTORY (SYNTHETIC),SYNTHETIC
R806,cost:P6,Community Events monthly cost,cost,2024-11,30553.83,,HISTORY (SYNTHETIC),SYNTHETIC
R807,cost:P6,Community Events monthly cost,cost,2024-12,30129.07,,HISTORY (SYNTHETIC),SYNTHETIC
R808,cost:P6,Community Events monthly cost,cost,2025-01,30696.47,,HISTORY (SYNTHETIC),SYNTHETIC
R809,cost:P6,Community Events monthly cost,cost,2025-02,30141.77,,HISTORY (SYNTHETIC),SYNTHETIC
R810,cost:P6,Community Events monthly cost,cost,2025-03,29234.69,,HISTORY (SYNTHETIC),SYNTHETIC
R811,cost:P6,Community Events monthly cost,cost,2025-04,31397.5,,HISTORY (SYNTHETIC),SYNTHETIC
R812,cost:P6,Community Events monthly cost,cost,2025-05,29978.17,,HISTORY (SYNTHETIC),SYNTHETIC
R813,cost:P6,Community Events monthly cost,cost,2025-06,29995.7,,HISTORY (SYNTHETIC),SYNTHETIC
R814,cost:P6,Community Events monthly cost,cost,2025-07,31655.85,,HISTORY (SYNTHETIC),SYNTHETIC
R815,cost:P6,Community Events monthly cost,cost,2025-08,30493.77,,HISTORY (SYNTHETIC),SYNTHETIC
R816,cost:P6,Community Events monthly cost,cost,2025-09,30308.4,,HISTORY (SYNTHETIC),SYNTHETIC
R817,cost:P6,Community Events monthly cost,cost,2025-10,31098.71,,HISTORY (SYNTHETIC),SYNTHETIC
R818,cost:P6,Community Events monthly cost,cost,2025-11,30700.96,,HISTORY (SYNTHETIC),SYNTHETIC
R819,cost:P6,Community Events monthly cost,cost,2025-12,30898.85,,HISTORY (SYNTHETIC),SYNTHETIC
R820,cost:P6,Community Events monthly cost,cost,2026-01,29990.08,,HISTORY (SYNTHETIC),SYNTHETIC
R821,cost:P6,Community Events monthly cost,cost,2026-02,31689.53,,HISTORY (SYNTHETIC),SYNTHETIC
R822,cost:P6,Community Events monthly cost,cost,2026-03,32204.41,,HISTORY (SYNTHETIC),SYNTHETIC
R823,cost:P6,Community Events monthly cost,cost,2026-04,31944.2,,HISTORY (SYNTHETIC),SYNTHETIC
R824,cost:P6,Community Events monthly cost,cost,2026-05,31774.14,,HISTORY (SYNTHETIC),SYNTHETIC
R825,cost:P6,Community Events monthly cost,cost,2026-06,31399.45,,HISTORY (SYNTHETIC),SYNTHETIC
R826,cost:P6,Community Events monthly cost,cost,2026-07,30888.54,,HISTORY (SYNTHETIC),SYNTHETIC
R827,cost:P6,Community Events monthly cost,cost,2026-08,32266.19,,HISTORY (SYNTHETIC),SYNTHETIC
R828,cost:P6,Community Events monthly cost,cost,2026-09,32215.14,,HISTORY (SYNTHETIC),SYNTHETIC
R829,cost:P6,Community Events monthly cost,cost,2026-10,,31732.69,MODEL ESTIMATE,MODEL ESTIMATE
R830,cost:P6,Community Events monthly cost,cost,2026-11,,31557.94,MODEL ESTIMATE,MODEL ESTIMATE
R831,cost:P6,Community Events monthly cost,cost,2026-12,,32022.25,MODEL ESTIMATE,MODEL ESTIMATE
R832,cost:P6,Community Events monthly cost,cost,2027-01,,31347.47,MODEL ESTIMATE,MODEL ESTIMATE
R833,cost:P6,Community Events monthly cost,cost,2027-02,,31898.1,MODEL ESTIMATE,MODEL ESTIMATE
R834,cost:P6,Community Events monthly cost,cost,2027-03,,31663.92,MODEL ESTIMATE,MODEL ESTIMATE
R835,cost:P6,Community Events monthly cost,cost,2027-04,,32730.43,MODEL ESTIMATE,MODEL ESTIMATE
R836,cost:P6,Community Events monthly cost,cost,2027-05,,32195.81,MODEL ESTIMATE,MODEL ESTIMATE
R837,cost:P6,Community Events monthly cost,cost,2027-06,,31941.41,MODEL ESTIMATE,MODEL ESTIMATE
R838,cost:P6,Community Events monthly cost,cost,2027-07,,32580.99,MODEL ESTIMATE,MODEL ESTIMATE
R839,cost:P6,Community Events monthly cost,cost,2027-08,,31997.87,MODEL ESTIMATE,MODEL ESTIMATE
R840,cost:P6,Community Events monthly cost,cost,2027-09,,32716.22,MODEL ESTIMATE,MODEL ESTIMATE
R841,cost:P7,Family Services monthly cost,cost,2022-10,45303.89,,HISTORY (SYNTHETIC),SYNTHETIC
R842,cost:P7,Family Services monthly cost,cost,2022-11,44708.2,,HISTORY (SYNTHETIC),SYNTHETIC
R843,cost:P7,Family Services monthly cost,cost,2022-12,47636.7,,HISTORY (SYNTHETIC),SYNTHETIC
R844,cost:P7,Family Services monthly cost,cost,2023-01,43892.2,,HISTORY (SYNTHETIC),SYNTHETIC
R845,cost:P7,Family Services monthly cost,cost,2023-02,47328.6,,HISTORY (SYNTHETIC),SYNTHETIC
R846,cost:P7,Family Services monthly cost,cost,2023-03,47039.89,,HISTORY (SYNTHETIC),SYNTHETIC
R847,cost:P7,Family Services monthly cost,cost,2023-04,46852.5,,HISTORY (SYNTHETIC),SYNTHETIC
R848,cost:P7,Family Services monthly cost,cost,2023-05,46394.32,,HISTORY (SYNTHETIC),SYNTHETIC
R849,cost:P7,Family Services monthly cost,cost,2023-06,48182.28,,HISTORY (SYNTHETIC),SYNTHETIC
R850,cost:P7,Family Services monthly cost,cost,2023-07,47382.76,,HISTORY (SYNTHETIC),SYNTHETIC
R851,cost:P7,Family Services monthly cost,cost,2023-08,47212.81,,HISTORY (SYNTHETIC),SYNTHETIC
R852,cost:P7,Family Services monthly cost,cost,2023-09,46463.66,,HISTORY (SYNTHETIC),SYNTHETIC
R853,cost:P7,Family Services monthly cost,cost,2023-10,49068.04,,HISTORY (SYNTHETIC),SYNTHETIC
R854,cost:P7,Family Services monthly cost,cost,2023-11,46973.82,,HISTORY (SYNTHETIC),SYNTHETIC
R855,cost:P7,Family Services monthly cost,cost,2023-12,45509.46,,HISTORY (SYNTHETIC),SYNTHETIC
R856,cost:P7,Family Services monthly cost,cost,2024-01,48586.71,,HISTORY (SYNTHETIC),SYNTHETIC
R857,cost:P7,Family Services monthly cost,cost,2024-02,46747.04,,HISTORY (SYNTHETIC),SYNTHETIC
R858,cost:P7,Family Services monthly cost,cost,2024-03,48046.21,,HISTORY (SYNTHETIC),SYNTHETIC
R859,cost:P7,Family Services monthly cost,cost,2024-04,48342.73,,HISTORY (SYNTHETIC),SYNTHETIC
R860,cost:P7,Family Services monthly cost,cost,2024-05,46637.91,,HISTORY (SYNTHETIC),SYNTHETIC
R861,cost:P7,Family Services monthly cost,cost,2024-06,46107.73,,HISTORY (SYNTHETIC),SYNTHETIC
R862,cost:P7,Family Services monthly cost,cost,2024-07,48718.93,,HISTORY (SYNTHETIC),SYNTHETIC
R863,cost:P7,Family Services monthly cost,cost,2024-08,48965.12,,HISTORY (SYNTHETIC),SYNTHETIC
R864,cost:P7,Family Services monthly cost,cost,2024-09,49066.09,,HISTORY (SYNTHETIC),SYNTHETIC
R865,cost:P7,Family Services monthly cost,cost,2024-10,48174.02,,HISTORY (SYNTHETIC),SYNTHETIC
R866,cost:P7,Family Services monthly cost,cost,2024-11,48862.78,,HISTORY (SYNTHETIC),SYNTHETIC
R867,cost:P7,Family Services monthly cost,cost,2024-12,49183.41,,HISTORY (SYNTHETIC),SYNTHETIC
R868,cost:P7,Family Services monthly cost,cost,2025-01,47268.13,,HISTORY (SYNTHETIC),SYNTHETIC
R869,cost:P7,Family Services monthly cost,cost,2025-02,48481.12,,HISTORY (SYNTHETIC),SYNTHETIC
R870,cost:P7,Family Services monthly cost,cost,2025-03,48444.58,,HISTORY (SYNTHETIC),SYNTHETIC
R871,cost:P7,Family Services monthly cost,cost,2025-04,49516.95,,HISTORY (SYNTHETIC),SYNTHETIC
R872,cost:P7,Family Services monthly cost,cost,2025-05,47000.97,,HISTORY (SYNTHETIC),SYNTHETIC
R873,cost:P7,Family Services monthly cost,cost,2025-06,51393.74,,HISTORY (SYNTHETIC),SYNTHETIC
R874,cost:P7,Family Services monthly cost,cost,2025-07,50616.54,,HISTORY (SYNTHETIC),SYNTHETIC
R875,cost:P7,Family Services monthly cost,cost,2025-08,50314.69,,HISTORY (SYNTHETIC),SYNTHETIC
R876,cost:P7,Family Services monthly cost,cost,2025-09,50339.54,,HISTORY (SYNTHETIC),SYNTHETIC
R877,cost:P7,Family Services monthly cost,cost,2025-10,49869.52,,HISTORY (SYNTHETIC),SYNTHETIC
R878,cost:P7,Family Services monthly cost,cost,2025-11,50905.61,,HISTORY (SYNTHETIC),SYNTHETIC
R879,cost:P7,Family Services monthly cost,cost,2025-12,51134.36,,HISTORY (SYNTHETIC),SYNTHETIC
R880,cost:P7,Family Services monthly cost,cost,2026-01,50043.41,,HISTORY (SYNTHETIC),SYNTHETIC
R881,cost:P7,Family Services monthly cost,cost,2026-02,49720.6,,HISTORY (SYNTHETIC),SYNTHETIC
R882,cost:P7,Family Services monthly cost,cost,2026-03,48899.23,,HISTORY (SYNTHETIC),SYNTHETIC
R883,cost:P7,Family Services monthly cost,cost,2026-04,52029.31,,HISTORY (SYNTHETIC),SYNTHETIC
R884,cost:P7,Family Services monthly cost,cost,2026-05,49128.8,,HISTORY (SYNTHETIC),SYNTHETIC
R885,cost:P7,Family Services monthly cost,cost,2026-06,53054.35,,HISTORY (SYNTHETIC),SYNTHETIC
R886,cost:P7,Family Services monthly cost,cost,2026-07,47941.71,,HISTORY (SYNTHETIC),SYNTHETIC
R887,cost:P7,Family Services monthly cost,cost,2026-08,50825.18,,HISTORY (SYNTHETIC),SYNTHETIC
R888,cost:P7,Family Services monthly cost,cost,2026-09,51129.58,,HISTORY (SYNTHETIC),SYNTHETIC
R889,cost:P7,Family Services monthly cost,cost,2026-10,,51347.16,MODEL ESTIMATE,MODEL ESTIMATE
R890,cost:P7,Family Services monthly cost,cost,2026-11,,51105.9,MODEL ESTIMATE,MODEL ESTIMATE
R891,cost:P7,Family Services monthly cost,cost,2026-12,,51609.28,MODEL ESTIMATE,MODEL ESTIMATE
R892,cost:P7,Family Services monthly cost,cost,2027-01,,50690.91,MODEL ESTIMATE,MODEL ESTIMATE
R893,cost:P7,Family Services monthly cost,cost,2027-02,,51312.64,MODEL ESTIMATE,MODEL ESTIMATE
R894,cost:P7,Family Services monthly cost,cost,2027-03,,51350.77,MODEL ESTIMATE,MODEL ESTIMATE
R895,cost:P7,Family Services monthly cost,cost,2027-04,,52428.67,MODEL ESTIMATE,MODEL ESTIMATE
R896,cost:P7,Family Services monthly cost,cost,2027-05,,50533.8,MODEL ESTIMATE,MODEL ESTIMATE
R897,cost:P7,Family Services monthly cost,cost,2027-06,,52927.82,MODEL ESTIMATE,MODEL ESTIMATE
R898,cost:P7,Family Services monthly cost,cost,2027-07,,51908.28,MODEL ESTIMATE,MODEL ESTIMATE
R899,cost:P7,Family Services monthly cost,cost,2027-08,,52572.75,MODEL ESTIMATE,MODEL ESTIMATE
R900,cost:P7,Family Services monthly cost,cost,2027-09,,52493.01,MODEL ESTIMATE,MODEL ESTIMATE
R901,cost:P8,Adult Education monthly cost,cost,2022-10,22800.33,,HISTORY (SYNTHETIC),SYNTHETIC
R902,cost:P8,Adult Education monthly cost,cost,2022-11,23197.86,,HISTORY (SYNTHETIC),SYNTHETIC
R903,cost:P8,Adult Education monthly cost,cost,2022-12,22644.49,,HISTORY (SYNTHETIC),SYNTHETIC
R904,cost:P8,Adult Education monthly cost,cost,2023-01,22414.48,,HISTORY (SYNTHETIC),SYNTHETIC
R905,cost:P8,Adult Education monthly cost,cost,2023-02,22642.26,,HISTORY (SYNTHETIC),SYNTHETIC
R906,cost:P8,Adult Education monthly cost,cost,2023-03,23276.38,,HISTORY (SYNTHETIC),SYNTHETIC
R907,cost:P8,Adult Education monthly cost,cost,2023-04,22414.51,,HISTORY (SYNTHETIC),SYNTHETIC
R908,cost:P8,Adult Education monthly cost,cost,2023-05,22978.18,,HISTORY (SYNTHETIC),SYNTHETIC
R909,cost:P8,Adult Education monthly cost,cost,2023-06,23071.2,,HISTORY (SYNTHETIC),SYNTHETIC
R910,cost:P8,Adult Education monthly cost,cost,2023-07,23269.05,,HISTORY (SYNTHETIC),SYNTHETIC
R911,cost:P8,Adult Education monthly cost,cost,2023-08,23192.89,,HISTORY (SYNTHETIC),SYNTHETIC
R912,cost:P8,Adult Education monthly cost,cost,2023-09,23559.15,,HISTORY (SYNTHETIC),SYNTHETIC
R913,cost:P8,Adult Education monthly cost,cost,2023-10,23130.98,,HISTORY (SYNTHETIC),SYNTHETIC
R914,cost:P8,Adult Education monthly cost,cost,2023-11,23196.88,,HISTORY (SYNTHETIC),SYNTHETIC
R915,cost:P8,Adult Education monthly cost,cost,2023-12,23306.97,,HISTORY (SYNTHETIC),SYNTHETIC
R916,cost:P8,Adult Education monthly cost,cost,2024-01,23782.93,,HISTORY (SYNTHETIC),SYNTHETIC
R917,cost:P8,Adult Education monthly cost,cost,2024-02,22793.26,,HISTORY (SYNTHETIC),SYNTHETIC
R918,cost:P8,Adult Education monthly cost,cost,2024-03,24462.87,,HISTORY (SYNTHETIC),SYNTHETIC
R919,cost:P8,Adult Education monthly cost,cost,2024-04,23023.33,,HISTORY (SYNTHETIC),SYNTHETIC
R920,cost:P8,Adult Education monthly cost,cost,2024-05,24785.96,,HISTORY (SYNTHETIC),SYNTHETIC
R921,cost:P8,Adult Education monthly cost,cost,2024-06,23929.93,,HISTORY (SYNTHETIC),SYNTHETIC
R922,cost:P8,Adult Education monthly cost,cost,2024-07,23701.77,,HISTORY (SYNTHETIC),SYNTHETIC
R923,cost:P8,Adult Education monthly cost,cost,2024-08,23472.42,,HISTORY (SYNTHETIC),SYNTHETIC
R924,cost:P8,Adult Education monthly cost,cost,2024-09,23840.81,,HISTORY (SYNTHETIC),SYNTHETIC
R925,cost:P8,Adult Education monthly cost,cost,2024-10,23231.96,,HISTORY (SYNTHETIC),SYNTHETIC
R926,cost:P8,Adult Education monthly cost,cost,2024-11,23701.01,,HISTORY (SYNTHETIC),SYNTHETIC
R927,cost:P8,Adult Education monthly cost,cost,2024-12,23336.74,,HISTORY (SYNTHETIC),SYNTHETIC
R928,cost:P8,Adult Education monthly cost,cost,2025-01,24312.65,,HISTORY (SYNTHETIC),SYNTHETIC
R929,cost:P8,Adult Education monthly cost,cost,2025-02,24556.9,,HISTORY (SYNTHETIC),SYNTHETIC
R930,cost:P8,Adult Education monthly cost,cost,2025-03,23623.43,,HISTORY (SYNTHETIC),SYNTHETIC
R931,cost:P8,Adult Education monthly cost,cost,2025-04,24586.64,,HISTORY (SYNTHETIC),SYNTHETIC
R932,cost:P8,Adult Education monthly cost,cost,2025-05,24004.65,,HISTORY (SYNTHETIC),SYNTHETIC
R933,cost:P8,Adult Education monthly cost,cost,2025-06,24566.24,,HISTORY (SYNTHETIC),SYNTHETIC
R934,cost:P8,Adult Education monthly cost,cost,2025-07,23449.22,,HISTORY (SYNTHETIC),SYNTHETIC
R935,cost:P8,Adult Education monthly cost,cost,2025-08,24201.51,,HISTORY (SYNTHETIC),SYNTHETIC
R936,cost:P8,Adult Education monthly cost,cost,2025-09,23824.34,,HISTORY (SYNTHETIC),SYNTHETIC
R937,cost:P8,Adult Education monthly cost,cost,2025-10,24331.45,,HISTORY (SYNTHETIC),SYNTHETIC
R938,cost:P8,Adult Education monthly cost,cost,2025-11,24283.41,,HISTORY (SYNTHETIC),SYNTHETIC
R939,cost:P8,Adult Education monthly cost,cost,2025-12,24227.7,,HISTORY (SYNTHETIC),SYNTHETIC
R940,cost:P8,Adult Education monthly cost,cost,2026-01,25238.36,,HISTORY (SYNTHETIC),SYNTHETIC
R941,cost:P8,Adult Education monthly cost,cost,2026-02,25058.77,,HISTORY (SYNTHETIC),SYNTHETIC
R942,cost:P8,Adult Education monthly cost,cost,2026-03,24491.52,,HISTORY (SYNTHETIC),SYNTHETIC
R943,cost:P8,Adult Education monthly cost,cost,2026-04,24414.83,,HISTORY (SYNTHETIC),SYNTHETIC
R944,cost:P8,Adult Education monthly cost,cost,2026-05,24536.42,,HISTORY (SYNTHETIC),SYNTHETIC
R945,cost:P8,Adult Education monthly cost,cost,2026-06,25341.39,,HISTORY (SYNTHETIC),SYNTHETIC
R946,cost:P8,Adult Education monthly cost,cost,2026-07,24714.1,,HISTORY (SYNTHETIC),SYNTHETIC
R947,cost:P8,Adult Education monthly cost,cost,2026-08,25213.09,,HISTORY (SYNTHETIC),SYNTHETIC
R948,cost:P8,Adult Education monthly cost,cost,2026-09,24816.41,,HISTORY (SYNTHETIC),SYNTHETIC
R949,cost:P8,Adult Education monthly cost,cost,2026-10,,24781.75,MODEL ESTIMATE,MODEL ESTIMATE
R950,cost:P8,Adult Education monthly cost,cost,2026-11,,25002.86,MODEL ESTIMATE,MODEL ESTIMATE
R951,cost:P8,Adult Education monthly cost,cost,2026-12,,24787.04,MODEL ESTIMATE,MODEL ESTIMATE
R952,cost:P8,Adult Education monthly cost,cost,2027-01,,25345.17,MODEL ESTIMATE,MODEL ESTIMATE
R953,cost:P8,Adult Education monthly cost,cost,2027-02,,25170.86,MODEL ESTIMATE,MODEL ESTIMATE
R954,cost:P8,Adult Education monthly cost,cost,2027-03,,25371.62,MODEL ESTIMATE,MODEL ESTIMATE
R955,cost:P8,Adult Education monthly cost,cost,2027-04,,25017.89,MODEL ESTIMATE,MODEL ESTIMATE
R956,cost:P8,Adult Education monthly cost,cost,2027-05,,25484.37,MODEL ESTIMATE,MODEL ESTIMATE
R957,cost:P8,Adult Education monthly cost,cost,2027-06,,25635.26,MODEL ESTIMATE,MODEL ESTIMATE
R958,cost:P8,Adult Education monthly cost,cost,2027-07,,25191.6,MODEL ESTIMATE,MODEL ESTIMATE
R959,cost:P8,Adult Education monthly cost,cost,2027-08,,25428.04,MODEL ESTIMATE,MODEL ESTIMATE
R960,cost:P8,Adult Education monthly cost,cost,2027-09,,25418.24,MODEL ESTIMATE,MODEL ESTIMATE
R961,donations:ORG,Org unrestricted donations,donations,2022-10,84221.39,,HISTORY (SYNTHETIC),SYNTHETIC
R962,donations:ORG,Org unrestricted donations,donations,2022-11,87866.1,,HISTORY (SYNTHETIC),SYNTHETIC
R963,donations:ORG,Org unrestricted donations,donations,2022-12,199541.53,,HISTORY (SYNTHETIC),SYNTHETIC
R964,donations:ORG,Org unrestricted donations,donations,2023-01,85279.16,,HISTORY (SYNTHETIC),SYNTHETIC
R965,donations:ORG,Org unrestricted donations,donations,2023-02,93115.7,,HISTORY (SYNTHETIC),SYNTHETIC
R966,donations:ORG,Org unrestricted donations,donations,2023-03,82759.94,,HISTORY (SYNTHETIC),SYNTHETIC
R967,donations:ORG,Org unrestricted donations,donations,2023-04,85797.01,,HISTORY (SYNTHETIC),SYNTHETIC
R968,donations:ORG,Org unrestricted donations,donations,2023-05,83584.15,,HISTORY (SYNTHETIC),SYNTHETIC
R969,donations:ORG,Org unrestricted donations,donations,2023-06,92173.26,,HISTORY (SYNTHETIC),SYNTHETIC
R970,donations:ORG,Org unrestricted donations,donations,2023-07,83122.75,,HISTORY (SYNTHETIC),SYNTHETIC
R971,donations:ORG,Org unrestricted donations,donations,2023-08,88797.85,,HISTORY (SYNTHETIC),SYNTHETIC
R972,donations:ORG,Org unrestricted donations,donations,2023-09,88595.67,,HISTORY (SYNTHETIC),SYNTHETIC
R973,donations:ORG,Org unrestricted donations,donations,2023-10,88404.98,,HISTORY (SYNTHETIC),SYNTHETIC
R974,donations:ORG,Org unrestricted donations,donations,2023-11,80989.8,,HISTORY (SYNTHETIC),SYNTHETIC
R975,donations:ORG,Org unrestricted donations,donations,2023-12,184092.29,,HISTORY (SYNTHETIC),SYNTHETIC
R976,donations:ORG,Org unrestricted donations,donations,2024-01,88478.42,,HISTORY (SYNTHETIC),SYNTHETIC
R977,donations:ORG,Org unrestricted donations,donations,2024-02,93408.73,,HISTORY (SYNTHETIC),SYNTHETIC
R978,donations:ORG,Org unrestricted donations,donations,2024-03,90813.99,,HISTORY (SYNTHETIC),SYNTHETIC
R979,donations:ORG,Org unrestricted donations,donations,2024-04,81876.15,,HISTORY (SYNTHETIC),SYNTHETIC
R980,donations:ORG,Org unrestricted donations,donations,2024-05,79690.82,,HISTORY (SYNTHETIC),SYNTHETIC
R981,donations:ORG,Org unrestricted donations,donations,2024-06,91907.08,,HISTORY (SYNTHETIC),SYNTHETIC
R982,donations:ORG,Org unrestricted donations,donations,2024-07,87343.44,,HISTORY (SYNTHETIC),SYNTHETIC
R983,donations:ORG,Org unrestricted donations,donations,2024-08,87299.7,,HISTORY (SYNTHETIC),SYNTHETIC
R984,donations:ORG,Org unrestricted donations,donations,2024-09,91589.72,,HISTORY (SYNTHETIC),SYNTHETIC
R985,donations:ORG,Org unrestricted donations,donations,2024-10,82921.11,,HISTORY (SYNTHETIC),SYNTHETIC
R986,donations:ORG,Org unrestricted donations,donations,2024-11,86235.85,,HISTORY (SYNTHETIC),SYNTHETIC
R987,donations:ORG,Org unrestricted donations,donations,2024-12,189273.7,,HISTORY (SYNTHETIC),SYNTHETIC
R988,donations:ORG,Org unrestricted donations,donations,2025-01,89501.44,,HISTORY (SYNTHETIC),SYNTHETIC
R989,donations:ORG,Org unrestricted donations,donations,2025-02,88412.63,,HISTORY (SYNTHETIC),SYNTHETIC
R990,donations:ORG,Org unrestricted donations,donations,2025-03,219502.78,,HISTORY (SYNTHETIC),SYNTHETIC
R991,donations:ORG,Org unrestricted donations,donations,2025-04,84502.9,,HISTORY (SYNTHETIC),SYNTHETIC
R992,donations:ORG,Org unrestricted donations,donations,2025-05,86250.62,,HISTORY (SYNTHETIC),SYNTHETIC
R993,donations:ORG,Org unrestricted donations,donations,2025-06,85931.26,,HISTORY (SYNTHETIC),SYNTHETIC
R994,donations:ORG,Org unrestricted donations,donations,2025-07,85236.67,,HISTORY (SYNTHETIC),SYNTHETIC
R995,donations:ORG,Org unrestricted donations,donations,2025-08,90774.97,,HISTORY (SYNTHETIC),SYNTHETIC
R996,donations:ORG,Org unrestricted donations,donations,2025-09,85523.77,,HISTORY (SYNTHETIC),SYNTHETIC
R997,donations:ORG,Org unrestricted donations,donations,2025-10,103320.26,,HISTORY (SYNTHETIC),SYNTHETIC
R998,donations:ORG,Org unrestricted donations,donations,2025-11,92457.4,,HISTORY (SYNTHETIC),SYNTHETIC
R999,donations:ORG,Org unrestricted donations,donations,2025-12,197236.63,,HISTORY (SYNTHETIC),SYNTHETIC
R1000,donations:ORG,Org unrestricted donations,donations,2026-01,90295.56,,HISTORY (SYNTHETIC),SYNTHETIC
R1001,donations:ORG,Org unrestricted donations,donations,2026-02,94435.46,,HISTORY (SYNTHETIC),SYNTHETIC
R1002,donations:ORG,Org unrestricted donations,donations,2026-03,91933.49,,HISTORY (SYNTHETIC),SYNTHETIC
R1003,donations:ORG,Org unrestricted donations,donations,2026-04,103084.86,,HISTORY (SYNTHETIC),SYNTHETIC
R1004,donations:ORG,Org unrestricted donations,donations,2026-05,87412.57,,HISTORY (SYNTHETIC),SYNTHETIC
R1005,donations:ORG,Org unrestricted donations,donations,2026-06,92633.07,,HISTORY (SYNTHETIC),SYNTHETIC
R1006,donations:ORG,Org unrestricted donations,donations,2026-07,92303.48,,HISTORY (SYNTHETIC),SYNTHETIC
R1007,donations:ORG,Org unrestricted donations,donations,2026-08,90095.54,,HISTORY (SYNTHETIC),SYNTHETIC
R1008,donations:ORG,Org unrestricted donations,donations,2026-09,96599.92,,HISTORY (SYNTHETIC),SYNTHETIC
R1009,donations:ORG,Org unrestricted donations,donations,2026-10,,97196.81,MODEL ESTIMATE,MODEL ESTIMATE
R1010,donations:ORG,Org unrestricted donations,donations,2026-11,,94367.16,MODEL ESTIMATE,MODEL ESTIMATE
R1011,donations:ORG,Org unrestricted donations,donations,2026-12,,200015.91,MODEL ESTIMATE,MODEL ESTIMATE
R1012,donations:ORG,Org unrestricted donations,donations,2027-01,,95868.52,MODEL ESTIMATE,MODEL ESTIMATE
R1013,donations:ORG,Org unrestricted donations,donations,2027-02,,99823.0,MODEL ESTIMATE,MODEL ESTIMATE
R1014,donations:ORG,Org unrestricted donations,donations,2027-03,,128732.42,MODEL ESTIMATE,MODEL ESTIMATE
R1015,donations:ORG,Org unrestricted donations,donations,2027-04,,96295.1,MODEL ESTIMATE,MODEL ESTIMATE
R1016,donations:ORG,Org unrestricted donations,donations,2027-05,,91714.41,MODEL ESTIMATE,MODEL ESTIMATE
R1017,donations:ORG,Org unrestricted donations,donations,2027-06,,98141.04,MODEL ESTIMATE,MODEL ESTIMATE
R1018,donations:ORG,Org unrestricted donations,donations,2027-07,,94481.46,MODEL ESTIMATE,MODEL ESTIMATE
R1019,donations:ORG,Org unrestricted donations,donations,2027-08,,96721.89,MODEL ESTIMATE,MODEL ESTIMATE
R1020,donations:ORG,Org unrestricted donations,donations,2027-09,,98057.14,MODEL ESTIMATE,MODEL ESTIMATE
R1021,net_cash:ORG,Org monthly net cash,net_cash,2022-10,-18549.74,,HISTORY (SYNTHETIC),SYNTHETIC
R1022,net_cash:ORG,Org monthly net cash,net_cash,2022-11,-4928.21,,HISTORY (SYNTHETIC),SYNTHETIC
R1023,net_cash:ORG,Org monthly net cash,net_cash,2022-12,34394.7,,HISTORY (SYNTHETIC),SYNTHETIC
R1024,net_cash:ORG,Org monthly net cash,net_cash,2023-01,21180.76,,HISTORY (SYNTHETIC),SYNTHETIC
R1025,net_cash:ORG,Org monthly net cash,net_cash,2023-02,29996.27,,HISTORY (SYNTHETIC),SYNTHETIC
R1026,net_cash:ORG,Org monthly net cash,net_cash,2023-03,29890.36,,HISTORY (SYNTHETIC),SYNTHETIC
R1027,net_cash:ORG,Org monthly net cash,net_cash,2023-04,63437.99,,HISTORY (SYNTHETIC),SYNTHETIC
R1028,net_cash:ORG,Org monthly net cash,net_cash,2023-05,50975.71,,HISTORY (SYNTHETIC),SYNTHETIC
R1029,net_cash:ORG,Org monthly net cash,net_cash,2023-06,-6421.43,,HISTORY (SYNTHETIC),SYNTHETIC
R1030,net_cash:ORG,Org monthly net cash,net_cash,2023-07,9282.55,,HISTORY (SYNTHETIC),SYNTHETIC
R1031,net_cash:ORG,Org monthly net cash,net_cash,2023-08,19026.23,,HISTORY (SYNTHETIC),SYNTHETIC
R1032,net_cash:ORG,Org monthly net cash,net_cash,2023-09,37750.83,,HISTORY (SYNTHETIC),SYNTHETIC
R1033,net_cash:ORG,Org monthly net cash,net_cash,2023-10,2293.61,,HISTORY (SYNTHETIC),SYNTHETIC
R1034,net_cash:ORG,Org monthly net cash,net_cash,2023-11,3733.2,,HISTORY (SYNTHETIC),SYNTHETIC
R1035,net_cash:ORG,Org monthly net cash,net_cash,2023-12,53131.94,,HISTORY (SYNTHETIC),SYNTHETIC
R1036,net_cash:ORG,Org monthly net cash,net_cash,2024-01,-12421.43,,HISTORY (SYNTHETIC),SYNTHETIC
R1037,net_cash:ORG,Org monthly net cash,net_cash,2024-02,-8324.78,,HISTORY (SYNTHETIC),SYNTHETIC
R1038,net_cash:ORG,Org monthly net cash,net_cash,2024-03,7326.0,,HISTORY (SYNTHETIC),SYNTHETIC
R1039,net_cash:ORG,Org monthly net cash,net_cash,2024-04,11719.43,,HISTORY (SYNTHETIC),SYNTHETIC
R1040,net_cash:ORG,Org monthly net cash,net_cash,2024-05,-4989.4,,HISTORY (SYNTHETIC),SYNTHETIC
R1041,net_cash:ORG,Org monthly net cash,net_cash,2024-06,18385.22,,HISTORY (SYNTHETIC),SYNTHETIC
R1042,net_cash:ORG,Org monthly net cash,net_cash,2024-07,1735.62,,HISTORY (SYNTHETIC),SYNTHETIC
R1043,net_cash:ORG,Org monthly net cash,net_cash,2024-08,27392.93,,HISTORY (SYNTHETIC),SYNTHETIC
R1044,net_cash:ORG,Org monthly net cash,net_cash,2024-09,-3301.59,,HISTORY (SYNTHETIC),SYNTHETIC
R1045,net_cash:ORG,Org monthly net cash,net_cash,2024-10,21088.65,,HISTORY (SYNTHETIC),SYNTHETIC
R1046,net_cash:ORG,Org monthly net cash,net_cash,2024-11,16966.98,,HISTORY (SYNTHETIC),SYNTHETIC
R1047,net_cash:ORG,Org monthly net cash,net_cash,2024-12,7608.86,,HISTORY (SYNTHETIC),SYNTHETIC
R1048,net_cash:ORG,Org monthly net cash,net_cash,2025-01,15558.95,,HISTORY (SYNTHETIC),SYNTHETIC
R1049,net_cash:ORG,Org monthly net cash,net_cash,2025-02,25383.81,,HISTORY (SYNTHETIC),SYNTHETIC
R1050,net_cash:ORG,Org monthly net cash,net_cash,2025-03,-5740.67,,HISTORY (SYNTHETIC),SYNTHETIC
R1051,net_cash:ORG,Org monthly net cash,net_cash,2025-04,9266.51,,HISTORY (SYNTHETIC),SYNTHETIC
R1052,net_cash:ORG,Org monthly net cash,net_cash,2025-05,-23714.64,,HISTORY (SYNTHETIC),SYNTHETIC
R1053,net_cash:ORG,Org monthly net cash,net_cash,2025-06,36562.53,,HISTORY (SYNTHETIC),SYNTHETIC
R1054,net_cash:ORG,Org monthly net cash,net_cash,2025-07,16402.18,,HISTORY (SYNTHETIC),SYNTHETIC
R1055,net_cash:ORG,Org monthly net cash,net_cash,2025-08,13427.52,,HISTORY (SYNTHETIC),SYNTHETIC
R1056,net_cash:ORG,Org monthly net cash,net_cash,2025-09,29504.26,,HISTORY (SYNTHETIC),SYNTHETIC
R1057,net_cash:ORG,Org monthly net cash,net_cash,2025-10,17709.91,,HISTORY (SYNTHETIC),SYNTHETIC
R1058,net_cash:ORG,Org monthly net cash,net_cash,2025-11,-538.5,,HISTORY (SYNTHETIC),SYNTHETIC
R1059,net_cash:ORG,Org monthly net cash,net_cash,2025-12,39970.66,,HISTORY (SYNTHETIC),SYNTHETIC
R1060,net_cash:ORG,Org monthly net cash,net_cash,2026-01,-16615.49,,HISTORY (SYNTHETIC),SYNTHETIC
R1061,net_cash:ORG,Org monthly net cash,net_cash,2026-02,42334.27,,HISTORY (SYNTHETIC),SYNTHETIC
R1062,net_cash:ORG,Org monthly net cash,net_cash,2026-03,42219.87,,HISTORY (SYNTHETIC),SYNTHETIC
R1063,net_cash:ORG,Org monthly net cash,net_cash,2026-04,35174.77,,HISTORY (SYNTHETIC),SYNTHETIC
R1064,net_cash:ORG,Org monthly net cash,net_cash,2026-05,7212.77,,HISTORY (SYNTHETIC),SYNTHETIC
R1065,net_cash:ORG,Org monthly net cash,net_cash,2026-06,-20627.02,,HISTORY (SYNTHETIC),SYNTHETIC
R1066,net_cash:ORG,Org monthly net cash,net_cash,2026-07,10069.12,,HISTORY (SYNTHETIC),SYNTHETIC
R1067,net_cash:ORG,Org monthly net cash,net_cash,2026-08,-17298.85,,HISTORY (SYNTHETIC),SYNTHETIC
R1068,net_cash:ORG,Org monthly net cash,net_cash,2026-09,7267.76,,HISTORY (SYNTHETIC),SYNTHETIC
R1069,net_cash:ORG,Org monthly net cash,net_cash,2026-10,,-444.31,MODEL ESTIMATE,MODEL ESTIMATE
R1070,net_cash:ORG,Org monthly net cash,net_cash,2026-11,,-2271.55,MODEL ESTIMATE,MODEL ESTIMATE
R1071,net_cash:ORG,Org monthly net cash,net_cash,2026-12,,27696.62,MODEL ESTIMATE,MODEL ESTIMATE
R1072,net_cash:ORG,Org monthly net cash,net_cash,2027-01,,-4154.22,MODEL ESTIMATE,MODEL ESTIMATE
R1073,net_cash:ORG,Org monthly net cash,net_cash,2027-02,,16267.47,MODEL ESTIMATE,MODEL ESTIMATE
R1074,net_cash:ORG,Org monthly net cash,net_cash,2027-03,,12343.97,MODEL ESTIMATE,MODEL ESTIMATE
R1075,net_cash:ORG,Org monthly net cash,net_cash,2027-04,,23819.76,MODEL ESTIMATE,MODEL ESTIMATE
R1076,net_cash:ORG,Org monthly net cash,net_cash,2027-05,,1291.19,MODEL ESTIMATE,MODEL ESTIMATE
R1077,net_cash:ORG,Org monthly net cash,net_cash,2027-06,,894.91,MODEL ESTIMATE,MODEL ESTIMATE
R1078,net_cash:ORG,Org monthly net cash,net_cash,2027-07,,3292.45,MODEL ESTIMATE,MODEL ESTIMATE
R1079,net_cash:ORG,Org monthly net cash,net_cash,2027-08,,4557.04,MODEL ESTIMATE,MODEL ESTIMATE
R1080,net_cash:ORG,Org monthly net cash,net_cash,2027-09,,11725.4,MODEL ESTIMATE,MODEL ESTIMATE
