metric_id,observation_date,value,unit,source,source_reference,retrieval_timestamp,frequency,revision_status
cpi_yoy,2018-01-31,1.558178,PCT,SYNTHETIC,src/generate_history.py seed 42,2026-08-31T00:00:00Z,MONTHLY,SYNTHETIC
cpi_yoy,2018-02-28,2.070971,PCT,SYNTHETIC,src/generate_history.py seed 42,2026-08-31T00:00:00Z,MONTHLY,SYNTHETIC
cpi_yoy,2018-03-31,2.523241,PCT,SYNTHETIC,src/generate_history.py seed 42,2026-08-31T00:00:00Z,MONTHLY,SYNTHETIC
cpi_yoy,2018-04-30,3.708949,PCT,SYNTHETIC,src/generate_history.py seed 42,2026-08-31T00:00:00Z,MONTHLY,SYNTHETIC
cpi_yoy,2018-05-31,2.339662,PCT,SYNTHETIC,src/generate_history.py seed 42,2026-08-31T00:00:00Z,MONTHLY,SYNTHETIC
cpi_yoy,2018-06-30,2.40604,PCT,SYNTHETIC,src/generate_history.py seed 42,2026-08-31T00:00:00Z,MONTHLY,SYNTHETIC
cpi_yoy,2018-07-31,2.140443,PCT,SYNTHETIC,src/generate_history.py seed 42,2026-08-31T00:00:00Z,MONTHLY,SYNTHETIC
cpi_yoy,2018-08-31,0.664983,PCT,SYNTHETIC,src/generate_history.py seed 42,2026-08-31T00:00:00Z,MONTHLY,SYNTHETIC
cpi_yoy,2018-09-30,2.178789,PCT,SYNTHETIC,src/generate_history.py seed 42,2026-08-31T00:00:00Z,MONTHLY,SYNTHETIC
cpi_yoy,2018-10-31,2.248184,PCT,SYNTHETIC,src/generate_history.py seed 42,2026-08-31T00:00:00Z,MONTHLY,SYNTHETIC
cpi_yoy,2018-11-30,4.170594,PCT,SYNTHETIC,src/generate_history.py seed 42,2026-08-31T00:00:00Z,MONTHLY,SYNTHETIC
cpi_yoy,2018-12-31,2.046111,PCT,SYNTHETIC,src/generate_history.py seed 42,2026-08-31T00:00:00Z,MONTHLY,SYNTHETIC
cpi_yoy,2019-01-31,2.441238,PCT,SYNTHETIC,src/generate_history.py seed 42,2026-08-31T00:00:00Z,MONTHLY,SYNTHETIC
cpi_yoy,2019-02-28,2.172231,PCT,SYNTHETIC,src/generate_history.py seed 42,2026-08-31T00:00:00Z,MONTHLY,SYNTHETIC
cpi_yoy,2019-03-31,1.265058,PCT,SYNTHETIC,src/generate_history.py seed 42,2026-08-31T00:00:00Z,MONTHLY,SYNTHETIC
cpi_yoy,2019-04-30,3.114258,PCT,SYNTHETIC,src/generate_history.py seed 42,2026-08-31T00:00:00Z,MONTHLY,SYNTHETIC
cpi_yoy,2019-05-31,2.801546,PCT,SYNTHETIC,src/generate_history.py seed 42,2026-08-31T00:00:00Z,MONTHLY,SYNTHETIC
cpi_yoy,2019-06-30,2.832826,PCT,SYNTHETIC,src/generate_history.py seed 42,2026-08-31T00:00:00Z,MONTHLY,SYNTHETIC
cpi_yoy,2019-07-31,1.47249,PCT,SYNTHETIC,src/generate_history.py seed 42,2026-08-31T00:00:00Z,MONTHLY,SYNTHETIC
cpi_yoy,2019-08-31,3.322235,PCT,SYNTHETIC,src/generate_history.py seed 42,2026-08-31T00:00:00Z,MONTHLY,SYNTHETIC
cpi_yoy,2019-09-30,1.078519,PCT,SYNTHETIC,src/generate_history.py seed 42,2026-08-31T00:00:00Z,MONTHLY,SYNTHETIC
cpi_yoy,2019-10-31,2.669486,PCT,SYNTHETIC,src/generate_history.py seed 42,2026-08-31T00:00:00Z,MONTHLY,SYNTHETIC
cpi_yoy,2019-11-30,3.952365,PCT,SYNTHETIC,src/generate_history.py seed 42,2026-08-31T00:00:00Z,MONTHLY,SYNTHETIC
cpi_yoy,2019-12-31,1.407571,PCT,SYNTHETIC,src/generate_history.py seed 42,2026-08-31T00:00:00Z,MONTHLY,SYNTHETIC
cpi_yoy,2020-01-31,1.746962,PCT,SYNTHETIC,src/generate_history.py seed 42,2026-08-31T00:00:00Z,MONTHLY,SYNTHETIC
cpi_yoy,2020-02-29,2.279721,PCT,SYNTHETIC,src/generate_history.py seed 42,2026-08-31T00:00:00Z,MONTHLY,SYNTHETIC
cpi_yoy,2020-03-31,1.797219,PCT,SYNTHETIC,src/generate_history.py seed 42,2026-08-31T00:00:00Z,MONTHLY,SYNTHETIC
cpi_yoy,2020-04-30,0.959469,PCT,SYNTHETIC,src/generate_history.py seed 42,2026-08-31T00:00:00Z,MONTHLY,SYNTHETIC
cpi_yoy,2020-05-31,2.25485,PCT,SYNTHETIC,src/generate_history.py seed 42,2026-08-31T00:00:00Z,MONTHLY,SYNTHETIC
cpi_yoy,2020-06-30,1.350157,PCT,SYNTHETIC,src/generate_history.py seed 42,2026-08-31T00:00:00Z,MONTHLY,SYNTHETIC
cpi_yoy,2020-07-31,2.578874,PCT,SYNTHETIC,src/generate_history.py seed 42,2026-08-31T00:00:00Z,MONTHLY,SYNTHETIC
cpi_yoy,2020-08-31,1.464461,PCT,SYNTHETIC,src/generate_history.py seed 42,2026-08-31T00:00:00Z,MONTHLY,SYNTHETIC
cpi_yoy,2020-09-30,3.439948,PCT,SYNTHETIC,src/generate_history.py seed 42,2026-08-31T00:00:00Z,MONTHLY,SYNTHETIC
cpi_yoy,2020-10-31,1.573397,PCT,SYNTHETIC,src/generate_history.py seed 42,2026-08-31T00:00:00Z,MONTHLY,SYNTHETIC
cpi_yoy,2020-11-30,1.942351,PCT,SYNTHETIC,src/generate_history.py seed 42,2026-08-31T00:00:00Z,MONTHLY,SYNTHETIC
cpi_yoy,2020-12-31,2.850814,PCT,SYNTHETIC,src/generate_history.py seed 42,2026-08-31T00:00:00Z,MONTHLY,SYNTHETIC
cpi_yoy,2021-01-31,1.215309,PCT,SYNTHETIC,src/generate_history.py seed 42,2026-08-31T00:00:00Z,MONTHLY,SYNTHETIC
cpi_yoy,2021-02-28,2.381968,PCT,SYNTHETIC,src/generate_history.py seed 42,2026-08-31T00:00:00Z,MONTHLY,SYNTHETIC
cpi_yoy,2021-03-31,3.245714,PCT,SYNTHETIC,src/generate_history.py seed 42,2026-08-31T00:00:00Z,MONTHLY,SYNTHETIC
cpi_yoy,2021-04-30,0.914013,PCT,SYNTHETIC,src/generate_history.py seed 42,2026-08-31T00:00:00Z,MONTHLY,SYNTHETIC
cpi_yoy,2021-05-31,2.347707,PCT,SYNTHETIC,src/generate_history.py seed 42,2026-08-31T00:00:00Z,MONTHLY,SYNTHETIC
cpi_yoy,2021-06-30,2.407906,PCT,SYNTHETIC,src/generate_history.py seed 42,2026-08-31T00:00:00Z,MONTHLY,SYNTHETIC
cpi_yoy,2021-07-31,2.825458,PCT,SYNTHETIC,src/generate_history.py seed 42,2026-08-31T00:00:00Z,MONTHLY,SYNTHETIC
cpi_yoy,2021-08-31,1.210439,PCT,SYNTHETIC,src/generate_history.py seed 42,2026-08-31T00:00:00Z,MONTHLY,SYNTHETIC
cpi_yoy,2021-09-30,1.143635,PCT,SYNTHETIC,src/generate_history.py seed 42,2026-08-31T00:00:00Z,MONTHLY,SYNTHETIC
cpi_yoy,2021-10-31,2.617553,PCT,SYNTHETIC,src/generate_history.py seed 42,2026-08-31T00:00:00Z,MONTHLY,SYNTHETIC
cpi_yoy,2021-11-30,2.437588,PCT,SYNTHETIC,src/generate_history.py seed 42,2026-08-31T00:00:00Z,MONTHLY,SYNTHETIC
cpi_yoy,2021-12-31,2.400394,PCT,SYNTHETIC,src/generate_history.py seed 42,2026-08-31T00:00:00Z,MONTHLY,SYNTHETIC
cpi_yoy,2022-01-31,2.477159,PCT,SYNTHETIC,src/generate_history.py seed 42,2026-08-31T00:00:00Z,MONTHLY,SYNTHETIC
cpi_yoy,2022-02-28,1.65598,PCT,SYNTHETIC,src/generate_history.py seed 42,2026-08-31T00:00:00Z,MONTHLY,SYNTHETIC
cpi_yoy,2022-03-31,2.385803,PCT,SYNTHETIC,src/generate_history.py seed 42,2026-08-31T00:00:00Z,MONTHLY,SYNTHETIC
cpi_yoy,2022-04-30,2.434458,PCT,SYNTHETIC,src/generate_history.py seed 42,2026-08-31T00:00:00Z,MONTHLY,SYNTHETIC
cpi_yoy,2022-05-31,1.628519,PCT,SYNTHETIC,src/generate_history.py seed 42,2026-08-31T00:00:00Z,MONTHLY,SYNTHETIC
cpi_yoy,2022-06-30,3.69262,PCT,SYNTHETIC,src/generate_history.py seed 42,2026-08-31T00:00:00Z,MONTHLY,SYNTHETIC
cpi_yoy,2022-07-31,2.579066,PCT,SYNTHETIC,src/generate_history.py seed 42,2026-08-31T00:00:00Z,MONTHLY,SYNTHETIC
cpi_yoy,2022-08-31,1.246957,PCT,SYNTHETIC,src/generate_history.py seed 42,2026-08-31T00:00:00Z,MONTHLY,SYNTHETIC
cpi_yoy,2022-09-30,2.725243,PCT,SYNTHETIC,src/generate_history.py seed 42,2026-08-31T00:00:00Z,MONTHLY,SYNTHETIC
cpi_yoy,2022-10-31,1.420255,PCT,SYNTHETIC,src/generate_history.py seed 42,2026-08-31T00:00:00Z,MONTHLY,SYNTHETIC
cpi_yoy,2022-11-30,2.829668,PCT,SYNTHETIC,src/generate_history.py seed 42,2026-08-31T00:00:00Z,MONTHLY,SYNTHETIC
cpi_yoy,2022-12-31,3.126876,PCT,SYNTHETIC,src/generate_history.py seed 42,2026-08-31T00:00:00Z,MONTHLY,SYNTHETIC
cpi_yoy,2023-01-31,1.543454,PCT,SYNTHETIC,src/generate_history.py seed 42,2026-08-31T00:00:00Z,MONTHLY,SYNTHETIC
cpi_yoy,2023-02-28,2.970701,PCT,SYNTHETIC,src/generate_history.py seed 42,2026-08-31T00:00:00Z,MONTHLY,SYNTHETIC
cpi_yoy,2023-03-31,2.530225,PCT,SYNTHETIC,src/generate_history.py seed 42,2026-08-31T00:00:00Z,MONTHLY,SYNTHETIC
cpi_yoy,2023-04-30,2.857648,PCT,SYNTHETIC,src/generate_history.py seed 42,2026-08-31T00:00:00Z,MONTHLY,SYNTHETIC
cpi_yoy,2023-05-31,3.717434,PCT,SYNTHETIC,src/generate_history.py seed 42,2026-08-31T00:00:00Z,MONTHLY,SYNTHETIC
cpi_yoy,2023-06-30,2.00369,PCT,SYNTHETIC,src/generate_history.py seed 42,2026-08-31T00:00:00Z,MONTHLY,SYNTHETIC
cpi_yoy,2023-07-31,1.597011,PCT,SYNTHETIC,src/generate_history.py seed 42,2026-08-31T00:00:00Z,MONTHLY,SYNTHETIC
cpi_yoy,2023-08-31,1.488388,PCT,SYNTHETIC,src/generate_history.py seed 42,2026-08-31T00:00:00Z,MONTHLY,SYNTHETIC
cpi_yoy,2023-09-30,1.547352,PCT,SYNTHETIC,src/generate_history.py seed 42,2026-08-31T00:00:00Z,MONTHLY,SYNTHETIC
cpi_yoy,2023-10-31,2.138319,PCT,SYNTHETIC,src/generate_history.py seed 42,2026-08-31T00:00:00Z,MONTHLY,SYNTHETIC
cpi_yoy,2023-11-30,2.472922,PCT,SYNTHETIC,src/generate_history.py seed 42,2026-08-31T00:00:00Z,MONTHLY,SYNTHETIC
cpi_yoy,2023-12-31,2.421353,PCT,SYNTHETIC,src/generate_history.py seed 42,2026-08-31T00:00:00Z,MONTHLY,SYNTHETIC
cpi_yoy,2024-01-31,2.861747,PCT,SYNTHETIC,src/generate_history.py seed 42,2026-08-31T00:00:00Z,MONTHLY,SYNTHETIC
cpi_yoy,2024-02-29,2.210402,PCT,SYNTHETIC,src/generate_history.py seed 42,2026-08-31T00:00:00Z,MONTHLY,SYNTHETIC
cpi_yoy,2024-03-31,3.362827,PCT,SYNTHETIC,src/generate_history.py seed 42,2026-08-31T00:00:00Z,MONTHLY,SYNTHETIC
cpi_yoy,2024-04-30,1.988275,PCT,SYNTHETIC,src/generate_history.py seed 42,2026-08-31T00:00:00Z,MONTHLY,SYNTHETIC
cpi_yoy,2024-05-31,4.376135,PCT,SYNTHETIC,src/generate_history.py seed 42,2026-08-31T00:00:00Z,MONTHLY,SYNTHETIC
cpi_yoy,2024-06-30,2.700534,PCT,SYNTHETIC,src/generate_history.py seed 42,2026-08-31T00:00:00Z,MONTHLY,SYNTHETIC
cpi_yoy,2024-07-31,1.514274,PCT,SYNTHETIC,src/generate_history.py seed 42,2026-08-31T00:00:00Z,MONTHLY,SYNTHETIC
cpi_yoy,2024-08-31,1.343286,PCT,SYNTHETIC,src/generate_history.py seed 42,2026-08-31T00:00:00Z,MONTHLY,SYNTHETIC
cpi_yoy,2024-09-30,2.585978,PCT,SYNTHETIC,src/generate_history.py seed 42,2026-08-31T00:00:00Z,MONTHLY,SYNTHETIC
cpi_yoy,2024-10-31,2.02123,PCT,SYNTHETIC,src/generate_history.py seed 42,2026-08-31T00:00:00Z,MONTHLY,SYNTHETIC
cpi_yoy,2024-11-30,2.7712,PCT,SYNTHETIC,src/generate_history.py seed 42,2026-08-31T00:00:00Z,MONTHLY,SYNTHETIC
cpi_yoy,2024-12-31,2.57859,PCT,SYNTHETIC,src/generate_history.py seed 42,2026-08-31T00:00:00Z,MONTHLY,SYNTHETIC
cpi_yoy,2025-01-31,2.141737,PCT,SYNTHETIC,src/generate_history.py seed 42,2026-08-31T00:00:00Z,MONTHLY,SYNTHETIC
cpi_yoy,2025-02-28,1.522565,PCT,SYNTHETIC,src/generate_history.py seed 42,2026-08-31T00:00:00Z,MONTHLY,SYNTHETIC
cpi_yoy,2025-03-31,0.988122,PCT,SYNTHETIC,src/generate_history.py seed 42,2026-08-31T00:00:00Z,MONTHLY,SYNTHETIC
cpi_yoy,2025-04-30,1.842788,PCT,SYNTHETIC,src/generate_history.py seed 42,2026-08-31T00:00:00Z,MONTHLY,SYNTHETIC
cpi_yoy,2025-05-31,2.885119,PCT,SYNTHETIC,src/generate_history.py seed 42,2026-08-31T00:00:00Z,MONTHLY,SYNTHETIC
cpi_yoy,2025-06-30,2.371275,PCT,SYNTHETIC,src/generate_history.py seed 42,2026-08-31T00:00:00Z,MONTHLY,SYNTHETIC
cpi_yoy,2025-07-31,1.203409,PCT,SYNTHETIC,src/generate_history.py seed 42,2026-08-31T00:00:00Z,MONTHLY,SYNTHETIC
cpi_yoy,2025-08-31,2.338545,PCT,SYNTHETIC,src/generate_history.py seed 42,2026-08-31T00:00:00Z,MONTHLY,SYNTHETIC
cpi_yoy,2025-09-30,2.508254,PCT,SYNTHETIC,src/generate_history.py seed 42,2026-08-31T00:00:00Z,MONTHLY,SYNTHETIC
cpi_yoy,2025-10-31,1.492914,PCT,SYNTHETIC,src/generate_history.py seed 42,2026-08-31T00:00:00Z,MONTHLY,SYNTHETIC
cpi_yoy,2025-11-30,2.32298,PCT,SYNTHETIC,src/generate_history.py seed 42,2026-08-31T00:00:00Z,MONTHLY,SYNTHETIC
cpi_yoy,2025-12-31,2.246567,PCT,SYNTHETIC,src/generate_history.py seed 42,2026-08-31T00:00:00Z,MONTHLY,SYNTHETIC
cpi_yoy,2026-01-31,1.285624,PCT,SYNTHETIC,src/generate_history.py seed 42,2026-08-31T00:00:00Z,MONTHLY,SYNTHETIC
cpi_yoy,2026-02-28,2.48623,PCT,SYNTHETIC,src/generate_history.py seed 42,2026-08-31T00:00:00Z,MONTHLY,SYNTHETIC
cpi_yoy,2026-03-31,2.648628,PCT,SYNTHETIC,src/generate_history.py seed 42,2026-08-31T00:00:00Z,MONTHLY,SYNTHETIC
cpi_yoy,2026-04-30,3.066441,PCT,SYNTHETIC,src/generate_history.py seed 42,2026-08-31T00:00:00Z,MONTHLY,SYNTHETIC
cpi_yoy,2026-05-31,3.043042,PCT,SYNTHETIC,src/generate_history.py seed 42,2026-08-31T00:00:00Z,MONTHLY,SYNTHETIC
cpi_yoy,2026-06-30,1.097865,PCT,SYNTHETIC,src/generate_history.py seed 42,2026-08-31T00:00:00Z,MONTHLY,SYNTHETIC
cpi_yoy,2026-07-31,1.44974,PCT,SYNTHETIC,src/generate_history.py seed 42,2026-08-31T00:00:00Z,MONTHLY,SYNTHETIC
fed_funds_eff,2018-01-31,2.059606,PCT,SYNTHETIC,src/generate_history.py seed 42,2026-08-31T00:00:00Z,MONTHLY,SYNTHETIC
fed_funds_eff,2018-02-28,2.043014,PCT,SYNTHETIC,src/generate_history.py seed 42,2026-08-31T00:00:00Z,MONTHLY,SYNTHETIC
fed_funds_eff,2018-03-31,2.120737,PCT,SYNTHETIC,src/generate_history.py seed 42,2026-08-31T00:00:00Z,MONTHLY,SYNTHETIC
fed_funds_eff,2018-04-30,2.3035,PCT,SYNTHETIC,src/generate_history.py seed 42,2026-08-31T00:00:00Z,MONTHLY,SYNTHETIC
fed_funds_eff,2018-05-31,2.275402,PCT,SYNTHETIC,src/generate_history.py seed 42,2026-08-31T00:00:00Z,MONTHLY,SYNTHETIC
fed_funds_eff,2018-06-30,2.247305,PCT,SYNTHETIC,src/generate_history.py seed 42,2026-08-31T00:00:00Z,MONTHLY,SYNTHETIC
fed_funds_eff,2018-07-31,2.436811,PCT,SYNTHETIC,src/generate_history.py seed 42,2026-08-31T00:00:00Z,MONTHLY,SYNTHETIC
fed_funds_eff,2018-08-31,2.528903,PCT,SYNTHETIC,src/generate_history.py seed 42,2026-08-31T00:00:00Z,MONTHLY,SYNTHETIC
fed_funds_eff,2018-09-30,2.472566,PCT,SYNTHETIC,src/generate_history.py seed 42,2026-08-31T00:00:00Z,MONTHLY,SYNTHETIC
fed_funds_eff,2018-10-31,2.537673,PCT,SYNTHETIC,src/generate_history.py seed 42,2026-08-31T00:00:00Z,MONTHLY,SYNTHETIC
fed_funds_eff,2018-11-30,2.482063,PCT,SYNTHETIC,src/generate_history.py seed 42,2026-08-31T00:00:00Z,MONTHLY,SYNTHETIC
fed_funds_eff,2018-12-31,2.426176,PCT,SYNTHETIC,src/generate_history.py seed 42,2026-08-31T00:00:00Z,MONTHLY,SYNTHETIC
fed_funds_eff,2019-01-31,2.455211,PCT,SYNTHETIC,src/generate_history.py seed 42,2026-08-31T00:00:00Z,MONTHLY,SYNTHETIC
fed_funds_eff,2019-02-28,2.225617,PCT,SYNTHETIC,src/generate_history.py seed 42,2026-08-31T00:00:00Z,MONTHLY,SYNTHETIC
fed_funds_eff,2019-03-31,2.018627,PCT,SYNTHETIC,src/generate_history.py seed 42,2026-08-31T00:00:00Z,MONTHLY,SYNTHETIC
fed_funds_eff,2019-04-30,1.951153,PCT,SYNTHETIC,src/generate_history.py seed 42,2026-08-31T00:00:00Z,MONTHLY,SYNTHETIC
fed_funds_eff,2019-05-31,1.829613,PCT,SYNTHETIC,src/generate_history.py seed 42,2026-08-31T00:00:00Z,MONTHLY,SYNTHETIC
fed_funds_eff,2019-06-30,1.867323,PCT,SYNTHETIC,src/generate_history.py seed 42,2026-08-31T00:00:00Z,MONTHLY,SYNTHETIC
fed_funds_eff,2019-07-31,1.75836,PCT,SYNTHETIC,src/generate_history.py seed 42,2026-08-31T00:00:00Z,MONTHLY,SYNTHETIC
fed_funds_eff,2019-08-31,1.588883,PCT,SYNTHETIC,src/generate_history.py seed 42,2026-08-31T00:00:00Z,MONTHLY,SYNTHETIC
fed_funds_eff,2019-09-30,1.764761,PCT,SYNTHETIC,src/generate_history.py seed 42,2026-08-31T00:00:00Z,MONTHLY,SYNTHETIC
fed_funds_eff,2019-10-31,1.737668,PCT,SYNTHETIC,src/generate_history.py seed 42,2026-08-31T00:00:00Z,MONTHLY,SYNTHETIC
fed_funds_eff,2019-11-30,1.745772,PCT,SYNTHETIC,src/generate_history.py seed 42,2026-08-31T00:00:00Z,MONTHLY,SYNTHETIC
fed_funds_eff,2019-12-31,1.574802,PCT,SYNTHETIC,src/generate_history.py seed 42,2026-08-31T00:00:00Z,MONTHLY,SYNTHETIC
fed_funds_eff,2020-01-31,1.509476,PCT,SYNTHETIC,src/generate_history.py seed 42,2026-08-31T00:00:00Z,MONTHLY,SYNTHETIC
fed_funds_eff,2020-02-29,1.522787,PCT,SYNTHETIC,src/generate_history.py seed 42,2026-08-31T00:00:00Z,MONTHLY,SYNTHETIC
fed_funds_eff,2020-03-31,1.384667,PCT,SYNTHETIC,src/generate_history.py seed 42,2026-08-31T00:00:00Z,MONTHLY,SYNTHETIC
fed_funds_eff,2020-04-30,1.429751,PCT,SYNTHETIC,src/generate_history.py seed 42,2026-08-31T00:00:00Z,MONTHLY,SYNTHETIC
fed_funds_eff,2020-05-31,1.357674,PCT,SYNTHETIC,src/generate_history.py seed 42,2026-08-31T00:00:00Z,MONTHLY,SYNTHETIC
fed_funds_eff,2020-06-30,1.322671,PCT,SYNTHETIC,src/generate_history.py seed 42,2026-08-31T00:00:00Z,MONTHLY,SYNTHETIC
fed_funds_eff,2020-07-31,1.250466,PCT,SYNTHETIC,src/generate_history.py seed 42,2026-08-31T00:00:00Z,MONTHLY,SYNTHETIC
fed_funds_eff,2020-08-31,1.47274,PCT,SYNTHETIC,src/generate_history.py seed 42,2026-08-31T00:00:00Z,MONTHLY,SYNTHETIC
fed_funds_eff,2020-09-30,1.47112,PCT,SYNTHETIC,src/generate_history.py seed 42,2026-08-31T00:00:00Z,MONTHLY,SYNTHETIC
fed_funds_eff,2020-10-31,1.344195,PCT,SYNTHETIC,src/generate_history.py seed 42,2026-08-31T00:00:00Z,MONTHLY,SYNTHETIC
fed_funds_eff,2020-11-30,1.4429,PCT,SYNTHETIC,src/generate_history.py seed 42,2026-08-31T00:00:00Z,MONTHLY,SYNTHETIC
fed_funds_eff,2020-12-31,1.296399,PCT,SYNTHETIC,src/generate_history.py seed 42,2026-08-31T00:00:00Z,MONTHLY,SYNTHETIC
fed_funds_eff,2021-01-31,1.321463,PCT,SYNTHETIC,src/generate_history.py seed 42,2026-08-31T00:00:00Z,MONTHLY,SYNTHETIC
fed_funds_eff,2021-02-28,1.086302,PCT,SYNTHETIC,src/generate_history.py seed 42,2026-08-31T00:00:00Z,MONTHLY,SYNTHETIC
fed_funds_eff,2021-03-31,0.92692,PCT,SYNTHETIC,src/generate_history.py seed 42,2026-08-31T00:00:00Z,MONTHLY,SYNTHETIC
fed_funds_eff,2021-04-30,0.950543,PCT,SYNTHETIC,src/generate_history.py seed 42,2026-08-31T00:00:00Z,MONTHLY,SYNTHETIC
fed_funds_eff,2021-05-31,1.039159,PCT,SYNTHETIC,src/generate_history.py seed 42,2026-08-31T00:00:00Z,MONTHLY,SYNTHETIC
fed_funds_eff,2021-06-30,1.059723,PCT,SYNTHETIC,src/generate_history.py seed 42,2026-08-31T00:00:00Z,MONTHLY,SYNTHETIC
fed_funds_eff,2021-07-31,1.045846,PCT,SYNTHETIC,src/generate_history.py seed 42,2026-08-31T00:00:00Z,MONTHLY,SYNTHETIC
fed_funds_eff,2021-08-31,1.009713,PCT,SYNTHETIC,src/generate_history.py seed 42,2026-08-31T00:00:00Z,MONTHLY,SYNTHETIC
fed_funds_eff,2021-09-30,0.83229,PCT,SYNTHETIC,src/generate_history.py seed 42,2026-08-31T00:00:00Z,MONTHLY,SYNTHETIC
fed_funds_eff,2021-10-31,0.745909,PCT,SYNTHETIC,src/generate_history.py seed 42,2026-08-31T00:00:00Z,MONTHLY,SYNTHETIC
fed_funds_eff,2021-11-30,0.690633,PCT,SYNTHETIC,src/generate_history.py seed 42,2026-08-31T00:00:00Z,MONTHLY,SYNTHETIC
fed_funds_eff,2021-12-31,0.817487,PCT,SYNTHETIC,src/generate_history.py seed 42,2026-08-31T00:00:00Z,MONTHLY,SYNTHETIC
fed_funds_eff,2022-01-31,0.858721,PCT,SYNTHETIC,src/generate_history.py seed 42,2026-08-31T00:00:00Z,MONTHLY,SYNTHETIC
fed_funds_eff,2022-02-28,0.647157,PCT,SYNTHETIC,src/generate_history.py seed 42,2026-08-31T00:00:00Z,MONTHLY,SYNTHETIC
fed_funds_eff,2022-03-31,0.686047,PCT,SYNTHETIC,src/generate_history.py seed 42,2026-08-31T00:00:00Z,MONTHLY,SYNTHETIC
fed_funds_eff,2022-04-30,0.639837,PCT,SYNTHETIC,src/generate_history.py seed 42,2026-08-31T00:00:00Z,MONTHLY,SYNTHETIC
fed_funds_eff,2022-05-31,0.558606,PCT,SYNTHETIC,src/generate_history.py seed 42,2026-08-31T00:00:00Z,MONTHLY,SYNTHETIC
fed_funds_eff,2022-06-30,0.632007,PCT,SYNTHETIC,src/generate_history.py seed 42,2026-08-31T00:00:00Z,MONTHLY,SYNTHETIC
fed_funds_eff,2022-07-31,0.755727,PCT,SYNTHETIC,src/generate_history.py seed 42,2026-08-31T00:00:00Z,MONTHLY,SYNTHETIC
fed_funds_eff,2022-08-31,0.867481,PCT,SYNTHETIC,src/generate_history.py seed 42,2026-08-31T00:00:00Z,MONTHLY,SYNTHETIC
fed_funds_eff,2022-09-30,0.766775,PCT,SYNTHETIC,src/generate_history.py seed 42,2026-08-31T00:00:00Z,MONTHLY,SYNTHETIC
fed_funds_eff,2022-10-31,0.729669,PCT,SYNTHETIC,src/generate_history.py seed 42,2026-08-31T00:00:00Z,MONTHLY,SYNTHETIC
fed_funds_eff,2022-11-30,0.769421,PCT,SYNTHETIC,src/generate_history.py seed 42,2026-08-31T00:00:00Z,MONTHLY,SYNTHETIC
fed_funds_eff,2022-12-31,0.886486,PCT,SYNTHETIC,src/generate_history.py seed 42,2026-08-31T00:00:00Z,MONTHLY,SYNTHETIC
fed_funds_eff,2023-01-31,0.828985,PCT,SYNTHETIC,src/generate_history.py seed 42,2026-08-31T00:00:00Z,MONTHLY,SYNTHETIC
fed_funds_eff,2023-02-28,0.806706,PCT,SYNTHETIC,src/generate_history.py seed 42,2026-08-31T00:00:00Z,MONTHLY,SYNTHETIC
fed_funds_eff,2023-03-31,0.673946,PCT,SYNTHETIC,src/generate_history.py seed 42,2026-08-31T00:00:00Z,MONTHLY,SYNTHETIC
fed_funds_eff,2023-04-30,0.530401,PCT,SYNTHETIC,src/generate_history.py seed 42,2026-08-31T00:00:00Z,MONTHLY,SYNTHETIC
fed_funds_eff,2023-05-31,0.627904,PCT,SYNTHETIC,src/generate_history.py seed 42,2026-08-31T00:00:00Z,MONTHLY,SYNTHETIC
fed_funds_eff,2023-06-30,0.790653,PCT,SYNTHETIC,src/generate_history.py seed 42,2026-08-31T00:00:00Z,MONTHLY,SYNTHETIC
fed_funds_eff,2023-07-31,0.782012,PCT,SYNTHETIC,src/generate_history.py seed 42,2026-08-31T00:00:00Z,MONTHLY,SYNTHETIC
fed_funds_eff,2023-08-31,0.902436,PCT,SYNTHETIC,src/generate_history.py seed 42,2026-08-31T00:00:00Z,MONTHLY,SYNTHETIC
fed_funds_eff,2023-09-30,0.945832,PCT,SYNTHETIC,src/generate_history.py seed 42,2026-08-31T00:00:00Z,MONTHLY,SYNTHETIC
fed_funds_eff,2023-10-31,0.868418,PCT,SYNTHETIC,src/generate_history.py seed 42,2026-08-31T00:00:00Z,MONTHLY,SYNTHETIC
fed_funds_eff,2023-11-30,0.911785,PCT,SYNTHETIC,src/generate_history.py seed 42,2026-08-31T00:00:00Z,MONTHLY,SYNTHETIC
fed_funds_eff,2023-12-31,1.09635,PCT,SYNTHETIC,src/generate_history.py seed 42,2026-08-31T00:00:00Z,MONTHLY,SYNTHETIC
fed_funds_eff,2024-01-31,1.092051,PCT,SYNTHETIC,src/generate_history.py seed 42,2026-08-31T00:00:00Z,MONTHLY,SYNTHETIC
fed_funds_eff,2024-02-29,1.279808,PCT,SYNTHETIC,src/generate_history.py seed 42,2026-08-31T00:00:00Z,MONTHLY,SYNTHETIC
fed_funds_eff,2024-03-31,0.965438,PCT,SYNTHETIC,src/generate_history.py seed 42,2026-08-31T00:00:00Z,MONTHLY,SYNTHETIC
fed_funds_eff,2024-04-30,1.064067,PCT,SYNTHETIC,src/generate_history.py seed 42,2026-08-31T00:00:00Z,MONTHLY,SYNTHETIC
fed_funds_eff,2024-05-31,1.074512,PCT,SYNTHETIC,src/generate_history.py seed 42,2026-08-31T00:00:00Z,MONTHLY,SYNTHETIC
fed_funds_eff,2024-06-30,1.038632,PCT,SYNTHETIC,src/generate_history.py seed 42,2026-08-31T00:00:00Z,MONTHLY,SYNTHETIC
fed_funds_eff,2024-07-31,1.049643,PCT,SYNTHETIC,src/generate_history.py seed 42,2026-08-31T00:00:00Z,MONTHLY,SYNTHETIC
fed_funds_eff,2024-08-31,0.811135,PCT,SYNTHETIC,src/generate_history.py seed 42,2026-08-31T00:00:00Z,MONTHLY,SYNTHETIC
fed_funds_eff,2024-09-30,0.784774,PCT,SYNTHETIC,src/generate_history.py seed 42,2026-08-31T00:00:00Z,MONTHLY,SYNTHETIC
fed_funds_eff,2024-10-31,0.827627,PCT,SYNTHETIC,src/generate_history.py seed 42,2026-08-31T00:00:00Z,MONTHLY,SYNTHETIC
fed_funds_eff,2024-11-30,1.004975,PCT,SYNTHETIC,src/generate_history.py seed 42,2026-08-31T00:00:00Z,MONTHLY,SYNTHETIC
fed_funds_eff,2024-12-31,0.942782,PCT,SYNTHETIC,src/generate_history.py seed 42,2026-08-31T00:00:00Z,MONTHLY,SYNTHETIC
fed_funds_eff,2025-01-31,0.845763,PCT,SYNTHETIC,src/generate_history.py seed 42,2026-08-31T00:00:00Z,MONTHLY,SYNTHETIC
fed_funds_eff,2025-02-28,0.785552,PCT,SYNTHETIC,src/generate_history.py seed 42,2026-08-31T00:00:00Z,MONTHLY,SYNTHETIC
fed_funds_eff,2025-03-31,0.8954,PCT,SYNTHETIC,src/generate_history.py seed 42,2026-08-31T00:00:00Z,MONTHLY,SYNTHETIC
fed_funds_eff,2025-04-30,0.934851,PCT,SYNTHETIC,src/generate_history.py seed 42,2026-08-31T00:00:00Z,MONTHLY,SYNTHETIC
fed_funds_eff,2025-05-31,0.871279,PCT,SYNTHETIC,src/generate_history.py seed 42,2026-08-31T00:00:00Z,MONTHLY,SYNTHETIC
fed_funds_eff,2025-06-30,0.932871,PCT,SYNTHETIC,src/generate_history.py seed 42,2026-08-31T00:00:00Z,MONTHLY,SYNTHETIC
fed_funds_eff,2025-07-31,0.944521,PCT,SYNTHETIC,src/generate_history.py seed 42,2026-08-31T00:00:00Z,MONTHLY,SYNTHETIC
fed_funds_eff,2025-08-31,1.060758,PCT,SYNTHETIC,src/generate_history.py seed 42,2026-08-31T00:00:00Z,MONTHLY,SYNTHETIC
fed_funds_eff,2025-09-30,0.976512,PCT,SYNTHETIC,src/generate_history.py seed 42,2026-08-31T00:00:00Z,MONTHLY,SYNTHETIC
fed_funds_eff,2025-10-31,0.937192,PCT,SYNTHETIC,src/generate_history.py seed 42,2026-08-31T00:00:00Z,MONTHLY,SYNTHETIC
fed_funds_eff,2025-11-30,0.890139,PCT,SYNTHETIC,src/generate_history.py seed 42,2026-08-31T00:00:00Z,MONTHLY,SYNTHETIC
fed_funds_eff,2025-12-31,0.714518,PCT,SYNTHETIC,src/generate_history.py seed 42,2026-08-31T00:00:00Z,MONTHLY,SYNTHETIC
fed_funds_eff,2026-01-31,0.750052,PCT,SYNTHETIC,src/generate_history.py seed 42,2026-08-31T00:00:00Z,MONTHLY,SYNTHETIC
fed_funds_eff,2026-02-28,0.781379,PCT,SYNTHETIC,src/generate_history.py seed 42,2026-08-31T00:00:00Z,MONTHLY,SYNTHETIC
fed_funds_eff,2026-03-31,0.781992,PCT,SYNTHETIC,src/generate_history.py seed 42,2026-08-31T00:00:00Z,MONTHLY,SYNTHETIC
fed_funds_eff,2026-04-30,0.753842,PCT,SYNTHETIC,src/generate_history.py seed 42,2026-08-31T00:00:00Z,MONTHLY,SYNTHETIC
fed_funds_eff,2026-05-31,0.583997,PCT,SYNTHETIC,src/generate_history.py seed 42,2026-08-31T00:00:00Z,MONTHLY,SYNTHETIC
fed_funds_eff,2026-06-30,0.53352,PCT,SYNTHETIC,src/generate_history.py seed 42,2026-08-31T00:00:00Z,MONTHLY,SYNTHETIC
fed_funds_eff,2026-07-31,0.492394,PCT,SYNTHETIC,src/generate_history.py seed 42,2026-08-31T00:00:00Z,MONTHLY,SYNTHETIC
gdp_growth_yoy,2018-01-31,1.245058,PCT,SYNTHETIC,financials/market_data.py seed 42 (macro extensions),2026-08-31T00:00:00Z,MONTHLY,SYNTHETIC
gdp_growth_yoy,2018-02-28,1.133642,PCT,SYNTHETIC,financials/market_data.py seed 42 (macro extensions),2026-08-31T00:00:00Z,MONTHLY,SYNTHETIC
gdp_growth_yoy,2018-03-31,1.12517,PCT,SYNTHETIC,financials/market_data.py seed 42 (macro extensions),2026-08-31T00:00:00Z,MONTHLY,SYNTHETIC
gdp_growth_yoy,2018-04-30,-0.623004,PCT,SYNTHETIC,financials/market_data.py seed 42 (macro extensions),2026-08-31T00:00:00Z,MONTHLY,SYNTHETIC
gdp_growth_yoy,2018-05-31,0.993209,PCT,SYNTHETIC,financials/market_data.py seed 42 (macro extensions),2026-08-31T00:00:00Z,MONTHLY,SYNTHETIC
gdp_growth_yoy,2018-06-30,0.848161,PCT,SYNTHETIC,financials/market_data.py seed 42 (macro extensions),2026-08-31T00:00:00Z,MONTHLY,SYNTHETIC
gdp_growth_yoy,2018-07-31,0.744217,PCT,SYNTHETIC,financials/market_data.py seed 42 (macro extensions),2026-08-31T00:00:00Z,MONTHLY,SYNTHETIC
gdp_growth_yoy,2018-08-31,0.988673,PCT,SYNTHETIC,financials/market_data.py seed 42 (macro extensions),2026-08-31T00:00:00Z,MONTHLY,SYNTHETIC
gdp_growth_yoy,2018-09-30,1.524031,PCT,SYNTHETIC,financials/market_data.py seed 42 (macro extensions),2026-08-31T00:00:00Z,MONTHLY,SYNTHETIC
gdp_growth_yoy,2018-10-31,0.940789,PCT,SYNTHETIC,financials/market_data.py seed 42 (macro extensions),2026-08-31T00:00:00Z,MONTHLY,SYNTHETIC
gdp_growth_yoy,2018-11-30,1.553029,PCT,SYNTHETIC,financials/market_data.py seed 42 (macro extensions),2026-08-31T00:00:00Z,MONTHLY,SYNTHETIC
gdp_growth_yoy,2018-12-31,1.345789,PCT,SYNTHETIC,financials/market_data.py seed 42 (macro extensions),2026-08-31T00:00:00Z,MONTHLY,SYNTHETIC
gdp_growth_yoy,2019-01-31,1.445995,PCT,SYNTHETIC,financials/market_data.py seed 42 (macro extensions),2026-08-31T00:00:00Z,MONTHLY,SYNTHETIC
gdp_growth_yoy,2019-02-28,1.237273,PCT,SYNTHETIC,financials/market_data.py seed 42 (macro extensions),2026-08-31T00:00:00Z,MONTHLY,SYNTHETIC
gdp_growth_yoy,2019-03-31,0.167997,PCT,SYNTHETIC,financials/market_data.py seed 42 (macro extensions),2026-08-31T00:00:00Z,MONTHLY,SYNTHETIC
gdp_growth_yoy,2019-04-30,2.458199,PCT,SYNTHETIC,financials/market_data.py seed 42 (macro extensions),2026-08-31T00:00:00Z,MONTHLY,SYNTHETIC
gdp_growth_yoy,2019-05-31,1.160396,PCT,SYNTHETIC,financials/market_data.py seed 42 (macro extensions),2026-08-31T00:00:00Z,MONTHLY,SYNTHETIC
gdp_growth_yoy,2019-06-30,2.175555,PCT,SYNTHETIC,financials/market_data.py seed 42 (macro extensions),2026-08-31T00:00:00Z,MONTHLY,SYNTHETIC
gdp_growth_yoy,2019-07-31,1.650791,PCT,SYNTHETIC,financials/market_data.py seed 42 (macro extensions),2026-08-31T00:00:00Z,MONTHLY,SYNTHETIC
gdp_growth_yoy,2019-08-31,0.916976,PCT,SYNTHETIC,financials/market_data.py seed 42 (macro extensions),2026-08-31T00:00:00Z,MONTHLY,SYNTHETIC
gdp_growth_yoy,2019-09-30,1.59389,PCT,SYNTHETIC,financials/market_data.py seed 42 (macro extensions),2026-08-31T00:00:00Z,MONTHLY,SYNTHETIC
gdp_growth_yoy,2019-10-31,2.240549,PCT,SYNTHETIC,financials/market_data.py seed 42 (macro extensions),2026-08-31T00:00:00Z,MONTHLY,SYNTHETIC
gdp_growth_yoy,2019-11-30,2.072905,PCT,SYNTHETIC,financials/market_data.py seed 42 (macro extensions),2026-08-31T00:00:00Z,MONTHLY,SYNTHETIC
gdp_growth_yoy,2019-12-31,1.525201,PCT,SYNTHETIC,financials/market_data.py seed 42 (macro extensions),2026-08-31T00:00:00Z,MONTHLY,SYNTHETIC
gdp_growth_yoy,2020-01-31,2.026242,PCT,SYNTHETIC,financials/market_data.py seed 42 (macro extensions),2026-08-31T00:00:00Z,MONTHLY,SYNTHETIC
gdp_growth_yoy,2020-02-29,1.456086,PCT,SYNTHETIC,financials/market_data.py seed 42 (macro extensions),2026-08-31T00:00:00Z,MONTHLY,SYNTHETIC
gdp_growth_yoy,2020-03-31,1.420001,PCT,SYNTHETIC,financials/market_data.py seed 42 (macro extensions),2026-08-31T00:00:00Z,MONTHLY,SYNTHETIC
gdp_growth_yoy,2020-04-30,1.72694,PCT,SYNTHETIC,financials/market_data.py seed 42 (macro extensions),2026-08-31T00:00:00Z,MONTHLY,SYNTHETIC
gdp_growth_yoy,2020-05-31,0.192284,PCT,SYNTHETIC,financials/market_data.py seed 42 (macro extensions),2026-08-31T00:00:00Z,MONTHLY,SYNTHETIC
gdp_growth_yoy,2020-06-30,1.052934,PCT,SYNTHETIC,financials/market_data.py seed 42 (macro extensions),2026-08-31T00:00:00Z,MONTHLY,SYNTHETIC
gdp_growth_yoy,2020-07-31,2.362494,PCT,SYNTHETIC,financials/market_data.py seed 42 (macro extensions),2026-08-31T00:00:00Z,MONTHLY,SYNTHETIC
gdp_growth_yoy,2020-08-31,1.11225,PCT,SYNTHETIC,financials/market_data.py seed 42 (macro extensions),2026-08-31T00:00:00Z,MONTHLY,SYNTHETIC
gdp_growth_yoy,2020-09-30,1.454578,PCT,SYNTHETIC,financials/market_data.py seed 42 (macro extensions),2026-08-31T00:00:00Z,MONTHLY,SYNTHETIC
gdp_growth_yoy,2020-10-31,0.798611,PCT,SYNTHETIC,financials/market_data.py seed 42 (macro extensions),2026-08-31T00:00:00Z,MONTHLY,SYNTHETIC
gdp_growth_yoy,2020-11-30,1.755354,PCT,SYNTHETIC,financials/market_data.py seed 42 (macro extensions),2026-08-31T00:00:00Z,MONTHLY,SYNTHETIC
gdp_growth_yoy,2020-12-31,1.68,PCT,SYNTHETIC,financials/market_data.py seed 42 (macro extensions),2026-08-31T00:00:00Z,MONTHLY,SYNTHETIC
gdp_growth_yoy,2021-01-31,1.70442,PCT,SYNTHETIC,financials/market_data.py seed 42 (macro extensions),2026-08-31T00:00:00Z,MONTHLY,SYNTHETIC
gdp_growth_yoy,2021-02-28,1.50741,PCT,SYNTHETIC,financials/market_data.py seed 42 (macro extensions),2026-08-31T00:00:00Z,MONTHLY,SYNTHETIC
gdp_growth_yoy,2021-03-31,2.345967,PCT,SYNTHETIC,financials/market_data.py seed 42 (macro extensions),2026-08-31T00:00:00Z,MONTHLY,SYNTHETIC
gdp_growth_yoy,2021-04-30,1.62378,PCT,SYNTHETIC,financials/market_data.py seed 42 (macro extensions),2026-08-31T00:00:00Z,MONTHLY,SYNTHETIC
gdp_growth_yoy,2021-05-31,1.731695,PCT,SYNTHETIC,financials/market_data.py seed 42 (macro extensions),2026-08-31T00:00:00Z,MONTHLY,SYNTHETIC
gdp_growth_yoy,2021-06-30,1.722953,PCT,SYNTHETIC,financials/market_data.py seed 42 (macro extensions),2026-08-31T00:00:00Z,MONTHLY,SYNTHETIC
gdp_growth_yoy,2021-07-31,0.490879,PCT,SYNTHETIC,financials/market_data.py seed 42 (macro extensions),2026-08-31T00:00:00Z,MONTHLY,SYNTHETIC
gdp_growth_yoy,2021-08-31,1.111144,PCT,SYNTHETIC,financials/market_data.py seed 42 (macro extensions),2026-08-31T00:00:00Z,MONTHLY,SYNTHETIC
gdp_growth_yoy,2021-09-30,1.947111,PCT,SYNTHETIC,financials/market_data.py seed 42 (macro extensions),2026-08-31T00:00:00Z,MONTHLY,SYNTHETIC
gdp_growth_yoy,2021-10-31,1.023104,PCT,SYNTHETIC,financials/market_data.py seed 42 (macro extensions),2026-08-31T00:00:00Z,MONTHLY,SYNTHETIC
gdp_growth_yoy,2021-11-30,0.449207,PCT,SYNTHETIC,financials/market_data.py seed 42 (macro extensions),2026-08-31T00:00:00Z,MONTHLY,SYNTHETIC
gdp_growth_yoy,2021-12-31,0.969617,PCT,SYNTHETIC,financials/market_data.py seed 42 (macro extensions),2026-08-31T00:00:00Z,MONTHLY,SYNTHETIC
gdp_growth_yoy,2022-01-31,2.111394,PCT,SYNTHETIC,financials/market_data.py seed 42 (macro extensions),2026-08-31T00:00:00Z,MONTHLY,SYNTHETIC
gdp_growth_yoy,2022-02-28,1.419144,PCT,SYNTHETIC,financials/market_data.py seed 42 (macro extensions),2026-08-31T00:00:00Z,MONTHLY,SYNTHETIC
gdp_growth_yoy,2022-03-31,0.542053,PCT,SYNTHETIC,financials/market_data.py seed 42 (macro extensions),2026-08-31T00:00:00Z,MONTHLY,SYNTHETIC
gdp_growth_yoy,2022-04-30,1.56264,PCT,SYNTHETIC,financials/market_data.py seed 42 (macro extensions),2026-08-31T00:00:00Z,MONTHLY,SYNTHETIC
gdp_growth_yoy,2022-05-31,1.247953,PCT,SYNTHETIC,financials/market_data.py seed 42 (macro extensions),2026-08-31T00:00:00Z,MONTHLY,SYNTHETIC
gdp_growth_yoy,2022-06-30,1.104686,PCT,SYNTHETIC,financials/market_data.py seed 42 (macro extensions),2026-08-31T00:00:00Z,MONTHLY,SYNTHETIC
gdp_growth_yoy,2022-07-31,2.06667,PCT,SYNTHETIC,financials/market_data.py seed 42 (macro extensions),2026-08-31T00:00:00Z,MONTHLY,SYNTHETIC
gdp_growth_yoy,2022-08-31,1.561213,PCT,SYNTHETIC,financials/market_data.py seed 42 (macro extensions),2026-08-31T00:00:00Z,MONTHLY,SYNTHETIC
gdp_growth_yoy,2022-09-30,2.484793,PCT,SYNTHETIC,financials/market_data.py seed 42 (macro extensions),2026-08-31T00:00:00Z,MONTHLY,SYNTHETIC
gdp_growth_yoy,2022-10-31,1.793331,PCT,SYNTHETIC,financials/market_data.py seed 42 (macro extensions),2026-08-31T00:00:00Z,MONTHLY,SYNTHETIC
gdp_growth_yoy,2022-11-30,1.356315,PCT,SYNTHETIC,financials/market_data.py seed 42 (macro extensions),2026-08-31T00:00:00Z,MONTHLY,SYNTHETIC
gdp_growth_yoy,2022-12-31,2.144669,PCT,SYNTHETIC,financials/market_data.py seed 42 (macro extensions),2026-08-31T00:00:00Z,MONTHLY,SYNTHETIC
gdp_growth_yoy,2023-01-31,0.616354,PCT,SYNTHETIC,financials/market_data.py seed 42 (macro extensions),2026-08-31T00:00:00Z,MONTHLY,SYNTHETIC
gdp_growth_yoy,2023-02-28,2.244276,PCT,SYNTHETIC,financials/market_data.py seed 42 (macro extensions),2026-08-31T00:00:00Z,MONTHLY,SYNTHETIC
gdp_growth_yoy,2023-03-31,1.640374,PCT,SYNTHETIC,financials/market_data.py seed 42 (macro extensions),2026-08-31T00:00:00Z,MONTHLY,SYNTHETIC
gdp_growth_yoy,2023-04-30,1.481241,PCT,SYNTHETIC,financials/market_data.py seed 42 (macro extensions),2026-08-31T00:00:00Z,MONTHLY,SYNTHETIC
gdp_growth_yoy,2023-05-31,0.871828,PCT,SYNTHETIC,financials/market_data.py seed 42 (macro extensions),2026-08-31T00:00:00Z,MONTHLY,SYNTHETIC
gdp_growth_yoy,2023-06-30,2.264425,PCT,SYNTHETIC,financials/market_data.py seed 42 (macro extensions),2026-08-31T00:00:00Z,MONTHLY,SYNTHETIC
gdp_growth_yoy,2023-07-31,0.964964,PCT,SYNTHETIC,financials/market_data.py seed 42 (macro extensions),2026-08-31T00:00:00Z,MONTHLY,SYNTHETIC
gdp_growth_yoy,2023-08-31,1.450981,PCT,SYNTHETIC,financials/market_data.py seed 42 (macro extensions),2026-08-31T00:00:00Z,MONTHLY,SYNTHETIC
gdp_growth_yoy,2023-09-30,2.002015,PCT,SYNTHETIC,financials/market_data.py seed 42 (macro extensions),2026-08-31T00:00:00Z,MONTHLY,SYNTHETIC
gdp_growth_yoy,2023-10-31,1.230404,PCT,SYNTHETIC,financials/market_data.py seed 42 (macro extensions),2026-08-31T00:00:00Z,MONTHLY,SYNTHETIC
gdp_growth_yoy,2023-11-30,1.219666,PCT,SYNTHETIC,financials/market_data.py seed 42 (macro extensions),2026-08-31T00:00:00Z,MONTHLY,SYNTHETIC
gdp_growth_yoy,2023-12-31,1.489225,PCT,SYNTHETIC,financials/market_data.py seed 42 (macro extensions),2026-08-31T00:00:00Z,MONTHLY,SYNTHETIC
gdp_growth_yoy,2024-01-31,1.224459,PCT,SYNTHETIC,financials/market_data.py seed 42 (macro extensions),2026-08-31T00:00:00Z,MONTHLY,SYNTHETIC
gdp_growth_yoy,2024-02-29,1.67538,PCT,SYNTHETIC,financials/market_data.py seed 42 (macro extensions),2026-08-31T00:00:00Z,MONTHLY,SYNTHETIC
gdp_growth_yoy,2024-03-31,1.44996,PCT,SYNTHETIC,financials/market_data.py seed 42 (macro extensions),2026-08-31T00:00:00Z,MONTHLY,SYNTHETIC
gdp_growth_yoy,2024-04-30,1.163238,PCT,SYNTHETIC,financials/market_data.py seed 42 (macro extensions),2026-08-31T00:00:00Z,MONTHLY,SYNTHETIC
gdp_growth_yoy,2024-05-31,0.741564,PCT,SYNTHETIC,financials/market_data.py seed 42 (macro extensions),2026-08-31T00:00:00Z,MONTHLY,SYNTHETIC
gdp_growth_yoy,2024-06-30,2.292085,PCT,SYNTHETIC,financials/market_data.py seed 42 (macro extensions),2026-08-31T00:00:00Z,MONTHLY,SYNTHETIC
gdp_growth_yoy,2024-07-31,0.622936,PCT,SYNTHETIC,financials/market_data.py seed 42 (macro extensions),2026-08-31T00:00:00Z,MONTHLY,SYNTHETIC
gdp_growth_yoy,2024-08-31,2.568941,PCT,SYNTHETIC,financials/market_data.py seed 42 (macro extensions),2026-08-31T00:00:00Z,MONTHLY,SYNTHETIC
gdp_growth_yoy,2024-09-30,1.795148,PCT,SYNTHETIC,financials/market_data.py seed 42 (macro extensions),2026-08-31T00:00:00Z,MONTHLY,SYNTHETIC
gdp_growth_yoy,2024-10-31,1.447246,PCT,SYNTHETIC,financials/market_data.py seed 42 (macro extensions),2026-08-31T00:00:00Z,MONTHLY,SYNTHETIC
gdp_growth_yoy,2024-11-30,1.747893,PCT,SYNTHETIC,financials/market_data.py seed 42 (macro extensions),2026-08-31T00:00:00Z,MONTHLY,SYNTHETIC
gdp_growth_yoy,2024-12-31,2.159161,PCT,SYNTHETIC,financials/market_data.py seed 42 (macro extensions),2026-08-31T00:00:00Z,MONTHLY,SYNTHETIC
gdp_growth_yoy,2025-01-31,1.75437,PCT,SYNTHETIC,financials/market_data.py seed 42 (macro extensions),2026-08-31T00:00:00Z,MONTHLY,SYNTHETIC
gdp_growth_yoy,2025-02-28,1.708503,PCT,SYNTHETIC,financials/market_data.py seed 42 (macro extensions),2026-08-31T00:00:00Z,MONTHLY,SYNTHETIC
gdp_growth_yoy,2025-03-31,1.959645,PCT,SYNTHETIC,financials/market_data.py seed 42 (macro extensions),2026-08-31T00:00:00Z,MONTHLY,SYNTHETIC
gdp_growth_yoy,2025-04-30,1.42901,PCT,SYNTHETIC,financials/market_data.py seed 42 (macro extensions),2026-08-31T00:00:00Z,MONTHLY,SYNTHETIC
gdp_growth_yoy,2025-05-31,1.598863,PCT,SYNTHETIC,financials/market_data.py seed 42 (macro extensions),2026-08-31T00:00:00Z,MONTHLY,SYNTHETIC
gdp_growth_yoy,2025-06-30,2.031256,PCT,SYNTHETIC,financials/market_data.py seed 42 (macro extensions),2026-08-31T00:00:00Z,MONTHLY,SYNTHETIC
gdp_growth_yoy,2025-07-31,1.390097,PCT,SYNTHETIC,financials/market_data.py seed 42 (macro extensions),2026-08-31T00:00:00Z,MONTHLY,SYNTHETIC
gdp_growth_yoy,2025-08-31,1.50013,PCT,SYNTHETIC,financials/market_data.py seed 42 (macro extensions),2026-08-31T00:00:00Z,MONTHLY,SYNTHETIC
gdp_growth_yoy,2025-09-30,1.119673,PCT,SYNTHETIC,financials/market_data.py seed 42 (macro extensions),2026-08-31T00:00:00Z,MONTHLY,SYNTHETIC
gdp_growth_yoy,2025-10-31,1.284267,PCT,SYNTHETIC,financials/market_data.py seed 42 (macro extensions),2026-08-31T00:00:00Z,MONTHLY,SYNTHETIC
gdp_growth_yoy,2025-11-30,1.944543,PCT,SYNTHETIC,financials/market_data.py seed 42 (macro extensions),2026-08-31T00:00:00Z,MONTHLY,SYNTHETIC
gdp_growth_yoy,2025-12-31,1.805737,PCT,SYNTHETIC,financials/market_data.py seed 42 (macro extensions),2026-08-31T00:00:00Z,MONTHLY,SYNTHETIC
gdp_growth_yoy,2026-01-31,1.134657,PCT,SYNTHETIC,financials/market_data.py seed 42 (macro extensions),2026-08-31T00:00:00Z,MONTHLY,SYNTHETIC
gdp_growth_yoy,2026-02-28,1.242258,PCT,SYNTHETIC,financials/market_data.py seed 42 (macro extensions),2026-08-31T00:00:00Z,MONTHLY,SYNTHETIC
gdp_growth_yoy,2026-03-31,1.716976,PCT,SYNTHETIC,financials/market_data.py seed 42 (macro extensions),2026-08-31T00:00:00Z,MONTHLY,SYNTHETIC
gdp_growth_yoy,2026-04-30,1.628429,PCT,SYNTHETIC,financials/market_data.py seed 42 (macro extensions),2026-08-31T00:00:00Z,MONTHLY,SYNTHETIC
gdp_growth_yoy,2026-05-31,1.103358,PCT,SYNTHETIC,financials/market_data.py seed 42 (macro extensions),2026-08-31T00:00:00Z,MONTHLY,SYNTHETIC
gdp_growth_yoy,2026-06-30,1.747239,PCT,SYNTHETIC,financials/market_data.py seed 42 (macro extensions),2026-08-31T00:00:00Z,MONTHLY,SYNTHETIC
gdp_growth_yoy,2026-07-31,1.18459,PCT,SYNTHETIC,financials/market_data.py seed 42 (macro extensions),2026-08-31T00:00:00Z,MONTHLY,SYNTHETIC
hy_oas,2018-01-31,5.894002,PCT_POINTS,SYNTHETIC,financials/market_data.py seed 42 (macro extensions),2026-08-31T00:00:00Z,MONTHLY,SYNTHETIC
hy_oas,2018-02-28,5.710224,PCT_POINTS,SYNTHETIC,financials/market_data.py seed 42 (macro extensions),2026-08-31T00:00:00Z,MONTHLY,SYNTHETIC
hy_oas,2018-03-31,5.60689,PCT_POINTS,SYNTHETIC,financials/market_data.py seed 42 (macro extensions),2026-08-31T00:00:00Z,MONTHLY,SYNTHETIC
hy_oas,2018-04-30,8.153168,PCT_POINTS,SYNTHETIC,financials/market_data.py seed 42 (macro extensions),2026-08-31T00:00:00Z,MONTHLY,SYNTHETIC
hy_oas,2018-05-31,5.824071,PCT_POINTS,SYNTHETIC,financials/market_data.py seed 42 (macro extensions),2026-08-31T00:00:00Z,MONTHLY,SYNTHETIC
hy_oas,2018-06-30,6.073987,PCT_POINTS,SYNTHETIC,financials/market_data.py seed 42 (macro extensions),2026-08-31T00:00:00Z,MONTHLY,SYNTHETIC
hy_oas,2018-07-31,5.983894,PCT_POINTS,SYNTHETIC,financials/market_data.py seed 42 (macro extensions),2026-08-31T00:00:00Z,MONTHLY,SYNTHETIC
hy_oas,2018-08-31,5.716659,PCT_POINTS,SYNTHETIC,financials/market_data.py seed 42 (macro extensions),2026-08-31T00:00:00Z,MONTHLY,SYNTHETIC
hy_oas,2018-09-30,4.970261,PCT_POINTS,SYNTHETIC,financials/market_data.py seed 42 (macro extensions),2026-08-31T00:00:00Z,MONTHLY,SYNTHETIC
hy_oas,2018-10-31,5.985751,PCT_POINTS,SYNTHETIC,financials/market_data.py seed 42 (macro extensions),2026-08-31T00:00:00Z,MONTHLY,SYNTHETIC
hy_oas,2018-11-30,4.908874,PCT_POINTS,SYNTHETIC,financials/market_data.py seed 42 (macro extensions),2026-08-31T00:00:00Z,MONTHLY,SYNTHETIC
hy_oas,2018-12-31,5.519516,PCT_POINTS,SYNTHETIC,financials/market_data.py seed 42 (macro extensions),2026-08-31T00:00:00Z,MONTHLY,SYNTHETIC
hy_oas,2019-01-31,5.276101,PCT_POINTS,SYNTHETIC,financials/market_data.py seed 42 (macro extensions),2026-08-31T00:00:00Z,MONTHLY,SYNTHETIC
hy_oas,2019-02-28,5.583536,PCT_POINTS,SYNTHETIC,financials/market_data.py seed 42 (macro extensions),2026-08-31T00:00:00Z,MONTHLY,SYNTHETIC
hy_oas,2019-03-31,7.254902,PCT_POINTS,SYNTHETIC,financials/market_data.py seed 42 (macro extensions),2026-08-31T00:00:00Z,MONTHLY,SYNTHETIC
hy_oas,2019-04-30,4.094477,PCT_POINTS,SYNTHETIC,financials/market_data.py seed 42 (macro extensions),2026-08-31T00:00:00Z,MONTHLY,SYNTHETIC
hy_oas,2019-05-31,6.070969,PCT_POINTS,SYNTHETIC,financials/market_data.py seed 42 (macro extensions),2026-08-31T00:00:00Z,MONTHLY,SYNTHETIC
hy_oas,2019-06-30,4.142697,PCT_POINTS,SYNTHETIC,financials/market_data.py seed 42 (macro extensions),2026-08-31T00:00:00Z,MONTHLY,SYNTHETIC
hy_oas,2019-07-31,5.047507,PCT_POINTS,SYNTHETIC,financials/market_data.py seed 42 (macro extensions),2026-08-31T00:00:00Z,MONTHLY,SYNTHETIC
hy_oas,2019-08-31,6.289536,PCT_POINTS,SYNTHETIC,financials/market_data.py seed 42 (macro extensions),2026-08-31T00:00:00Z,MONTHLY,SYNTHETIC
hy_oas,2019-09-30,5.889811,PCT_POINTS,SYNTHETIC,financials/market_data.py seed 42 (macro extensions),2026-08-31T00:00:00Z,MONTHLY,SYNTHETIC
hy_oas,2019-10-31,5.246593,PCT_POINTS,SYNTHETIC,financials/market_data.py seed 42 (macro extensions),2026-08-31T00:00:00Z,MONTHLY,SYNTHETIC
hy_oas,2019-11-30,5.310214,PCT_POINTS,SYNTHETIC,financials/market_data.py seed 42 (macro extensions),2026-08-31T00:00:00Z,MONTHLY,SYNTHETIC
hy_oas,2019-12-31,6.280593,PCT_POINTS,SYNTHETIC,financials/market_data.py seed 42 (macro extensions),2026-08-31T00:00:00Z,MONTHLY,SYNTHETIC
hy_oas,2020-01-31,4.943349,PCT_POINTS,SYNTHETIC,financials/market_data.py seed 42 (macro extensions),2026-08-31T00:00:00Z,MONTHLY,SYNTHETIC
hy_oas,2020-02-29,5.578752,PCT_POINTS,SYNTHETIC,financials/market_data.py seed 42 (macro extensions),2026-08-31T00:00:00Z,MONTHLY,SYNTHETIC
hy_oas,2020-03-31,5.50839,PCT_POINTS,SYNTHETIC,financials/market_data.py seed 42 (macro extensions),2026-08-31T00:00:00Z,MONTHLY,SYNTHETIC
hy_oas,2020-04-30,5.159902,PCT_POINTS,SYNTHETIC,financials/market_data.py seed 42 (macro extensions),2026-08-31T00:00:00Z,MONTHLY,SYNTHETIC
hy_oas,2020-05-31,7.165375,PCT_POINTS,SYNTHETIC,financials/market_data.py seed 42 (macro extensions),2026-08-31T00:00:00Z,MONTHLY,SYNTHETIC
hy_oas,2020-06-30,5.908295,PCT_POINTS,SYNTHETIC,financials/market_data.py seed 42 (macro extensions),2026-08-31T00:00:00Z,MONTHLY,SYNTHETIC
hy_oas,2020-07-31,3.563517,PCT_POINTS,SYNTHETIC,financials/market_data.py seed 42 (macro extensions),2026-08-31T00:00:00Z,MONTHLY,SYNTHETIC
hy_oas,2020-08-31,5.289076,PCT_POINTS,SYNTHETIC,financials/market_data.py seed 42 (macro extensions),2026-08-31T00:00:00Z,MONTHLY,SYNTHETIC
hy_oas,2020-09-30,4.533844,PCT_POINTS,SYNTHETIC,financials/market_data.py seed 42 (macro extensions),2026-08-31T00:00:00Z,MONTHLY,SYNTHETIC
hy_oas,2020-10-31,5.68179,PCT_POINTS,SYNTHETIC,financials/market_data.py seed 42 (macro extensions),2026-08-31T00:00:00Z,MONTHLY,SYNTHETIC
hy_oas,2020-11-30,4.362419,PCT_POINTS,SYNTHETIC,financials/market_data.py seed 42 (macro extensions),2026-08-31T00:00:00Z,MONTHLY,SYNTHETIC
hy_oas,2020-12-31,4.94648,PCT_POINTS,SYNTHETIC,financials/market_data.py seed 42 (macro extensions),2026-08-31T00:00:00Z,MONTHLY,SYNTHETIC
hy_oas,2021-01-31,5.226771,PCT_POINTS,SYNTHETIC,financials/market_data.py seed 42 (macro extensions),2026-08-31T00:00:00Z,MONTHLY,SYNTHETIC
hy_oas,2021-02-28,5.381634,PCT_POINTS,SYNTHETIC,financials/market_data.py seed 42 (macro extensions),2026-08-31T00:00:00Z,MONTHLY,SYNTHETIC
hy_oas,2021-03-31,4.237592,PCT_POINTS,SYNTHETIC,financials/market_data.py seed 42 (macro extensions),2026-08-31T00:00:00Z,MONTHLY,SYNTHETIC
hy_oas,2021-04-30,4.758439,PCT_POINTS,SYNTHETIC,financials/market_data.py seed 42 (macro extensions),2026-08-31T00:00:00Z,MONTHLY,SYNTHETIC
hy_oas,2021-05-31,4.559331,PCT_POINTS,SYNTHETIC,financials/market_data.py seed 42 (macro extensions),2026-08-31T00:00:00Z,MONTHLY,SYNTHETIC
hy_oas,2021-06-30,4.785005,PCT_POINTS,SYNTHETIC,financials/market_data.py seed 42 (macro extensions),2026-08-31T00:00:00Z,MONTHLY,SYNTHETIC
hy_oas,2021-07-31,7.103414,PCT_POINTS,SYNTHETIC,financials/market_data.py seed 42 (macro extensions),2026-08-31T00:00:00Z,MONTHLY,SYNTHETIC
hy_oas,2021-08-31,5.848991,PCT_POINTS,SYNTHETIC,financials/market_data.py seed 42 (macro extensions),2026-08-31T00:00:00Z,MONTHLY,SYNTHETIC
hy_oas,2021-09-30,4.51349,PCT_POINTS,SYNTHETIC,financials/market_data.py seed 42 (macro extensions),2026-08-31T00:00:00Z,MONTHLY,SYNTHETIC
hy_oas,2021-10-31,6.234754,PCT_POINTS,SYNTHETIC,financials/market_data.py seed 42 (macro extensions),2026-08-31T00:00:00Z,MONTHLY,SYNTHETIC
hy_oas,2021-11-30,7.410455,PCT_POINTS,SYNTHETIC,financials/market_data.py seed 42 (macro extensions),2026-08-31T00:00:00Z,MONTHLY,SYNTHETIC
hy_oas,2021-12-31,6.385762,PCT_POINTS,SYNTHETIC,financials/market_data.py seed 42 (macro extensions),2026-08-31T00:00:00Z,MONTHLY,SYNTHETIC
hy_oas,2022-01-31,4.382428,PCT_POINTS,SYNTHETIC,financials/market_data.py seed 42 (macro extensions),2026-08-31T00:00:00Z,MONTHLY,SYNTHETIC
hy_oas,2022-02-28,5.284195,PCT_POINTS,SYNTHETIC,financials/market_data.py seed 42 (macro extensions),2026-08-31T00:00:00Z,MONTHLY,SYNTHETIC
hy_oas,2022-03-31,6.665841,PCT_POINTS,SYNTHETIC,financials/market_data.py seed 42 (macro extensions),2026-08-31T00:00:00Z,MONTHLY,SYNTHETIC
hy_oas,2022-04-30,5.069366,PCT_POINTS,SYNTHETIC,financials/market_data.py seed 42 (macro extensions),2026-08-31T00:00:00Z,MONTHLY,SYNTHETIC
hy_oas,2022-05-31,5.913571,PCT_POINTS,SYNTHETIC,financials/market_data.py seed 42 (macro extensions),2026-08-31T00:00:00Z,MONTHLY,SYNTHETIC
hy_oas,2022-06-30,5.949303,PCT_POINTS,SYNTHETIC,financials/market_data.py seed 42 (macro extensions),2026-08-31T00:00:00Z,MONTHLY,SYNTHETIC
hy_oas,2022-07-31,4.633374,PCT_POINTS,SYNTHETIC,financials/market_data.py seed 42 (macro extensions),2026-08-31T00:00:00Z,MONTHLY,SYNTHETIC
hy_oas,2022-08-31,5.280609,PCT_POINTS,SYNTHETIC,financials/market_data.py seed 42 (macro extensions),2026-08-31T00:00:00Z,MONTHLY,SYNTHETIC
hy_oas,2022-09-30,3.68705,PCT_POINTS,SYNTHETIC,financials/market_data.py seed 42 (macro extensions),2026-08-31T00:00:00Z,MONTHLY,SYNTHETIC
hy_oas,2022-10-31,4.537036,PCT_POINTS,SYNTHETIC,financials/market_data.py seed 42 (macro extensions),2026-08-31T00:00:00Z,MONTHLY,SYNTHETIC
hy_oas,2022-11-30,5.225105,PCT_POINTS,SYNTHETIC,financials/market_data.py seed 42 (macro extensions),2026-08-31T00:00:00Z,MONTHLY,SYNTHETIC
hy_oas,2022-12-31,4.627925,PCT_POINTS,SYNTHETIC,financials/market_data.py seed 42 (macro extensions),2026-08-31T00:00:00Z,MONTHLY,SYNTHETIC
hy_oas,2023-01-31,6.842216,PCT_POINTS,SYNTHETIC,financials/market_data.py seed 42 (macro extensions),2026-08-31T00:00:00Z,MONTHLY,SYNTHETIC
hy_oas,2023-02-28,4.538114,PCT_POINTS,SYNTHETIC,financials/market_data.py seed 42 (macro extensions),2026-08-31T00:00:00Z,MONTHLY,SYNTHETIC
hy_oas,2023-03-31,5.283685,PCT_POINTS,SYNTHETIC,financials/market_data.py seed 42 (macro extensions),2026-08-31T00:00:00Z,MONTHLY,SYNTHETIC
hy_oas,2023-04-30,5.702301,PCT_POINTS,SYNTHETIC,financials/market_data.py seed 42 (macro extensions),2026-08-31T00:00:00Z,MONTHLY,SYNTHETIC
hy_oas,2023-05-31,6.581282,PCT_POINTS,SYNTHETIC,financials/market_data.py seed 42 (macro extensions),2026-08-31T00:00:00Z,MONTHLY,SYNTHETIC
hy_oas,2023-06-30,4.430941,PCT_POINTS,SYNTHETIC,financials/market_data.py seed 42 (macro extensions),2026-08-31T00:00:00Z,MONTHLY,SYNTHETIC
hy_oas,2023-07-31,6.400197,PCT_POINTS,SYNTHETIC,financials/market_data.py seed 42 (macro extensions),2026-08-31T00:00:00Z,MONTHLY,SYNTHETIC
hy_oas,2023-08-31,5.830624,PCT_POINTS,SYNTHETIC,financials/market_data.py seed 42 (macro extensions),2026-08-31T00:00:00Z,MONTHLY,SYNTHETIC
hy_oas,2023-09-30,5.259525,PCT_POINTS,SYNTHETIC,financials/market_data.py seed 42 (macro extensions),2026-08-31T00:00:00Z,MONTHLY,SYNTHETIC
hy_oas,2023-10-31,6.345208,PCT_POINTS,SYNTHETIC,financials/market_data.py seed 42 (macro extensions),2026-08-31T00:00:00Z,MONTHLY,SYNTHETIC
hy_oas,2023-11-30,5.955766,PCT_POINTS,SYNTHETIC,financials/market_data.py seed 42 (macro extensions),2026-08-31T00:00:00Z,MONTHLY,SYNTHETIC
hy_oas,2023-12-31,5.131935,PCT_POINTS,SYNTHETIC,financials/market_data.py seed 42 (macro extensions),2026-08-31T00:00:00Z,MONTHLY,SYNTHETIC
hy_oas,2024-01-31,5.809506,PCT_POINTS,SYNTHETIC,financials/market_data.py seed 42 (macro extensions),2026-08-31T00:00:00Z,MONTHLY,SYNTHETIC
hy_oas,2024-02-29,5.462339,PCT_POINTS,SYNTHETIC,financials/market_data.py seed 42 (macro extensions),2026-08-31T00:00:00Z,MONTHLY,SYNTHETIC
hy_oas,2024-03-31,5.8774,PCT_POINTS,SYNTHETIC,financials/market_data.py seed 42 (macro extensions),2026-08-31T00:00:00Z,MONTHLY,SYNTHETIC
hy_oas,2024-04-30,5.991818,PCT_POINTS,SYNTHETIC,financials/market_data.py seed 42 (macro extensions),2026-08-31T00:00:00Z,MONTHLY,SYNTHETIC
hy_oas,2024-05-31,6.839913,PCT_POINTS,SYNTHETIC,financials/market_data.py seed 42 (macro extensions),2026-08-31T00:00:00Z,MONTHLY,SYNTHETIC
hy_oas,2024-06-30,4.728853,PCT_POINTS,SYNTHETIC,financials/market_data.py seed 42 (macro extensions),2026-08-31T00:00:00Z,MONTHLY,SYNTHETIC
hy_oas,2024-07-31,7.114621,PCT_POINTS,SYNTHETIC,financials/market_data.py seed 42 (macro extensions),2026-08-31T00:00:00Z,MONTHLY,SYNTHETIC
hy_oas,2024-08-31,3.921347,PCT_POINTS,SYNTHETIC,financials/market_data.py seed 42 (macro extensions),2026-08-31T00:00:00Z,MONTHLY,SYNTHETIC
hy_oas,2024-09-30,5.350932,PCT_POINTS,SYNTHETIC,financials/market_data.py seed 42 (macro extensions),2026-08-31T00:00:00Z,MONTHLY,SYNTHETIC
hy_oas,2024-10-31,5.929923,PCT_POINTS,SYNTHETIC,financials/market_data.py seed 42 (macro extensions),2026-08-31T00:00:00Z,MONTHLY,SYNTHETIC
hy_oas,2024-11-30,5.654014,PCT_POINTS,SYNTHETIC,financials/market_data.py seed 42 (macro extensions),2026-08-31T00:00:00Z,MONTHLY,SYNTHETIC
hy_oas,2024-12-31,4.956309,PCT_POINTS,SYNTHETIC,financials/market_data.py seed 42 (macro extensions),2026-08-31T00:00:00Z,MONTHLY,SYNTHETIC
hy_oas,2025-01-31,5.245763,PCT_POINTS,SYNTHETIC,financials/market_data.py seed 42 (macro extensions),2026-08-31T00:00:00Z,MONTHLY,SYNTHETIC
hy_oas,2025-02-28,5.064968,PCT_POINTS,SYNTHETIC,financials/market_data.py seed 42 (macro extensions),2026-08-31T00:00:00Z,MONTHLY,SYNTHETIC
hy_oas,2025-03-31,5.220657,PCT_POINTS,SYNTHETIC,financials/market_data.py seed 42 (macro extensions),2026-08-31T00:00:00Z,MONTHLY,SYNTHETIC
hy_oas,2025-04-30,5.91074,PCT_POINTS,SYNTHETIC,financials/market_data.py seed 42 (macro extensions),2026-08-31T00:00:00Z,MONTHLY,SYNTHETIC
hy_oas,2025-05-31,5.534264,PCT_POINTS,SYNTHETIC,financials/market_data.py seed 42 (macro extensions),2026-08-31T00:00:00Z,MONTHLY,SYNTHETIC
hy_oas,2025-06-30,4.793376,PCT_POINTS,SYNTHETIC,financials/market_data.py seed 42 (macro extensions),2026-08-31T00:00:00Z,MONTHLY,SYNTHETIC
hy_oas,2025-07-31,6.082527,PCT_POINTS,SYNTHETIC,financials/market_data.py seed 42 (macro extensions),2026-08-31T00:00:00Z,MONTHLY,SYNTHETIC
hy_oas,2025-08-31,5.58948,PCT_POINTS,SYNTHETIC,financials/market_data.py seed 42 (macro extensions),2026-08-31T00:00:00Z,MONTHLY,SYNTHETIC
hy_oas,2025-09-30,5.734568,PCT_POINTS,SYNTHETIC,financials/market_data.py seed 42 (macro extensions),2026-08-31T00:00:00Z,MONTHLY,SYNTHETIC
hy_oas,2025-10-31,5.701685,PCT_POINTS,SYNTHETIC,financials/market_data.py seed 42 (macro extensions),2026-08-31T00:00:00Z,MONTHLY,SYNTHETIC
hy_oas,2025-11-30,4.886937,PCT_POINTS,SYNTHETIC,financials/market_data.py seed 42 (macro extensions),2026-08-31T00:00:00Z,MONTHLY,SYNTHETIC
hy_oas,2025-12-31,4.859333,PCT_POINTS,SYNTHETIC,financials/market_data.py seed 42 (macro extensions),2026-08-31T00:00:00Z,MONTHLY,SYNTHETIC
hy_oas,2026-01-31,6.020944,PCT_POINTS,SYNTHETIC,financials/market_data.py seed 42 (macro extensions),2026-08-31T00:00:00Z,MONTHLY,SYNTHETIC
hy_oas,2026-02-28,5.87453,PCT_POINTS,SYNTHETIC,financials/market_data.py seed 42 (macro extensions),2026-08-31T00:00:00Z,MONTHLY,SYNTHETIC
hy_oas,2026-03-31,5.396269,PCT_POINTS,SYNTHETIC,financials/market_data.py seed 42 (macro extensions),2026-08-31T00:00:00Z,MONTHLY,SYNTHETIC
hy_oas,2026-04-30,5.35724,PCT_POINTS,SYNTHETIC,financials/market_data.py seed 42 (macro extensions),2026-08-31T00:00:00Z,MONTHLY,SYNTHETIC
hy_oas,2026-05-31,6.229607,PCT_POINTS,SYNTHETIC,financials/market_data.py seed 42 (macro extensions),2026-08-31T00:00:00Z,MONTHLY,SYNTHETIC
hy_oas,2026-06-30,5.031819,PCT_POINTS,SYNTHETIC,financials/market_data.py seed 42 (macro extensions),2026-08-31T00:00:00Z,MONTHLY,SYNTHETIC
hy_oas,2026-07-31,5.992643,PCT_POINTS,SYNTHETIC,financials/market_data.py seed 42 (macro extensions),2026-08-31T00:00:00Z,MONTHLY,SYNTHETIC
ig_oas,2018-01-31,1.799145,PCT_POINTS,SYNTHETIC,financials/market_data.py seed 42 (macro extensions),2026-08-31T00:00:00Z,MONTHLY,SYNTHETIC
ig_oas,2018-02-28,1.791109,PCT_POINTS,SYNTHETIC,financials/market_data.py seed 42 (macro extensions),2026-08-31T00:00:00Z,MONTHLY,SYNTHETIC
ig_oas,2018-03-31,1.770607,PCT_POINTS,SYNTHETIC,financials/market_data.py seed 42 (macro extensions),2026-08-31T00:00:00Z,MONTHLY,SYNTHETIC
ig_oas,2018-04-30,2.595609,PCT_POINTS,SYNTHETIC,financials/market_data.py seed 42 (macro extensions),2026-08-31T00:00:00Z,MONTHLY,SYNTHETIC
ig_oas,2018-05-31,1.896632,PCT_POINTS,SYNTHETIC,financials/market_data.py seed 42 (macro extensions),2026-08-31T00:00:00Z,MONTHLY,SYNTHETIC
ig_oas,2018-06-30,1.986957,PCT_POINTS,SYNTHETIC,financials/market_data.py seed 42 (macro extensions),2026-08-31T00:00:00Z,MONTHLY,SYNTHETIC
ig_oas,2018-07-31,1.927993,PCT_POINTS,SYNTHETIC,financials/market_data.py seed 42 (macro extensions),2026-08-31T00:00:00Z,MONTHLY,SYNTHETIC
ig_oas,2018-08-31,1.835203,PCT_POINTS,SYNTHETIC,financials/market_data.py seed 42 (macro extensions),2026-08-31T00:00:00Z,MONTHLY,SYNTHETIC
ig_oas,2018-09-30,1.569997,PCT_POINTS,SYNTHETIC,financials/market_data.py seed 42 (macro extensions),2026-08-31T00:00:00Z,MONTHLY,SYNTHETIC
ig_oas,2018-10-31,1.907032,PCT_POINTS,SYNTHETIC,financials/market_data.py seed 42 (macro extensions),2026-08-31T00:00:00Z,MONTHLY,SYNTHETIC
ig_oas,2018-11-30,1.524782,PCT_POINTS,SYNTHETIC,financials/market_data.py seed 42 (macro extensions),2026-08-31T00:00:00Z,MONTHLY,SYNTHETIC
ig_oas,2018-12-31,1.736093,PCT_POINTS,SYNTHETIC,financials/market_data.py seed 42 (macro extensions),2026-08-31T00:00:00Z,MONTHLY,SYNTHETIC
ig_oas,2019-01-31,1.648048,PCT_POINTS,SYNTHETIC,financials/market_data.py seed 42 (macro extensions),2026-08-31T00:00:00Z,MONTHLY,SYNTHETIC
ig_oas,2019-02-28,1.781987,PCT_POINTS,SYNTHETIC,financials/market_data.py seed 42 (macro extensions),2026-08-31T00:00:00Z,MONTHLY,SYNTHETIC
ig_oas,2019-03-31,2.302035,PCT_POINTS,SYNTHETIC,financials/market_data.py seed 42 (macro extensions),2026-08-31T00:00:00Z,MONTHLY,SYNTHETIC
ig_oas,2019-04-30,1.41254,PCT_POINTS,SYNTHETIC,financials/market_data.py seed 42 (macro extensions),2026-08-31T00:00:00Z,MONTHLY,SYNTHETIC
ig_oas,2019-05-31,2.011731,PCT_POINTS,SYNTHETIC,financials/market_data.py seed 42 (macro extensions),2026-08-31T00:00:00Z,MONTHLY,SYNTHETIC
ig_oas,2019-06-30,1.346443,PCT_POINTS,SYNTHETIC,financials/market_data.py seed 42 (macro extensions),2026-08-31T00:00:00Z,MONTHLY,SYNTHETIC
ig_oas,2019-07-31,1.604305,PCT_POINTS,SYNTHETIC,financials/market_data.py seed 42 (macro extensions),2026-08-31T00:00:00Z,MONTHLY,SYNTHETIC
ig_oas,2019-08-31,1.921167,PCT_POINTS,SYNTHETIC,financials/market_data.py seed 42 (macro extensions),2026-08-31T00:00:00Z,MONTHLY,SYNTHETIC
ig_oas,2019-09-30,1.780014,PCT_POINTS,SYNTHETIC,financials/market_data.py seed 42 (macro extensions),2026-08-31T00:00:00Z,MONTHLY,SYNTHETIC
ig_oas,2019-10-31,1.650179,PCT_POINTS,SYNTHETIC,financials/market_data.py seed 42 (macro extensions),2026-08-31T00:00:00Z,MONTHLY,SYNTHETIC
ig_oas,2019-11-30,1.687978,PCT_POINTS,SYNTHETIC,financials/market_data.py seed 42 (macro extensions),2026-08-31T00:00:00Z,MONTHLY,SYNTHETIC
ig_oas,2019-12-31,1.941539,PCT_POINTS,SYNTHETIC,financials/market_data.py seed 42 (macro extensions),2026-08-31T00:00:00Z,MONTHLY,SYNTHETIC
ig_oas,2020-01-31,1.495855,PCT_POINTS,SYNTHETIC,financials/market_data.py seed 42 (macro extensions),2026-08-31T00:00:00Z,MONTHLY,SYNTHETIC
ig_oas,2020-02-29,1.690501,PCT_POINTS,SYNTHETIC,financials/market_data.py seed 42 (macro extensions),2026-08-31T00:00:00Z,MONTHLY,SYNTHETIC
ig_oas,2020-03-31,1.622841,PCT_POINTS,SYNTHETIC,financials/market_data.py seed 42 (macro extensions),2026-08-31T00:00:00Z,MONTHLY,SYNTHETIC
ig_oas,2020-04-30,1.500542,PCT_POINTS,SYNTHETIC,financials/market_data.py seed 42 (macro extensions),2026-08-31T00:00:00Z,MONTHLY,SYNTHETIC
ig_oas,2020-05-31,2.12642,PCT_POINTS,SYNTHETIC,financials/market_data.py seed 42 (macro extensions),2026-08-31T00:00:00Z,MONTHLY,SYNTHETIC
ig_oas,2020-06-30,1.803629,PCT_POINTS,SYNTHETIC,financials/market_data.py seed 42 (macro extensions),2026-08-31T00:00:00Z,MONTHLY,SYNTHETIC
ig_oas,2020-07-31,1.124517,PCT_POINTS,SYNTHETIC,financials/market_data.py seed 42 (macro extensions),2026-08-31T00:00:00Z,MONTHLY,SYNTHETIC
ig_oas,2020-08-31,1.546856,PCT_POINTS,SYNTHETIC,financials/market_data.py seed 42 (macro extensions),2026-08-31T00:00:00Z,MONTHLY,SYNTHETIC
ig_oas,2020-09-30,1.343082,PCT_POINTS,SYNTHETIC,financials/market_data.py seed 42 (macro extensions),2026-08-31T00:00:00Z,MONTHLY,SYNTHETIC
ig_oas,2020-10-31,1.69755,PCT_POINTS,SYNTHETIC,financials/market_data.py seed 42 (macro extensions),2026-08-31T00:00:00Z,MONTHLY,SYNTHETIC
ig_oas,2020-11-30,1.323984,PCT_POINTS,SYNTHETIC,financials/market_data.py seed 42 (macro extensions),2026-08-31T00:00:00Z,MONTHLY,SYNTHETIC
ig_oas,2020-12-31,1.566204,PCT_POINTS,SYNTHETIC,financials/market_data.py seed 42 (macro extensions),2026-08-31T00:00:00Z,MONTHLY,SYNTHETIC
ig_oas,2021-01-31,1.560064,PCT_POINTS,SYNTHETIC,financials/market_data.py seed 42 (macro extensions),2026-08-31T00:00:00Z,MONTHLY,SYNTHETIC
ig_oas,2021-02-28,1.588716,PCT_POINTS,SYNTHETIC,financials/market_data.py seed 42 (macro extensions),2026-08-31T00:00:00Z,MONTHLY,SYNTHETIC
ig_oas,2021-03-31,1.277647,PCT_POINTS,SYNTHETIC,financials/market_data.py seed 42 (macro extensions),2026-08-31T00:00:00Z,MONTHLY,SYNTHETIC
ig_oas,2021-04-30,1.374324,PCT_POINTS,SYNTHETIC,financials/market_data.py seed 42 (macro extensions),2026-08-31T00:00:00Z,MONTHLY,SYNTHETIC
ig_oas,2021-05-31,1.386252,PCT_POINTS,SYNTHETIC,financials/market_data.py seed 42 (macro extensions),2026-08-31T00:00:00Z,MONTHLY,SYNTHETIC
ig_oas,2021-06-30,1.470563,PCT_POINTS,SYNTHETIC,financials/market_data.py seed 42 (macro extensions),2026-08-31T00:00:00Z,MONTHLY,SYNTHETIC
ig_oas,2021-07-31,2.199331,PCT_POINTS,SYNTHETIC,financials/market_data.py seed 42 (macro extensions),2026-08-31T00:00:00Z,MONTHLY,SYNTHETIC
ig_oas,2021-08-31,1.794562,PCT_POINTS,SYNTHETIC,financials/market_data.py seed 42 (macro extensions),2026-08-31T00:00:00Z,MONTHLY,SYNTHETIC
ig_oas,2021-09-30,1.425124,PCT_POINTS,SYNTHETIC,financials/market_data.py seed 42 (macro extensions),2026-08-31T00:00:00Z,MONTHLY,SYNTHETIC
ig_oas,2021-10-31,1.978223,PCT_POINTS,SYNTHETIC,financials/market_data.py seed 42 (macro extensions),2026-08-31T00:00:00Z,MONTHLY,SYNTHETIC
ig_oas,2021-11-30,2.32872,PCT_POINTS,SYNTHETIC,financials/market_data.py seed 42 (macro extensions),2026-08-31T00:00:00Z,MONTHLY,SYNTHETIC
ig_oas,2021-12-31,2.019493,PCT_POINTS,SYNTHETIC,financials/market_data.py seed 42 (macro extensions),2026-08-31T00:00:00Z,MONTHLY,SYNTHETIC
ig_oas,2022-01-31,1.418383,PCT_POINTS,SYNTHETIC,financials/market_data.py seed 42 (macro extensions),2026-08-31T00:00:00Z,MONTHLY,SYNTHETIC
ig_oas,2022-02-28,1.643473,PCT_POINTS,SYNTHETIC,financials/market_data.py seed 42 (macro extensions),2026-08-31T00:00:00Z,MONTHLY,SYNTHETIC
ig_oas,2022-03-31,2.047975,PCT_POINTS,SYNTHETIC,financials/market_data.py seed 42 (macro extensions),2026-08-31T00:00:00Z,MONTHLY,SYNTHETIC
ig_oas,2022-04-30,1.56034,PCT_POINTS,SYNTHETIC,financials/market_data.py seed 42 (macro extensions),2026-08-31T00:00:00Z,MONTHLY,SYNTHETIC
ig_oas,2022-05-31,1.82765,PCT_POINTS,SYNTHETIC,financials/market_data.py seed 42 (macro extensions),2026-08-31T00:00:00Z,MONTHLY,SYNTHETIC
ig_oas,2022-06-30,1.874967,PCT_POINTS,SYNTHETIC,financials/market_data.py seed 42 (macro extensions),2026-08-31T00:00:00Z,MONTHLY,SYNTHETIC
ig_oas,2022-07-31,1.428962,PCT_POINTS,SYNTHETIC,financials/market_data.py seed 42 (macro extensions),2026-08-31T00:00:00Z,MONTHLY,SYNTHETIC
ig_oas,2022-08-31,1.616932,PCT_POINTS,SYNTHETIC,financials/market_data.py seed 42 (macro extensions),2026-08-31T00:00:00Z,MONTHLY,SYNTHETIC
ig_oas,2022-09-30,1.197851,PCT_POINTS,SYNTHETIC,financials/market_data.py seed 42 (macro extensions),2026-08-31T00:00:00Z,MONTHLY,SYNTHETIC
ig_oas,2022-10-31,1.413985,PCT_POINTS,SYNTHETIC,financials/market_data.py seed 42 (macro extensions),2026-08-31T00:00:00Z,MONTHLY,SYNTHETIC
ig_oas,2022-11-30,1.584226,PCT_POINTS,SYNTHETIC,financials/market_data.py seed 42 (macro extensions),2026-08-31T00:00:00Z,MONTHLY,SYNTHETIC
ig_oas,2022-12-31,1.415302,PCT_POINTS,SYNTHETIC,financials/market_data.py seed 42 (macro extensions),2026-08-31T00:00:00Z,MONTHLY,SYNTHETIC
ig_oas,2023-01-31,2.113968,PCT_POINTS,SYNTHETIC,financials/market_data.py seed 42 (macro extensions),2026-08-31T00:00:00Z,MONTHLY,SYNTHETIC
ig_oas,2023-02-28,1.41864,PCT_POINTS,SYNTHETIC,financials/market_data.py seed 42 (macro extensions),2026-08-31T00:00:00Z,MONTHLY,SYNTHETIC
ig_oas,2023-03-31,1.691531,PCT_POINTS,SYNTHETIC,financials/market_data.py seed 42 (macro extensions),2026-08-31T00:00:00Z,MONTHLY,SYNTHETIC
ig_oas,2023-04-30,1.840065,PCT_POINTS,SYNTHETIC,financials/market_data.py seed 42 (macro extensions),2026-08-31T00:00:00Z,MONTHLY,SYNTHETIC
ig_oas,2023-05-31,2.122668,PCT_POINTS,SYNTHETIC,financials/market_data.py seed 42 (macro extensions),2026-08-31T00:00:00Z,MONTHLY,SYNTHETIC
ig_oas,2023-06-30,1.48213,PCT_POINTS,SYNTHETIC,financials/market_data.py seed 42 (macro extensions),2026-08-31T00:00:00Z,MONTHLY,SYNTHETIC
ig_oas,2023-07-31,2.147727,PCT_POINTS,SYNTHETIC,financials/market_data.py seed 42 (macro extensions),2026-08-31T00:00:00Z,MONTHLY,SYNTHETIC
ig_oas,2023-08-31,1.93914,PCT_POINTS,SYNTHETIC,financials/market_data.py seed 42 (macro extensions),2026-08-31T00:00:00Z,MONTHLY,SYNTHETIC
ig_oas,2023-09-30,1.663818,PCT_POINTS,SYNTHETIC,financials/market_data.py seed 42 (macro extensions),2026-08-31T00:00:00Z,MONTHLY,SYNTHETIC
ig_oas,2023-10-31,2.045441,PCT_POINTS,SYNTHETIC,financials/market_data.py seed 42 (macro extensions),2026-08-31T00:00:00Z,MONTHLY,SYNTHETIC
ig_oas,2023-11-30,1.893661,PCT_POINTS,SYNTHETIC,financials/market_data.py seed 42 (macro extensions),2026-08-31T00:00:00Z,MONTHLY,SYNTHETIC
ig_oas,2023-12-31,1.639429,PCT_POINTS,SYNTHETIC,financials/market_data.py seed 42 (macro extensions),2026-08-31T00:00:00Z,MONTHLY,SYNTHETIC
ig_oas,2024-01-31,1.884746,PCT_POINTS,SYNTHETIC,financials/market_data.py seed 42 (macro extensions),2026-08-31T00:00:00Z,MONTHLY,SYNTHETIC
ig_oas,2024-02-29,1.699863,PCT_POINTS,SYNTHETIC,financials/market_data.py seed 42 (macro extensions),2026-08-31T00:00:00Z,MONTHLY,SYNTHETIC
ig_oas,2024-03-31,1.769783,PCT_POINTS,SYNTHETIC,financials/market_data.py seed 42 (macro extensions),2026-08-31T00:00:00Z,MONTHLY,SYNTHETIC
ig_oas,2024-04-30,1.743715,PCT_POINTS,SYNTHETIC,financials/market_data.py seed 42 (macro extensions),2026-08-31T00:00:00Z,MONTHLY,SYNTHETIC
ig_oas,2024-05-31,1.979094,PCT_POINTS,SYNTHETIC,financials/market_data.py seed 42 (macro extensions),2026-08-31T00:00:00Z,MONTHLY,SYNTHETIC
ig_oas,2024-06-30,1.378935,PCT_POINTS,SYNTHETIC,financials/market_data.py seed 42 (macro extensions),2026-08-31T00:00:00Z,MONTHLY,SYNTHETIC
ig_oas,2024-07-31,2.126233,PCT_POINTS,SYNTHETIC,financials/market_data.py seed 42 (macro extensions),2026-08-31T00:00:00Z,MONTHLY,SYNTHETIC
ig_oas,2024-08-31,1.185166,PCT_POINTS,SYNTHETIC,financials/market_data.py seed 42 (macro extensions),2026-08-31T00:00:00Z,MONTHLY,SYNTHETIC
ig_oas,2024-09-30,1.560859,PCT_POINTS,SYNTHETIC,financials/market_data.py seed 42 (macro extensions),2026-08-31T00:00:00Z,MONTHLY,SYNTHETIC
ig_oas,2024-10-31,1.653457,PCT_POINTS,SYNTHETIC,financials/market_data.py seed 42 (macro extensions),2026-08-31T00:00:00Z,MONTHLY,SYNTHETIC
ig_oas,2024-11-30,1.596328,PCT_POINTS,SYNTHETIC,financials/market_data.py seed 42 (macro extensions),2026-08-31T00:00:00Z,MONTHLY,SYNTHETIC
ig_oas,2024-12-31,1.387768,PCT_POINTS,SYNTHETIC,financials/market_data.py seed 42 (macro extensions),2026-08-31T00:00:00Z,MONTHLY,SYNTHETIC
ig_oas,2025-01-31,1.51249,PCT_POINTS,SYNTHETIC,financials/market_data.py seed 42 (macro extensions),2026-08-31T00:00:00Z,MONTHLY,SYNTHETIC
ig_oas,2025-02-28,1.500158,PCT_POINTS,SYNTHETIC,financials/market_data.py seed 42 (macro extensions),2026-08-31T00:00:00Z,MONTHLY,SYNTHETIC
ig_oas,2025-03-31,1.559936,PCT_POINTS,SYNTHETIC,financials/market_data.py seed 42 (macro extensions),2026-08-31T00:00:00Z,MONTHLY,SYNTHETIC
ig_oas,2025-04-30,1.802947,PCT_POINTS,SYNTHETIC,financials/market_data.py seed 42 (macro extensions),2026-08-31T00:00:00Z,MONTHLY,SYNTHETIC
ig_oas,2025-05-31,1.699355,PCT_POINTS,SYNTHETIC,financials/market_data.py seed 42 (macro extensions),2026-08-31T00:00:00Z,MONTHLY,SYNTHETIC
ig_oas,2025-06-30,1.497072,PCT_POINTS,SYNTHETIC,financials/market_data.py seed 42 (macro extensions),2026-08-31T00:00:00Z,MONTHLY,SYNTHETIC
ig_oas,2025-07-31,1.851413,PCT_POINTS,SYNTHETIC,financials/market_data.py seed 42 (macro extensions),2026-08-31T00:00:00Z,MONTHLY,SYNTHETIC
ig_oas,2025-08-31,1.696958,PCT_POINTS,SYNTHETIC,financials/market_data.py seed 42 (macro extensions),2026-08-31T00:00:00Z,MONTHLY,SYNTHETIC
ig_oas,2025-09-30,1.74998,PCT_POINTS,SYNTHETIC,financials/market_data.py seed 42 (macro extensions),2026-08-31T00:00:00Z,MONTHLY,SYNTHETIC
ig_oas,2025-10-31,1.773136,PCT_POINTS,SYNTHETIC,financials/market_data.py seed 42 (macro extensions),2026-08-31T00:00:00Z,MONTHLY,SYNTHETIC
ig_oas,2025-11-30,1.50821,PCT_POINTS,SYNTHETIC,financials/market_data.py seed 42 (macro extensions),2026-08-31T00:00:00Z,MONTHLY,SYNTHETIC
ig_oas,2025-12-31,1.519097,PCT_POINTS,SYNTHETIC,financials/market_data.py seed 42 (macro extensions),2026-08-31T00:00:00Z,MONTHLY,SYNTHETIC
ig_oas,2026-01-31,1.852394,PCT_POINTS,SYNTHETIC,financials/market_data.py seed 42 (macro extensions),2026-08-31T00:00:00Z,MONTHLY,SYNTHETIC
ig_oas,2026-02-28,1.801493,PCT_POINTS,SYNTHETIC,financials/market_data.py seed 42 (macro extensions),2026-08-31T00:00:00Z,MONTHLY,SYNTHETIC
ig_oas,2026-03-31,1.689967,PCT_POINTS,SYNTHETIC,financials/market_data.py seed 42 (macro extensions),2026-08-31T00:00:00Z,MONTHLY,SYNTHETIC
ig_oas,2026-04-30,1.592515,PCT_POINTS,SYNTHETIC,financials/market_data.py seed 42 (macro extensions),2026-08-31T00:00:00Z,MONTHLY,SYNTHETIC
ig_oas,2026-05-31,1.809207,PCT_POINTS,SYNTHETIC,financials/market_data.py seed 42 (macro extensions),2026-08-31T00:00:00Z,MONTHLY,SYNTHETIC
ig_oas,2026-06-30,1.404176,PCT_POINTS,SYNTHETIC,financials/market_data.py seed 42 (macro extensions),2026-08-31T00:00:00Z,MONTHLY,SYNTHETIC
ig_oas,2026-07-31,1.619526,PCT_POINTS,SYNTHETIC,financials/market_data.py seed 42 (macro extensions),2026-08-31T00:00:00Z,MONTHLY,SYNTHETIC
pce_yoy,2018-01-31,1.208178,PCT,SYNTHETIC,financials/market_data.py seed 42 (macro extensions),2026-08-31T00:00:00Z,MONTHLY,SYNTHETIC
pce_yoy,2018-02-28,1.668972,PCT,SYNTHETIC,financials/market_data.py seed 42 (macro extensions),2026-08-31T00:00:00Z,MONTHLY,SYNTHETIC
pce_yoy,2018-03-31,2.166564,PCT,SYNTHETIC,financials/market_data.py seed 42 (macro extensions),2026-08-31T00:00:00Z,MONTHLY,SYNTHETIC
pce_yoy,2018-04-30,3.400302,PCT,SYNTHETIC,financials/market_data.py seed 42 (macro extensions),2026-08-31T00:00:00Z,MONTHLY,SYNTHETIC
pce_yoy,2018-05-31,1.927261,PCT,SYNTHETIC,financials/market_data.py seed 42 (macro extensions),2026-08-31T00:00:00Z,MONTHLY,SYNTHETIC
pce_yoy,2018-06-30,1.93789,PCT,SYNTHETIC,financials/market_data.py seed 42 (macro extensions),2026-08-31T00:00:00Z,MONTHLY,SYNTHETIC
pce_yoy,2018-07-31,1.696407,PCT,SYNTHETIC,financials/market_data.py seed 42 (macro extensions),2026-08-31T00:00:00Z,MONTHLY,SYNTHETIC
pce_yoy,2018-08-31,0.21924,PCT,SYNTHETIC,financials/market_data.py seed 42 (macro extensions),2026-08-31T00:00:00Z,MONTHLY,SYNTHETIC
pce_yoy,2018-09-30,1.746568,PCT,SYNTHETIC,financials/market_data.py seed 42 (macro extensions),2026-08-31T00:00:00Z,MONTHLY,SYNTHETIC
pce_yoy,2018-10-31,1.785644,PCT,SYNTHETIC,financials/market_data.py seed 42 (macro extensions),2026-08-31T00:00:00Z,MONTHLY,SYNTHETIC
pce_yoy,2018-11-30,3.768904,PCT,SYNTHETIC,financials/market_data.py seed 42 (macro extensions),2026-08-31T00:00:00Z,MONTHLY,SYNTHETIC
pce_yoy,2018-12-31,1.691065,PCT,SYNTHETIC,financials/market_data.py seed 42 (macro extensions),2026-08-31T00:00:00Z,MONTHLY,SYNTHETIC
pce_yoy,2019-01-31,2.09025,PCT,SYNTHETIC,financials/market_data.py seed 42 (macro extensions),2026-08-31T00:00:00Z,MONTHLY,SYNTHETIC
pce_yoy,2019-02-28,1.877753,PCT,SYNTHETIC,financials/market_data.py seed 42 (macro extensions),2026-08-31T00:00:00Z,MONTHLY,SYNTHETIC
pce_yoy,2019-03-31,0.985627,PCT,SYNTHETIC,financials/market_data.py seed 42 (macro extensions),2026-08-31T00:00:00Z,MONTHLY,SYNTHETIC
pce_yoy,2019-04-30,2.781278,PCT,SYNTHETIC,financials/market_data.py seed 42 (macro extensions),2026-08-31T00:00:00Z,MONTHLY,SYNTHETIC
pce_yoy,2019-05-31,2.48445,PCT,SYNTHETIC,financials/market_data.py seed 42 (macro extensions),2026-08-31T00:00:00Z,MONTHLY,SYNTHETIC
pce_yoy,2019-06-30,2.46285,PCT,SYNTHETIC,financials/market_data.py seed 42 (macro extensions),2026-08-31T00:00:00Z,MONTHLY,SYNTHETIC
pce_yoy,2019-07-31,1.149433,PCT,SYNTHETIC,financials/market_data.py seed 42 (macro extensions),2026-08-31T00:00:00Z,MONTHLY,SYNTHETIC
pce_yoy,2019-08-31,2.992641,PCT,SYNTHETIC,financials/market_data.py seed 42 (macro extensions),2026-08-31T00:00:00Z,MONTHLY,SYNTHETIC
pce_yoy,2019-09-30,0.736621,PCT,SYNTHETIC,financials/market_data.py seed 42 (macro extensions),2026-08-31T00:00:00Z,MONTHLY,SYNTHETIC
pce_yoy,2019-10-31,2.292325,PCT,SYNTHETIC,financials/market_data.py seed 42 (macro extensions),2026-08-31T00:00:00Z,MONTHLY,SYNTHETIC
pce_yoy,2019-11-30,3.640405,PCT,SYNTHETIC,financials/market_data.py seed 42 (macro extensions),2026-08-31T00:00:00Z,MONTHLY,SYNTHETIC
pce_yoy,2019-12-31,1.082179,PCT,SYNTHETIC,financials/market_data.py seed 42 (macro extensions),2026-08-31T00:00:00Z,MONTHLY,SYNTHETIC
pce_yoy,2020-01-31,1.396462,PCT,SYNTHETIC,financials/market_data.py seed 42 (macro extensions),2026-08-31T00:00:00Z,MONTHLY,SYNTHETIC
pce_yoy,2020-02-29,1.91169,PCT,SYNTHETIC,financials/market_data.py seed 42 (macro extensions),2026-08-31T00:00:00Z,MONTHLY,SYNTHETIC
pce_yoy,2020-03-31,1.458508,PCT,SYNTHETIC,financials/market_data.py seed 42 (macro extensions),2026-08-31T00:00:00Z,MONTHLY,SYNTHETIC
pce_yoy,2020-04-30,0.637337,PCT,SYNTHETIC,financials/market_data.py seed 42 (macro extensions),2026-08-31T00:00:00Z,MONTHLY,SYNTHETIC
pce_yoy,2020-05-31,1.949175,PCT,SYNTHETIC,financials/market_data.py seed 42 (macro extensions),2026-08-31T00:00:00Z,MONTHLY,SYNTHETIC
pce_yoy,2020-06-30,1.059374,PCT,SYNTHETIC,financials/market_data.py seed 42 (macro extensions),2026-08-31T00:00:00Z,MONTHLY,SYNTHETIC
pce_yoy,2020-07-31,2.386291,PCT,SYNTHETIC,financials/market_data.py seed 42 (macro extensions),2026-08-31T00:00:00Z,MONTHLY,SYNTHETIC
pce_yoy,2020-08-31,1.227944,PCT,SYNTHETIC,financials/market_data.py seed 42 (macro extensions),2026-08-31T00:00:00Z,MONTHLY,SYNTHETIC
pce_yoy,2020-09-30,3.160796,PCT,SYNTHETIC,financials/market_data.py seed 42 (macro extensions),2026-08-31T00:00:00Z,MONTHLY,SYNTHETIC
pce_yoy,2020-10-31,1.24293,PCT,SYNTHETIC,financials/market_data.py seed 42 (macro extensions),2026-08-31T00:00:00Z,MONTHLY,SYNTHETIC
pce_yoy,2020-11-30,1.639753,PCT,SYNTHETIC,financials/market_data.py seed 42 (macro extensions),2026-08-31T00:00:00Z,MONTHLY,SYNTHETIC
pce_yoy,2020-12-31,2.597554,PCT,SYNTHETIC,financials/market_data.py seed 42 (macro extensions),2026-08-31T00:00:00Z,MONTHLY,SYNTHETIC
pce_yoy,2021-01-31,0.94184,PCT,SYNTHETIC,financials/market_data.py seed 42 (macro extensions),2026-08-31T00:00:00Z,MONTHLY,SYNTHETIC
pce_yoy,2021-02-28,2.055012,PCT,SYNTHETIC,financials/market_data.py seed 42 (macro extensions),2026-08-31T00:00:00Z,MONTHLY,SYNTHETIC
pce_yoy,2021-03-31,2.874078,PCT,SYNTHETIC,financials/market_data.py seed 42 (macro extensions),2026-08-31T00:00:00Z,MONTHLY,SYNTHETIC
pce_yoy,2021-04-30,0.578152,PCT,SYNTHETIC,financials/market_data.py seed 42 (macro extensions),2026-08-31T00:00:00Z,MONTHLY,SYNTHETIC
pce_yoy,2021-05-31,2.046888,PCT,SYNTHETIC,financials/market_data.py seed 42 (macro extensions),2026-08-31T00:00:00Z,MONTHLY,SYNTHETIC
pce_yoy,2021-06-30,2.126867,PCT,SYNTHETIC,financials/market_data.py seed 42 (macro extensions),2026-08-31T00:00:00Z,MONTHLY,SYNTHETIC
pce_yoy,2021-07-31,2.5008,PCT,SYNTHETIC,financials/market_data.py seed 42 (macro extensions),2026-08-31T00:00:00Z,MONTHLY,SYNTHETIC
pce_yoy,2021-08-31,0.893588,PCT,SYNTHETIC,financials/market_data.py seed 42 (macro extensions),2026-08-31T00:00:00Z,MONTHLY,SYNTHETIC
pce_yoy,2021-09-30,0.827645,PCT,SYNTHETIC,financials/market_data.py seed 42 (macro extensions),2026-08-31T00:00:00Z,MONTHLY,SYNTHETIC
pce_yoy,2021-10-31,2.307397,PCT,SYNTHETIC,financials/market_data.py seed 42 (macro extensions),2026-08-31T00:00:00Z,MONTHLY,SYNTHETIC
pce_yoy,2021-11-30,2.165026,PCT,SYNTHETIC,financials/market_data.py seed 42 (macro extensions),2026-08-31T00:00:00Z,MONTHLY,SYNTHETIC
pce_yoy,2021-12-31,2.127397,PCT,SYNTHETIC,financials/market_data.py seed 42 (macro extensions),2026-08-31T00:00:00Z,MONTHLY,SYNTHETIC
pce_yoy,2022-01-31,2.226556,PCT,SYNTHETIC,financials/market_data.py seed 42 (macro extensions),2026-08-31T00:00:00Z,MONTHLY,SYNTHETIC
pce_yoy,2022-02-28,1.393847,PCT,SYNTHETIC,financials/market_data.py seed 42 (macro extensions),2026-08-31T00:00:00Z,MONTHLY,SYNTHETIC
pce_yoy,2022-03-31,2.124946,PCT,SYNTHETIC,financials/market_data.py seed 42 (macro extensions),2026-08-31T00:00:00Z,MONTHLY,SYNTHETIC
pce_yoy,2022-04-30,2.191794,PCT,SYNTHETIC,financials/market_data.py seed 42 (macro extensions),2026-08-31T00:00:00Z,MONTHLY,SYNTHETIC
pce_yoy,2022-05-31,1.296897,PCT,SYNTHETIC,financials/market_data.py seed 42 (macro extensions),2026-08-31T00:00:00Z,MONTHLY,SYNTHETIC
pce_yoy,2022-06-30,3.342257,PCT,SYNTHETIC,financials/market_data.py seed 42 (macro extensions),2026-08-31T00:00:00Z,MONTHLY,SYNTHETIC
pce_yoy,2022-07-31,2.20524,PCT,SYNTHETIC,financials/market_data.py seed 42 (macro extensions),2026-08-31T00:00:00Z,MONTHLY,SYNTHETIC
pce_yoy,2022-08-31,0.844761,PCT,SYNTHETIC,financials/market_data.py seed 42 (macro extensions),2026-08-31T00:00:00Z,MONTHLY,SYNTHETIC
pce_yoy,2022-09-30,2.317119,PCT,SYNTHETIC,financials/market_data.py seed 42 (macro extensions),2026-08-31T00:00:00Z,MONTHLY,SYNTHETIC
pce_yoy,2022-10-31,1.095596,PCT,SYNTHETIC,financials/market_data.py seed 42 (macro extensions),2026-08-31T00:00:00Z,MONTHLY,SYNTHETIC
pce_yoy,2022-11-30,2.457916,PCT,SYNTHETIC,financials/market_data.py seed 42 (macro extensions),2026-08-31T00:00:00Z,MONTHLY,SYNTHETIC
pce_yoy,2022-12-31,2.806802,PCT,SYNTHETIC,financials/market_data.py seed 42 (macro extensions),2026-08-31T00:00:00Z,MONTHLY,SYNTHETIC
pce_yoy,2023-01-31,1.134747,PCT,SYNTHETIC,financials/market_data.py seed 42 (macro extensions),2026-08-31T00:00:00Z,MONTHLY,SYNTHETIC
pce_yoy,2023-02-28,2.554056,PCT,SYNTHETIC,financials/market_data.py seed 42 (macro extensions),2026-08-31T00:00:00Z,MONTHLY,SYNTHETIC
pce_yoy,2023-03-31,2.131714,PCT,SYNTHETIC,financials/market_data.py seed 42 (macro extensions),2026-08-31T00:00:00Z,MONTHLY,SYNTHETIC
pce_yoy,2023-04-30,2.495725,PCT,SYNTHETIC,financials/market_data.py seed 42 (macro extensions),2026-08-31T00:00:00Z,MONTHLY,SYNTHETIC
pce_yoy,2023-05-31,3.392861,PCT,SYNTHETIC,financials/market_data.py seed 42 (macro extensions),2026-08-31T00:00:00Z,MONTHLY,SYNTHETIC
pce_yoy,2023-06-30,1.71497,PCT,SYNTHETIC,financials/market_data.py seed 42 (macro extensions),2026-08-31T00:00:00Z,MONTHLY,SYNTHETIC
pce_yoy,2023-07-31,1.281663,PCT,SYNTHETIC,financials/market_data.py seed 42 (macro extensions),2026-08-31T00:00:00Z,MONTHLY,SYNTHETIC
pce_yoy,2023-08-31,1.144725,PCT,SYNTHETIC,financials/market_data.py seed 42 (macro extensions),2026-08-31T00:00:00Z,MONTHLY,SYNTHETIC
pce_yoy,2023-09-30,1.245637,PCT,SYNTHETIC,financials/market_data.py seed 42 (macro extensions),2026-08-31T00:00:00Z,MONTHLY,SYNTHETIC
pce_yoy,2023-10-31,1.819795,PCT,SYNTHETIC,financials/market_data.py seed 42 (macro extensions),2026-08-31T00:00:00Z,MONTHLY,SYNTHETIC
pce_yoy,2023-11-30,2.085893,PCT,SYNTHETIC,financials/market_data.py seed 42 (macro extensions),2026-08-31T00:00:00Z,MONTHLY,SYNTHETIC
pce_yoy,2023-12-31,1.983214,PCT,SYNTHETIC,financials/market_data.py seed 42 (macro extensions),2026-08-31T00:00:00Z,MONTHLY,SYNTHETIC
pce_yoy,2024-01-31,2.390856,PCT,SYNTHETIC,financials/market_data.py seed 42 (macro extensions),2026-08-31T00:00:00Z,MONTHLY,SYNTHETIC
pce_yoy,2024-02-29,1.782502,PCT,SYNTHETIC,financials/market_data.py seed 42 (macro extensions),2026-08-31T00:00:00Z,MONTHLY,SYNTHETIC
pce_yoy,2024-03-31,2.953734,PCT,SYNTHETIC,financials/market_data.py seed 42 (macro extensions),2026-08-31T00:00:00Z,MONTHLY,SYNTHETIC
pce_yoy,2024-04-30,1.62257,PCT,SYNTHETIC,financials/market_data.py seed 42 (macro extensions),2026-08-31T00:00:00Z,MONTHLY,SYNTHETIC
pce_yoy,2024-05-31,3.991424,PCT,SYNTHETIC,financials/market_data.py seed 42 (macro extensions),2026-08-31T00:00:00Z,MONTHLY,SYNTHETIC
pce_yoy,2024-06-30,2.328956,PCT,SYNTHETIC,financials/market_data.py seed 42 (macro extensions),2026-08-31T00:00:00Z,MONTHLY,SYNTHETIC
pce_yoy,2024-07-31,1.177212,PCT,SYNTHETIC,financials/market_data.py seed 42 (macro extensions),2026-08-31T00:00:00Z,MONTHLY,SYNTHETIC
pce_yoy,2024-08-31,0.988816,PCT,SYNTHETIC,financials/market_data.py seed 42 (macro extensions),2026-08-31T00:00:00Z,MONTHLY,SYNTHETIC
pce_yoy,2024-09-30,2.255017,PCT,SYNTHETIC,financials/market_data.py seed 42 (macro extensions),2026-08-31T00:00:00Z,MONTHLY,SYNTHETIC
pce_yoy,2024-10-31,1.654317,PCT,SYNTHETIC,financials/market_data.py seed 42 (macro extensions),2026-08-31T00:00:00Z,MONTHLY,SYNTHETIC
pce_yoy,2024-11-30,2.388672,PCT,SYNTHETIC,financials/market_data.py seed 42 (macro extensions),2026-08-31T00:00:00Z,MONTHLY,SYNTHETIC
pce_yoy,2024-12-31,2.181854,PCT,SYNTHETIC,financials/market_data.py seed 42 (macro extensions),2026-08-31T00:00:00Z,MONTHLY,SYNTHETIC
pce_yoy,2025-01-31,1.692219,PCT,SYNTHETIC,financials/market_data.py seed 42 (macro extensions),2026-08-31T00:00:00Z,MONTHLY,SYNTHETIC
pce_yoy,2025-02-28,1.112324,PCT,SYNTHETIC,financials/market_data.py seed 42 (macro extensions),2026-08-31T00:00:00Z,MONTHLY,SYNTHETIC
pce_yoy,2025-03-31,0.563447,PCT,SYNTHETIC,financials/market_data.py seed 42 (macro extensions),2026-08-31T00:00:00Z,MONTHLY,SYNTHETIC
pce_yoy,2025-04-30,1.429939,PCT,SYNTHETIC,financials/market_data.py seed 42 (macro extensions),2026-08-31T00:00:00Z,MONTHLY,SYNTHETIC
pce_yoy,2025-05-31,2.505734,PCT,SYNTHETIC,financials/market_data.py seed 42 (macro extensions),2026-08-31T00:00:00Z,MONTHLY,SYNTHETIC
pce_yoy,2025-06-30,2.018625,PCT,SYNTHETIC,financials/market_data.py seed 42 (macro extensions),2026-08-31T00:00:00Z,MONTHLY,SYNTHETIC
pce_yoy,2025-07-31,0.884425,PCT,SYNTHETIC,financials/market_data.py seed 42 (macro extensions),2026-08-31T00:00:00Z,MONTHLY,SYNTHETIC
pce_yoy,2025-08-31,2.009984,PCT,SYNTHETIC,financials/market_data.py seed 42 (macro extensions),2026-08-31T00:00:00Z,MONTHLY,SYNTHETIC
pce_yoy,2025-09-30,2.155313,PCT,SYNTHETIC,financials/market_data.py seed 42 (macro extensions),2026-08-31T00:00:00Z,MONTHLY,SYNTHETIC
pce_yoy,2025-10-31,1.136428,PCT,SYNTHETIC,financials/market_data.py seed 42 (macro extensions),2026-08-31T00:00:00Z,MONTHLY,SYNTHETIC
pce_yoy,2025-11-30,1.8831,PCT,SYNTHETIC,financials/market_data.py seed 42 (macro extensions),2026-08-31T00:00:00Z,MONTHLY,SYNTHETIC
pce_yoy,2025-12-31,1.747814,PCT,SYNTHETIC,financials/market_data.py seed 42 (macro extensions),2026-08-31T00:00:00Z,MONTHLY,SYNTHETIC
pce_yoy,2026-01-31,0.743048,PCT,SYNTHETIC,financials/market_data.py seed 42 (macro extensions),2026-08-31T00:00:00Z,MONTHLY,SYNTHETIC
pce_yoy,2026-02-28,1.922678,PCT,SYNTHETIC,financials/market_data.py seed 42 (macro extensions),2026-08-31T00:00:00Z,MONTHLY,SYNTHETIC
pce_yoy,2026-03-31,2.137098,PCT,SYNTHETIC,financials/market_data.py seed 42 (macro extensions),2026-08-31T00:00:00Z,MONTHLY,SYNTHETIC
pce_yoy,2026-04-30,2.533867,PCT,SYNTHETIC,financials/market_data.py seed 42 (macro extensions),2026-08-31T00:00:00Z,MONTHLY,SYNTHETIC
pce_yoy,2026-05-31,2.518945,PCT,SYNTHETIC,financials/market_data.py seed 42 (macro extensions),2026-08-31T00:00:00Z,MONTHLY,SYNTHETIC
pce_yoy,2026-06-30,0.664844,PCT,SYNTHETIC,financials/market_data.py seed 42 (macro extensions),2026-08-31T00:00:00Z,MONTHLY,SYNTHETIC
pce_yoy,2026-07-31,1.011359,PCT,SYNTHETIC,financials/market_data.py seed 42 (macro extensions),2026-08-31T00:00:00Z,MONTHLY,SYNTHETIC
unemployment_rate,2018-01-31,4.963532,PCT,SYNTHETIC,src/generate_history.py seed 42,2026-08-31T00:00:00Z,MONTHLY,SYNTHETIC
unemployment_rate,2018-02-28,4.962407,PCT,SYNTHETIC,src/generate_history.py seed 42,2026-08-31T00:00:00Z,MONTHLY,SYNTHETIC
unemployment_rate,2018-03-31,4.963543,PCT,SYNTHETIC,src/generate_history.py seed 42,2026-08-31T00:00:00Z,MONTHLY,SYNTHETIC
unemployment_rate,2018-04-30,7.967458,PCT,SYNTHETIC,src/generate_history.py seed 42,2026-08-31T00:00:00Z,MONTHLY,SYNTHETIC
unemployment_rate,2018-05-31,5.013801,PCT,SYNTHETIC,src/generate_history.py seed 42,2026-08-31T00:00:00Z,MONTHLY,SYNTHETIC
unemployment_rate,2018-06-30,5.522009,PCT,SYNTHETIC,src/generate_history.py seed 42,2026-08-31T00:00:00Z,MONTHLY,SYNTHETIC
unemployment_rate,2018-07-31,5.358602,PCT,SYNTHETIC,src/generate_history.py seed 42,2026-08-31T00:00:00Z,MONTHLY,SYNTHETIC
unemployment_rate,2018-08-31,5.086252,PCT,SYNTHETIC,src/generate_history.py seed 42,2026-08-31T00:00:00Z,MONTHLY,SYNTHETIC
unemployment_rate,2018-09-30,4.216258,PCT,SYNTHETIC,src/generate_history.py seed 42,2026-08-31T00:00:00Z,MONTHLY,SYNTHETIC
unemployment_rate,2018-10-31,5.183072,PCT,SYNTHETIC,src/generate_history.py seed 42,2026-08-31T00:00:00Z,MONTHLY,SYNTHETIC
unemployment_rate,2018-11-30,3.804457,PCT,SYNTHETIC,src/generate_history.py seed 42,2026-08-31T00:00:00Z,MONTHLY,SYNTHETIC
unemployment_rate,2018-12-31,4.286863,PCT,SYNTHETIC,src/generate_history.py seed 42,2026-08-31T00:00:00Z,MONTHLY,SYNTHETIC
unemployment_rate,2019-01-31,4.063173,PCT,SYNTHETIC,src/generate_history.py seed 42,2026-08-31T00:00:00Z,MONTHLY,SYNTHETIC
unemployment_rate,2019-02-28,4.573687,PCT,SYNTHETIC,src/generate_history.py seed 42,2026-08-31T00:00:00Z,MONTHLY,SYNTHETIC
unemployment_rate,2019-03-31,6.583193,PCT,SYNTHETIC,src/generate_history.py seed 42,2026-08-31T00:00:00Z,MONTHLY,SYNTHETIC
unemployment_rate,2019-04-30,2.819461,PCT,SYNTHETIC,src/generate_history.py seed 42,2026-08-31T00:00:00Z,MONTHLY,SYNTHETIC
unemployment_rate,2019-05-31,5.117634,PCT,SYNTHETIC,src/generate_history.py seed 42,2026-08-31T00:00:00Z,MONTHLY,SYNTHETIC
unemployment_rate,2019-06-30,3.048556,PCT,SYNTHETIC,src/generate_history.py seed 42,2026-08-31T00:00:00Z,MONTHLY,SYNTHETIC
unemployment_rate,2019-07-31,4.075261,PCT,SYNTHETIC,src/generate_history.py seed 42,2026-08-31T00:00:00Z,MONTHLY,SYNTHETIC
unemployment_rate,2019-08-31,5.480056,PCT,SYNTHETIC,src/generate_history.py seed 42,2026-08-31T00:00:00Z,MONTHLY,SYNTHETIC
unemployment_rate,2019-09-30,4.557852,PCT,SYNTHETIC,src/generate_history.py seed 42,2026-08-31T00:00:00Z,MONTHLY,SYNTHETIC
unemployment_rate,2019-10-31,3.53003,PCT,SYNTHETIC,src/generate_history.py seed 42,2026-08-31T00:00:00Z,MONTHLY,SYNTHETIC
unemployment_rate,2019-11-30,3.856227,PCT,SYNTHETIC,src/generate_history.py seed 42,2026-08-31T00:00:00Z,MONTHLY,SYNTHETIC
unemployment_rate,2019-12-31,5.111638,PCT,SYNTHETIC,src/generate_history.py seed 42,2026-08-31T00:00:00Z,MONTHLY,SYNTHETIC
unemployment_rate,2020-01-31,3.84267,PCT,SYNTHETIC,src/generate_history.py seed 42,2026-08-31T00:00:00Z,MONTHLY,SYNTHETIC
unemployment_rate,2020-02-29,4.694813,PCT,SYNTHETIC,src/generate_history.py seed 42,2026-08-31T00:00:00Z,MONTHLY,SYNTHETIC
unemployment_rate,2020-03-31,4.541015,PCT,SYNTHETIC,src/generate_history.py seed 42,2026-08-31T00:00:00Z,MONTHLY,SYNTHETIC
unemployment_rate,2020-04-30,3.91356,PCT,SYNTHETIC,src/generate_history.py seed 42,2026-08-31T00:00:00Z,MONTHLY,SYNTHETIC
unemployment_rate,2020-05-31,6.42955,PCT,SYNTHETIC,src/generate_history.py seed 42,2026-08-31T00:00:00Z,MONTHLY,SYNTHETIC
unemployment_rate,2020-06-30,5.070527,PCT,SYNTHETIC,src/generate_history.py seed 42,2026-08-31T00:00:00Z,MONTHLY,SYNTHETIC
unemployment_rate,2020-07-31,2.677372,PCT,SYNTHETIC,src/generate_history.py seed 42,2026-08-31T00:00:00Z,MONTHLY,SYNTHETIC
unemployment_rate,2020-08-31,4.667809,PCT,SYNTHETIC,src/generate_history.py seed 42,2026-08-31T00:00:00Z,MONTHLY,SYNTHETIC
unemployment_rate,2020-09-30,3.904392,PCT,SYNTHETIC,src/generate_history.py seed 42,2026-08-31T00:00:00Z,MONTHLY,SYNTHETIC
unemployment_rate,2020-10-31,5.26719,PCT,SYNTHETIC,src/generate_history.py seed 42,2026-08-31T00:00:00Z,MONTHLY,SYNTHETIC
unemployment_rate,2020-11-30,3.786731,PCT,SYNTHETIC,src/generate_history.py seed 42,2026-08-31T00:00:00Z,MONTHLY,SYNTHETIC
unemployment_rate,2020-12-31,4.396737,PCT,SYNTHETIC,src/generate_history.py seed 42,2026-08-31T00:00:00Z,MONTHLY,SYNTHETIC
unemployment_rate,2021-01-31,4.954489,PCT,SYNTHETIC,src/generate_history.py seed 42,2026-08-31T00:00:00Z,MONTHLY,SYNTHETIC
unemployment_rate,2021-02-28,5.27918,PCT,SYNTHETIC,src/generate_history.py seed 42,2026-08-31T00:00:00Z,MONTHLY,SYNTHETIC
unemployment_rate,2021-03-31,3.419733,PCT,SYNTHETIC,src/generate_history.py seed 42,2026-08-31T00:00:00Z,MONTHLY,SYNTHETIC
unemployment_rate,2021-04-30,4.198949,PCT,SYNTHETIC,src/generate_history.py seed 42,2026-08-31T00:00:00Z,MONTHLY,SYNTHETIC
unemployment_rate,2021-05-31,4.072549,PCT,SYNTHETIC,src/generate_history.py seed 42,2026-08-31T00:00:00Z,MONTHLY,SYNTHETIC
unemployment_rate,2021-06-30,3.912004,PCT,SYNTHETIC,src/generate_history.py seed 42,2026-08-31T00:00:00Z,MONTHLY,SYNTHETIC
unemployment_rate,2021-07-31,6.088909,PCT,SYNTHETIC,src/generate_history.py seed 42,2026-08-31T00:00:00Z,MONTHLY,SYNTHETIC
unemployment_rate,2021-08-31,4.864484,PCT,SYNTHETIC,src/generate_history.py seed 42,2026-08-31T00:00:00Z,MONTHLY,SYNTHETIC
unemployment_rate,2021-09-30,3.365204,PCT,SYNTHETIC,src/generate_history.py seed 42,2026-08-31T00:00:00Z,MONTHLY,SYNTHETIC
unemployment_rate,2021-10-31,5.326076,PCT,SYNTHETIC,src/generate_history.py seed 42,2026-08-31T00:00:00Z,MONTHLY,SYNTHETIC
unemployment_rate,2021-11-30,6.409941,PCT,SYNTHETIC,src/generate_history.py seed 42,2026-08-31T00:00:00Z,MONTHLY,SYNTHETIC
unemployment_rate,2021-12-31,5.429219,PCT,SYNTHETIC,src/generate_history.py seed 42,2026-08-31T00:00:00Z,MONTHLY,SYNTHETIC
unemployment_rate,2022-01-31,3.132567,PCT,SYNTHETIC,src/generate_history.py seed 42,2026-08-31T00:00:00Z,MONTHLY,SYNTHETIC
unemployment_rate,2022-02-28,4.064189,PCT,SYNTHETIC,src/generate_history.py seed 42,2026-08-31T00:00:00Z,MONTHLY,SYNTHETIC
unemployment_rate,2022-03-31,5.64022,PCT,SYNTHETIC,src/generate_history.py seed 42,2026-08-31T00:00:00Z,MONTHLY,SYNTHETIC
unemployment_rate,2022-04-30,3.863097,PCT,SYNTHETIC,src/generate_history.py seed 42,2026-08-31T00:00:00Z,MONTHLY,SYNTHETIC
unemployment_rate,2022-05-31,4.899437,PCT,SYNTHETIC,src/generate_history.py seed 42,2026-08-31T00:00:00Z,MONTHLY,SYNTHETIC
unemployment_rate,2022-06-30,5.197171,PCT,SYNTHETIC,src/generate_history.py seed 42,2026-08-31T00:00:00Z,MONTHLY,SYNTHETIC
unemployment_rate,2022-07-31,3.665763,PCT,SYNTHETIC,src/generate_history.py seed 42,2026-08-31T00:00:00Z,MONTHLY,SYNTHETIC
unemployment_rate,2022-08-31,4.446427,PCT,SYNTHETIC,src/generate_history.py seed 42,2026-08-31T00:00:00Z,MONTHLY,SYNTHETIC
unemployment_rate,2022-09-30,2.5,PCT,SYNTHETIC,src/generate_history.py seed 42,2026-08-31T00:00:00Z,MONTHLY,SYNTHETIC
unemployment_rate,2022-10-31,3.578051,PCT,SYNTHETIC,src/generate_history.py seed 42,2026-08-31T00:00:00Z,MONTHLY,SYNTHETIC
unemployment_rate,2022-11-30,4.272689,PCT,SYNTHETIC,src/generate_history.py seed 42,2026-08-31T00:00:00Z,MONTHLY,SYNTHETIC
unemployment_rate,2022-12-31,3.376995,PCT,SYNTHETIC,src/generate_history.py seed 42,2026-08-31T00:00:00Z,MONTHLY,SYNTHETIC
unemployment_rate,2023-01-31,5.96917,PCT,SYNTHETIC,src/generate_history.py seed 42,2026-08-31T00:00:00Z,MONTHLY,SYNTHETIC
unemployment_rate,2023-02-28,3.212873,PCT,SYNTHETIC,src/generate_history.py seed 42,2026-08-31T00:00:00Z,MONTHLY,SYNTHETIC
unemployment_rate,2023-03-31,4.10396,PCT,SYNTHETIC,src/generate_history.py seed 42,2026-08-31T00:00:00Z,MONTHLY,SYNTHETIC
unemployment_rate,2023-04-30,4.617667,PCT,SYNTHETIC,src/generate_history.py seed 42,2026-08-31T00:00:00Z,MONTHLY,SYNTHETIC
unemployment_rate,2023-05-31,5.797146,PCT,SYNTHETIC,src/generate_history.py seed 42,2026-08-31T00:00:00Z,MONTHLY,SYNTHETIC
unemployment_rate,2023-06-30,3.207724,PCT,SYNTHETIC,src/generate_history.py seed 42,2026-08-31T00:00:00Z,MONTHLY,SYNTHETIC
unemployment_rate,2023-07-31,5.546847,PCT,SYNTHETIC,src/generate_history.py seed 42,2026-08-31T00:00:00Z,MONTHLY,SYNTHETIC
unemployment_rate,2023-08-31,4.50921,PCT,SYNTHETIC,src/generate_history.py seed 42,2026-08-31T00:00:00Z,MONTHLY,SYNTHETIC
unemployment_rate,2023-09-30,3.616642,PCT,SYNTHETIC,src/generate_history.py seed 42,2026-08-31T00:00:00Z,MONTHLY,SYNTHETIC
unemployment_rate,2023-10-31,4.915893,PCT,SYNTHETIC,src/generate_history.py seed 42,2026-08-31T00:00:00Z,MONTHLY,SYNTHETIC
unemployment_rate,2023-11-30,4.679154,PCT,SYNTHETIC,src/generate_history.py seed 42,2026-08-31T00:00:00Z,MONTHLY,SYNTHETIC
unemployment_rate,2023-12-31,3.959805,PCT,SYNTHETIC,src/generate_history.py seed 42,2026-08-31T00:00:00Z,MONTHLY,SYNTHETIC
unemployment_rate,2024-01-31,4.562822,PCT,SYNTHETIC,src/generate_history.py seed 42,2026-08-31T00:00:00Z,MONTHLY,SYNTHETIC
unemployment_rate,2024-02-29,4.153218,PCT,SYNTHETIC,src/generate_history.py seed 42,2026-08-31T00:00:00Z,MONTHLY,SYNTHETIC
unemployment_rate,2024-03-31,4.602166,PCT,SYNTHETIC,src/generate_history.py seed 42,2026-08-31T00:00:00Z,MONTHLY,SYNTHETIC
unemployment_rate,2024-04-30,5.095918,PCT,SYNTHETIC,src/generate_history.py seed 42,2026-08-31T00:00:00Z,MONTHLY,SYNTHETIC
unemployment_rate,2024-05-31,5.927415,PCT,SYNTHETIC,src/generate_history.py seed 42,2026-08-31T00:00:00Z,MONTHLY,SYNTHETIC
unemployment_rate,2024-06-30,3.385966,PCT,SYNTHETIC,src/generate_history.py seed 42,2026-08-31T00:00:00Z,MONTHLY,SYNTHETIC
unemployment_rate,2024-07-31,6.41973,PCT,SYNTHETIC,src/generate_history.py seed 42,2026-08-31T00:00:00Z,MONTHLY,SYNTHETIC
unemployment_rate,2024-08-31,2.743121,PCT,SYNTHETIC,src/generate_history.py seed 42,2026-08-31T00:00:00Z,MONTHLY,SYNTHETIC
unemployment_rate,2024-09-30,4.363393,PCT,SYNTHETIC,src/generate_history.py seed 42,2026-08-31T00:00:00Z,MONTHLY,SYNTHETIC
unemployment_rate,2024-10-31,5.029485,PCT,SYNTHETIC,src/generate_history.py seed 42,2026-08-31T00:00:00Z,MONTHLY,SYNTHETIC
unemployment_rate,2024-11-30,4.752893,PCT,SYNTHETIC,src/generate_history.py seed 42,2026-08-31T00:00:00Z,MONTHLY,SYNTHETIC
unemployment_rate,2024-12-31,3.93957,PCT,SYNTHETIC,src/generate_history.py seed 42,2026-08-31T00:00:00Z,MONTHLY,SYNTHETIC
unemployment_rate,2025-01-31,4.31269,PCT,SYNTHETIC,src/generate_history.py seed 42,2026-08-31T00:00:00Z,MONTHLY,SYNTHETIC
unemployment_rate,2025-02-28,4.056299,PCT,SYNTHETIC,src/generate_history.py seed 42,2026-08-31T00:00:00Z,MONTHLY,SYNTHETIC
unemployment_rate,2025-03-31,3.969572,PCT,SYNTHETIC,src/generate_history.py seed 42,2026-08-31T00:00:00Z,MONTHLY,SYNTHETIC
unemployment_rate,2025-04-30,5.264642,PCT,SYNTHETIC,src/generate_history.py seed 42,2026-08-31T00:00:00Z,MONTHLY,SYNTHETIC
unemployment_rate,2025-05-31,4.821314,PCT,SYNTHETIC,src/generate_history.py seed 42,2026-08-31T00:00:00Z,MONTHLY,SYNTHETIC
unemployment_rate,2025-06-30,3.876381,PCT,SYNTHETIC,src/generate_history.py seed 42,2026-08-31T00:00:00Z,MONTHLY,SYNTHETIC
unemployment_rate,2025-07-31,5.30964,PCT,SYNTHETIC,src/generate_history.py seed 42,2026-08-31T00:00:00Z,MONTHLY,SYNTHETIC
unemployment_rate,2025-08-31,4.77657,PCT,SYNTHETIC,src/generate_history.py seed 42,2026-08-31T00:00:00Z,MONTHLY,SYNTHETIC
unemployment_rate,2025-09-30,5.231576,PCT,SYNTHETIC,src/generate_history.py seed 42,2026-08-31T00:00:00Z,MONTHLY,SYNTHETIC
unemployment_rate,2025-10-31,5.066666,PCT,SYNTHETIC,src/generate_history.py seed 42,2026-08-31T00:00:00Z,MONTHLY,SYNTHETIC
unemployment_rate,2025-11-30,3.753904,PCT,SYNTHETIC,src/generate_history.py seed 42,2026-08-31T00:00:00Z,MONTHLY,SYNTHETIC
unemployment_rate,2025-12-31,3.995837,PCT,SYNTHETIC,src/generate_history.py seed 42,2026-08-31T00:00:00Z,MONTHLY,SYNTHETIC
unemployment_rate,2026-01-31,5.172564,PCT,SYNTHETIC,src/generate_history.py seed 42,2026-08-31T00:00:00Z,MONTHLY,SYNTHETIC
unemployment_rate,2026-02-28,5.049333,PCT,SYNTHETIC,src/generate_history.py seed 42,2026-08-31T00:00:00Z,MONTHLY,SYNTHETIC
unemployment_rate,2026-03-31,4.481189,PCT,SYNTHETIC,src/generate_history.py seed 42,2026-08-31T00:00:00Z,MONTHLY,SYNTHETIC
unemployment_rate,2026-04-30,4.605595,PCT,SYNTHETIC,src/generate_history.py seed 42,2026-08-31T00:00:00Z,MONTHLY,SYNTHETIC
unemployment_rate,2026-05-31,5.649898,PCT,SYNTHETIC,src/generate_history.py seed 42,2026-08-31T00:00:00Z,MONTHLY,SYNTHETIC
unemployment_rate,2026-06-30,3.967586,PCT,SYNTHETIC,src/generate_history.py seed 42,2026-08-31T00:00:00Z,MONTHLY,SYNTHETIC
unemployment_rate,2026-07-31,4.992388,PCT,SYNTHETIC,src/generate_history.py seed 42,2026-08-31T00:00:00Z,MONTHLY,SYNTHETIC
ust_10y,2018-01-31,2.358066,PCT,SYNTHETIC,src/generate_history.py seed 42,2026-08-31T00:00:00Z,MONTHLY,SYNTHETIC
ust_10y,2018-02-28,3.056404,PCT,SYNTHETIC,src/generate_history.py seed 42,2026-08-31T00:00:00Z,MONTHLY,SYNTHETIC
ust_10y,2018-03-31,3.208081,PCT,SYNTHETIC,src/generate_history.py seed 42,2026-08-31T00:00:00Z,MONTHLY,SYNTHETIC
ust_10y,2018-04-30,3.124373,PCT,SYNTHETIC,src/generate_history.py seed 42,2026-08-31T00:00:00Z,MONTHLY,SYNTHETIC
ust_10y,2018-05-31,3.420542,PCT,SYNTHETIC,src/generate_history.py seed 42,2026-08-31T00:00:00Z,MONTHLY,SYNTHETIC
ust_10y,2018-06-30,3.167597,PCT,SYNTHETIC,src/generate_history.py seed 42,2026-08-31T00:00:00Z,MONTHLY,SYNTHETIC
ust_10y,2018-07-31,3.219919,PCT,SYNTHETIC,src/generate_history.py seed 42,2026-08-31T00:00:00Z,MONTHLY,SYNTHETIC
ust_10y,2018-08-31,2.731402,PCT,SYNTHETIC,src/generate_history.py seed 42,2026-08-31T00:00:00Z,MONTHLY,SYNTHETIC
ust_10y,2018-09-30,3.467629,PCT,SYNTHETIC,src/generate_history.py seed 42,2026-08-31T00:00:00Z,MONTHLY,SYNTHETIC
ust_10y,2018-10-31,3.462898,PCT,SYNTHETIC,src/generate_history.py seed 42,2026-08-31T00:00:00Z,MONTHLY,SYNTHETIC
ust_10y,2018-11-30,3.63,PCT,SYNTHETIC,src/generate_history.py seed 42,2026-08-31T00:00:00Z,MONTHLY,SYNTHETIC
ust_10y,2018-12-31,3.243526,PCT,SYNTHETIC,src/generate_history.py seed 42,2026-08-31T00:00:00Z,MONTHLY,SYNTHETIC
ust_10y,2019-01-31,3.38828,PCT,SYNTHETIC,src/generate_history.py seed 42,2026-08-31T00:00:00Z,MONTHLY,SYNTHETIC
ust_10y,2019-02-28,3.127048,PCT,SYNTHETIC,src/generate_history.py seed 42,2026-08-31T00:00:00Z,MONTHLY,SYNTHETIC
ust_10y,2019-03-31,2.558126,PCT,SYNTHETIC,src/generate_history.py seed 42,2026-08-31T00:00:00Z,MONTHLY,SYNTHETIC
ust_10y,2019-04-30,3.257954,PCT,SYNTHETIC,src/generate_history.py seed 42,2026-08-31T00:00:00Z,MONTHLY,SYNTHETIC
ust_10y,2019-05-31,2.981476,PCT,SYNTHETIC,src/generate_history.py seed 42,2026-08-31T00:00:00Z,MONTHLY,SYNTHETIC
ust_10y,2019-06-30,2.934152,PCT,SYNTHETIC,src/generate_history.py seed 42,2026-08-31T00:00:00Z,MONTHLY,SYNTHETIC
ust_10y,2019-07-31,2.487483,PCT,SYNTHETIC,src/generate_history.py seed 42,2026-08-31T00:00:00Z,MONTHLY,SYNTHETIC
ust_10y,2019-08-31,2.633512,PCT,SYNTHETIC,src/generate_history.py seed 42,2026-08-31T00:00:00Z,MONTHLY,SYNTHETIC
ust_10y,2019-09-30,2.500534,PCT,SYNTHETIC,src/generate_history.py seed 42,2026-08-31T00:00:00Z,MONTHLY,SYNTHETIC
ust_10y,2019-10-31,3.13034,PCT,SYNTHETIC,src/generate_history.py seed 42,2026-08-31T00:00:00Z,MONTHLY,SYNTHETIC
ust_10y,2019-11-30,3.505275,PCT,SYNTHETIC,src/generate_history.py seed 42,2026-08-31T00:00:00Z,MONTHLY,SYNTHETIC
ust_10y,2019-12-31,2.463556,PCT,SYNTHETIC,src/generate_history.py seed 42,2026-08-31T00:00:00Z,MONTHLY,SYNTHETIC
ust_10y,2020-01-31,2.841375,PCT,SYNTHETIC,src/generate_history.py seed 42,2026-08-31T00:00:00Z,MONTHLY,SYNTHETIC
ust_10y,2020-02-29,2.554644,PCT,SYNTHETIC,src/generate_history.py seed 42,2026-08-31T00:00:00Z,MONTHLY,SYNTHETIC
ust_10y,2020-03-31,2.154712,PCT,SYNTHETIC,src/generate_history.py seed 42,2026-08-31T00:00:00Z,MONTHLY,SYNTHETIC
ust_10y,2020-04-30,2.223122,PCT,SYNTHETIC,src/generate_history.py seed 42,2026-08-31T00:00:00Z,MONTHLY,SYNTHETIC
ust_10y,2020-05-31,2.515294,PCT,SYNTHETIC,src/generate_history.py seed 42,2026-08-31T00:00:00Z,MONTHLY,SYNTHETIC
ust_10y,2020-06-30,2.371618,PCT,SYNTHETIC,src/generate_history.py seed 42,2026-08-31T00:00:00Z,MONTHLY,SYNTHETIC
ust_10y,2020-07-31,2.339159,PCT,SYNTHETIC,src/generate_history.py seed 42,2026-08-31T00:00:00Z,MONTHLY,SYNTHETIC
ust_10y,2020-08-31,2.316911,PCT,SYNTHETIC,src/generate_history.py seed 42,2026-08-31T00:00:00Z,MONTHLY,SYNTHETIC
ust_10y,2020-09-30,2.838884,PCT,SYNTHETIC,src/generate_history.py seed 42,2026-08-31T00:00:00Z,MONTHLY,SYNTHETIC
ust_10y,2020-10-31,2.545207,PCT,SYNTHETIC,src/generate_history.py seed 42,2026-08-31T00:00:00Z,MONTHLY,SYNTHETIC
ust_10y,2020-11-30,2.644587,PCT,SYNTHETIC,src/generate_history.py seed 42,2026-08-31T00:00:00Z,MONTHLY,SYNTHETIC
ust_10y,2020-12-31,2.535637,PCT,SYNTHETIC,src/generate_history.py seed 42,2026-08-31T00:00:00Z,MONTHLY,SYNTHETIC
ust_10y,2021-01-31,2.221202,PCT,SYNTHETIC,src/generate_history.py seed 42,2026-08-31T00:00:00Z,MONTHLY,SYNTHETIC
ust_10y,2021-02-28,2.087717,PCT,SYNTHETIC,src/generate_history.py seed 42,2026-08-31T00:00:00Z,MONTHLY,SYNTHETIC
ust_10y,2021-03-31,2.619628,PCT,SYNTHETIC,src/generate_history.py seed 42,2026-08-31T00:00:00Z,MONTHLY,SYNTHETIC
ust_10y,2021-04-30,2.206634,PCT,SYNTHETIC,src/generate_history.py seed 42,2026-08-31T00:00:00Z,MONTHLY,SYNTHETIC
ust_10y,2021-05-31,2.339582,PCT,SYNTHETIC,src/generate_history.py seed 42,2026-08-31T00:00:00Z,MONTHLY,SYNTHETIC
ust_10y,2021-06-30,2.747968,PCT,SYNTHETIC,src/generate_history.py seed 42,2026-08-31T00:00:00Z,MONTHLY,SYNTHETIC
ust_10y,2021-07-31,2.639301,PCT,SYNTHETIC,src/generate_history.py seed 42,2026-08-31T00:00:00Z,MONTHLY,SYNTHETIC
ust_10y,2021-08-31,2.128651,PCT,SYNTHETIC,src/generate_history.py seed 42,2026-08-31T00:00:00Z,MONTHLY,SYNTHETIC
ust_10y,2021-09-30,2.153783,PCT,SYNTHETIC,src/generate_history.py seed 42,2026-08-31T00:00:00Z,MONTHLY,SYNTHETIC
ust_10y,2021-10-31,2.211397,PCT,SYNTHETIC,src/generate_history.py seed 42,2026-08-31T00:00:00Z,MONTHLY,SYNTHETIC
ust_10y,2021-11-30,2.012132,PCT,SYNTHETIC,src/generate_history.py seed 42,2026-08-31T00:00:00Z,MONTHLY,SYNTHETIC
ust_10y,2021-12-31,2.138866,PCT,SYNTHETIC,src/generate_history.py seed 42,2026-08-31T00:00:00Z,MONTHLY,SYNTHETIC
ust_10y,2022-01-31,2.956669,PCT,SYNTHETIC,src/generate_history.py seed 42,2026-08-31T00:00:00Z,MONTHLY,SYNTHETIC
ust_10y,2022-02-28,2.261058,PCT,SYNTHETIC,src/generate_history.py seed 42,2026-08-31T00:00:00Z,MONTHLY,SYNTHETIC
ust_10y,2022-03-31,2.052077,PCT,SYNTHETIC,src/generate_history.py seed 42,2026-08-31T00:00:00Z,MONTHLY,SYNTHETIC
ust_10y,2022-04-30,2.556825,PCT,SYNTHETIC,src/generate_history.py seed 42,2026-08-31T00:00:00Z,MONTHLY,SYNTHETIC
ust_10y,2022-05-31,2.286813,PCT,SYNTHETIC,src/generate_history.py seed 42,2026-08-31T00:00:00Z,MONTHLY,SYNTHETIC
ust_10y,2022-06-30,2.628946,PCT,SYNTHETIC,src/generate_history.py seed 42,2026-08-31T00:00:00Z,MONTHLY,SYNTHETIC
ust_10y,2022-07-31,2.725131,PCT,SYNTHETIC,src/generate_history.py seed 42,2026-08-31T00:00:00Z,MONTHLY,SYNTHETIC
ust_10y,2022-08-31,2.400783,PCT,SYNTHETIC,src/generate_history.py seed 42,2026-08-31T00:00:00Z,MONTHLY,SYNTHETIC
ust_10y,2022-09-30,2.524908,PCT,SYNTHETIC,src/generate_history.py seed 42,2026-08-31T00:00:00Z,MONTHLY,SYNTHETIC
ust_10y,2022-10-31,2.131615,PCT,SYNTHETIC,src/generate_history.py seed 42,2026-08-31T00:00:00Z,MONTHLY,SYNTHETIC
ust_10y,2022-11-30,2.521673,PCT,SYNTHETIC,src/generate_history.py seed 42,2026-08-31T00:00:00Z,MONTHLY,SYNTHETIC
ust_10y,2022-12-31,2.331905,PCT,SYNTHETIC,src/generate_history.py seed 42,2026-08-31T00:00:00Z,MONTHLY,SYNTHETIC
ust_10y,2023-01-31,1.691122,PCT,SYNTHETIC,src/generate_history.py seed 42,2026-08-31T00:00:00Z,MONTHLY,SYNTHETIC
ust_10y,2023-02-28,2.991705,PCT,SYNTHETIC,src/generate_history.py seed 42,2026-08-31T00:00:00Z,MONTHLY,SYNTHETIC
ust_10y,2023-03-31,2.861943,PCT,SYNTHETIC,src/generate_history.py seed 42,2026-08-31T00:00:00Z,MONTHLY,SYNTHETIC
ust_10y,2023-04-30,2.606388,PCT,SYNTHETIC,src/generate_history.py seed 42,2026-08-31T00:00:00Z,MONTHLY,SYNTHETIC
ust_10y,2023-05-31,2.892625,PCT,SYNTHETIC,src/generate_history.py seed 42,2026-08-31T00:00:00Z,MONTHLY,SYNTHETIC
ust_10y,2023-06-30,2.793881,PCT,SYNTHETIC,src/generate_history.py seed 42,2026-08-31T00:00:00Z,MONTHLY,SYNTHETIC
ust_10y,2023-07-31,2.640254,PCT,SYNTHETIC,src/generate_history.py seed 42,2026-08-31T00:00:00Z,MONTHLY,SYNTHETIC
ust_10y,2023-08-31,2.575847,PCT,SYNTHETIC,src/generate_history.py seed 42,2026-08-31T00:00:00Z,MONTHLY,SYNTHETIC
ust_10y,2023-09-30,2.337577,PCT,SYNTHETIC,src/generate_history.py seed 42,2026-08-31T00:00:00Z,MONTHLY,SYNTHETIC
ust_10y,2023-10-31,2.479016,PCT,SYNTHETIC,src/generate_history.py seed 42,2026-08-31T00:00:00Z,MONTHLY,SYNTHETIC
ust_10y,2023-11-30,2.067949,PCT,SYNTHETIC,src/generate_history.py seed 42,2026-08-31T00:00:00Z,MONTHLY,SYNTHETIC
ust_10y,2023-12-31,2.544723,PCT,SYNTHETIC,src/generate_history.py seed 42,2026-08-31T00:00:00Z,MONTHLY,SYNTHETIC
ust_10y,2024-01-31,2.460202,PCT,SYNTHETIC,src/generate_history.py seed 42,2026-08-31T00:00:00Z,MONTHLY,SYNTHETIC
ust_10y,2024-02-29,2.043615,PCT,SYNTHETIC,src/generate_history.py seed 42,2026-08-31T00:00:00Z,MONTHLY,SYNTHETIC
ust_10y,2024-03-31,2.578463,PCT,SYNTHETIC,src/generate_history.py seed 42,2026-08-31T00:00:00Z,MONTHLY,SYNTHETIC
ust_10y,2024-04-30,2.072251,PCT,SYNTHETIC,src/generate_history.py seed 42,2026-08-31T00:00:00Z,MONTHLY,SYNTHETIC
ust_10y,2024-05-31,3.363409,PCT,SYNTHETIC,src/generate_history.py seed 42,2026-08-31T00:00:00Z,MONTHLY,SYNTHETIC
ust_10y,2024-06-30,2.943778,PCT,SYNTHETIC,src/generate_history.py seed 42,2026-08-31T00:00:00Z,MONTHLY,SYNTHETIC
ust_10y,2024-07-31,2.403561,PCT,SYNTHETIC,src/generate_history.py seed 42,2026-08-31T00:00:00Z,MONTHLY,SYNTHETIC
ust_10y,2024-08-31,2.721294,PCT,SYNTHETIC,src/generate_history.py seed 42,2026-08-31T00:00:00Z,MONTHLY,SYNTHETIC
ust_10y,2024-09-30,2.441336,PCT,SYNTHETIC,src/generate_history.py seed 42,2026-08-31T00:00:00Z,MONTHLY,SYNTHETIC
ust_10y,2024-10-31,2.014246,PCT,SYNTHETIC,src/generate_history.py seed 42,2026-08-31T00:00:00Z,MONTHLY,SYNTHETIC
ust_10y,2024-11-30,2.989448,PCT,SYNTHETIC,src/generate_history.py seed 42,2026-08-31T00:00:00Z,MONTHLY,SYNTHETIC
ust_10y,2024-12-31,2.528434,PCT,SYNTHETIC,src/generate_history.py seed 42,2026-08-31T00:00:00Z,MONTHLY,SYNTHETIC
ust_10y,2025-01-31,2.453279,PCT,SYNTHETIC,src/generate_history.py seed 42,2026-08-31T00:00:00Z,MONTHLY,SYNTHETIC
ust_10y,2025-02-28,2.353766,PCT,SYNTHETIC,src/generate_history.py seed 42,2026-08-31T00:00:00Z,MONTHLY,SYNTHETIC
ust_10y,2025-03-31,1.891296,PCT,SYNTHETIC,src/generate_history.py seed 42,2026-08-31T00:00:00Z,MONTHLY,SYNTHETIC
ust_10y,2025-04-30,1.772926,PCT,SYNTHETIC,src/generate_history.py seed 42,2026-08-31T00:00:00Z,MONTHLY,SYNTHETIC
ust_10y,2025-05-31,2.960137,PCT,SYNTHETIC,src/generate_history.py seed 42,2026-08-31T00:00:00Z,MONTHLY,SYNTHETIC
ust_10y,2025-06-30,2.910718,PCT,SYNTHETIC,src/generate_history.py seed 42,2026-08-31T00:00:00Z,MONTHLY,SYNTHETIC
ust_10y,2025-07-31,1.995293,PCT,SYNTHETIC,src/generate_history.py seed 42,2026-08-31T00:00:00Z,MONTHLY,SYNTHETIC
ust_10y,2025-08-31,2.409436,PCT,SYNTHETIC,src/generate_history.py seed 42,2026-08-31T00:00:00Z,MONTHLY,SYNTHETIC
ust_10y,2025-09-30,2.280324,PCT,SYNTHETIC,src/generate_history.py seed 42,2026-08-31T00:00:00Z,MONTHLY,SYNTHETIC
ust_10y,2025-10-31,2.106303,PCT,SYNTHETIC,src/generate_history.py seed 42,2026-08-31T00:00:00Z,MONTHLY,SYNTHETIC
ust_10y,2025-11-30,2.411093,PCT,SYNTHETIC,src/generate_history.py seed 42,2026-08-31T00:00:00Z,MONTHLY,SYNTHETIC
ust_10y,2025-12-31,2.175045,PCT,SYNTHETIC,src/generate_history.py seed 42,2026-08-31T00:00:00Z,MONTHLY,SYNTHETIC
ust_10y,2026-01-31,2.154126,PCT,SYNTHETIC,src/generate_history.py seed 42,2026-08-31T00:00:00Z,MONTHLY,SYNTHETIC
ust_10y,2026-02-28,2.107744,PCT,SYNTHETIC,src/generate_history.py seed 42,2026-08-31T00:00:00Z,MONTHLY,SYNTHETIC
ust_10y,2026-03-31,2.546828,PCT,SYNTHETIC,src/generate_history.py seed 42,2026-08-31T00:00:00Z,MONTHLY,SYNTHETIC
ust_10y,2026-04-30,2.615275,PCT,SYNTHETIC,src/generate_history.py seed 42,2026-08-31T00:00:00Z,MONTHLY,SYNTHETIC
ust_10y,2026-05-31,2.471512,PCT,SYNTHETIC,src/generate_history.py seed 42,2026-08-31T00:00:00Z,MONTHLY,SYNTHETIC
ust_10y,2026-06-30,1.929151,PCT,SYNTHETIC,src/generate_history.py seed 42,2026-08-31T00:00:00Z,MONTHLY,SYNTHETIC
ust_10y,2026-07-31,1.743281,PCT,SYNTHETIC,src/generate_history.py seed 42,2026-08-31T00:00:00Z,MONTHLY,SYNTHETIC
ust_2y,2018-01-31,1.727883,PCT,SYNTHETIC,src/generate_history.py seed 42,2026-08-31T00:00:00Z,MONTHLY,SYNTHETIC
ust_2y,2018-02-28,1.788486,PCT,SYNTHETIC,src/generate_history.py seed 42,2026-08-31T00:00:00Z,MONTHLY,SYNTHETIC
ust_2y,2018-03-31,2.243733,PCT,SYNTHETIC,src/generate_history.py seed 42,2026-08-31T00:00:00Z,MONTHLY,SYNTHETIC
ust_2y,2018-04-30,2.490322,PCT,SYNTHETIC,src/generate_history.py seed 42,2026-08-31T00:00:00Z,MONTHLY,SYNTHETIC
ust_2y,2018-05-31,2.260878,PCT,SYNTHETIC,src/generate_history.py seed 42,2026-08-31T00:00:00Z,MONTHLY,SYNTHETIC
ust_2y,2018-06-30,2.372755,PCT,SYNTHETIC,src/generate_history.py seed 42,2026-08-31T00:00:00Z,MONTHLY,SYNTHETIC
ust_2y,2018-07-31,2.153926,PCT,SYNTHETIC,src/generate_history.py seed 42,2026-08-31T00:00:00Z,MONTHLY,SYNTHETIC
ust_2y,2018-08-31,2.166913,PCT,SYNTHETIC,src/generate_history.py seed 42,2026-08-31T00:00:00Z,MONTHLY,SYNTHETIC
ust_2y,2018-09-30,2.103676,PCT,SYNTHETIC,src/generate_history.py seed 42,2026-08-31T00:00:00Z,MONTHLY,SYNTHETIC
ust_2y,2018-10-31,2.321524,PCT,SYNTHETIC,src/generate_history.py seed 42,2026-08-31T00:00:00Z,MONTHLY,SYNTHETIC
ust_2y,2018-11-30,2.454601,PCT,SYNTHETIC,src/generate_history.py seed 42,2026-08-31T00:00:00Z,MONTHLY,SYNTHETIC
ust_2y,2018-12-31,2.150797,PCT,SYNTHETIC,src/generate_history.py seed 42,2026-08-31T00:00:00Z,MONTHLY,SYNTHETIC
ust_2y,2019-01-31,2.356383,PCT,SYNTHETIC,src/generate_history.py seed 42,2026-08-31T00:00:00Z,MONTHLY,SYNTHETIC
ust_2y,2019-02-28,1.790493,PCT,SYNTHETIC,src/generate_history.py seed 42,2026-08-31T00:00:00Z,MONTHLY,SYNTHETIC
ust_2y,2019-03-31,2.226826,PCT,SYNTHETIC,src/generate_history.py seed 42,2026-08-31T00:00:00Z,MONTHLY,SYNTHETIC
ust_2y,2019-04-30,1.678999,PCT,SYNTHETIC,src/generate_history.py seed 42,2026-08-31T00:00:00Z,MONTHLY,SYNTHETIC
ust_2y,2019-05-31,1.488895,PCT,SYNTHETIC,src/generate_history.py seed 42,2026-08-31T00:00:00Z,MONTHLY,SYNTHETIC
ust_2y,2019-06-30,2.114944,PCT,SYNTHETIC,src/generate_history.py seed 42,2026-08-31T00:00:00Z,MONTHLY,SYNTHETIC
ust_2y,2019-07-31,1.737559,PCT,SYNTHETIC,src/generate_history.py seed 42,2026-08-31T00:00:00Z,MONTHLY,SYNTHETIC
ust_2y,2019-08-31,1.846028,PCT,SYNTHETIC,src/generate_history.py seed 42,2026-08-31T00:00:00Z,MONTHLY,SYNTHETIC
ust_2y,2019-09-30,1.642435,PCT,SYNTHETIC,src/generate_history.py seed 42,2026-08-31T00:00:00Z,MONTHLY,SYNTHETIC
ust_2y,2019-10-31,1.700612,PCT,SYNTHETIC,src/generate_history.py seed 42,2026-08-31T00:00:00Z,MONTHLY,SYNTHETIC
ust_2y,2019-11-30,1.67787,PCT,SYNTHETIC,src/generate_history.py seed 42,2026-08-31T00:00:00Z,MONTHLY,SYNTHETIC
ust_2y,2019-12-31,1.411188,PCT,SYNTHETIC,src/generate_history.py seed 42,2026-08-31T00:00:00Z,MONTHLY,SYNTHETIC
ust_2y,2020-01-31,1.224861,PCT,SYNTHETIC,src/generate_history.py seed 42,2026-08-31T00:00:00Z,MONTHLY,SYNTHETIC
ust_2y,2020-02-29,1.727828,PCT,SYNTHETIC,src/generate_history.py seed 42,2026-08-31T00:00:00Z,MONTHLY,SYNTHETIC
ust_2y,2020-03-31,1.271319,PCT,SYNTHETIC,src/generate_history.py seed 42,2026-08-31T00:00:00Z,MONTHLY,SYNTHETIC
ust_2y,2020-04-30,1.009859,PCT,SYNTHETIC,src/generate_history.py seed 42,2026-08-31T00:00:00Z,MONTHLY,SYNTHETIC
ust_2y,2020-05-31,1.276137,PCT,SYNTHETIC,src/generate_history.py seed 42,2026-08-31T00:00:00Z,MONTHLY,SYNTHETIC
ust_2y,2020-06-30,1.29776,PCT,SYNTHETIC,src/generate_history.py seed 42,2026-08-31T00:00:00Z,MONTHLY,SYNTHETIC
ust_2y,2020-07-31,1.18375,PCT,SYNTHETIC,src/generate_history.py seed 42,2026-08-31T00:00:00Z,MONTHLY,SYNTHETIC
ust_2y,2020-08-31,1.118669,PCT,SYNTHETIC,src/generate_history.py seed 42,2026-08-31T00:00:00Z,MONTHLY,SYNTHETIC
ust_2y,2020-09-30,1.680254,PCT,SYNTHETIC,src/generate_history.py seed 42,2026-08-31T00:00:00Z,MONTHLY,SYNTHETIC
ust_2y,2020-10-31,1.305397,PCT,SYNTHETIC,src/generate_history.py seed 42,2026-08-31T00:00:00Z,MONTHLY,SYNTHETIC
ust_2y,2020-11-30,1.246792,PCT,SYNTHETIC,src/generate_history.py seed 42,2026-08-31T00:00:00Z,MONTHLY,SYNTHETIC
ust_2y,2020-12-31,1.282162,PCT,SYNTHETIC,src/generate_history.py seed 42,2026-08-31T00:00:00Z,MONTHLY,SYNTHETIC
ust_2y,2021-01-31,1.231406,PCT,SYNTHETIC,src/generate_history.py seed 42,2026-08-31T00:00:00Z,MONTHLY,SYNTHETIC
ust_2y,2021-02-28,0.810001,PCT,SYNTHETIC,src/generate_history.py seed 42,2026-08-31T00:00:00Z,MONTHLY,SYNTHETIC
ust_2y,2021-03-31,0.830181,PCT,SYNTHETIC,src/generate_history.py seed 42,2026-08-31T00:00:00Z,MONTHLY,SYNTHETIC
ust_2y,2021-04-30,0.670398,PCT,SYNTHETIC,src/generate_history.py seed 42,2026-08-31T00:00:00Z,MONTHLY,SYNTHETIC
ust_2y,2021-05-31,1.078164,PCT,SYNTHETIC,src/generate_history.py seed 42,2026-08-31T00:00:00Z,MONTHLY,SYNTHETIC
ust_2y,2021-06-30,1.233705,PCT,SYNTHETIC,src/generate_history.py seed 42,2026-08-31T00:00:00Z,MONTHLY,SYNTHETIC
ust_2y,2021-07-31,1.577042,PCT,SYNTHETIC,src/generate_history.py seed 42,2026-08-31T00:00:00Z,MONTHLY,SYNTHETIC
ust_2y,2021-08-31,1.153266,PCT,SYNTHETIC,src/generate_history.py seed 42,2026-08-31T00:00:00Z,MONTHLY,SYNTHETIC
ust_2y,2021-09-30,0.755778,PCT,SYNTHETIC,src/generate_history.py seed 42,2026-08-31T00:00:00Z,MONTHLY,SYNTHETIC
ust_2y,2021-10-31,0.947311,PCT,SYNTHETIC,src/generate_history.py seed 42,2026-08-31T00:00:00Z,MONTHLY,SYNTHETIC
ust_2y,2021-11-30,0.63298,PCT,SYNTHETIC,src/generate_history.py seed 42,2026-08-31T00:00:00Z,MONTHLY,SYNTHETIC
ust_2y,2021-12-31,0.968546,PCT,SYNTHETIC,src/generate_history.py seed 42,2026-08-31T00:00:00Z,MONTHLY,SYNTHETIC
ust_2y,2022-01-31,0.94345,PCT,SYNTHETIC,src/generate_history.py seed 42,2026-08-31T00:00:00Z,MONTHLY,SYNTHETIC
ust_2y,2022-02-28,0.814444,PCT,SYNTHETIC,src/generate_history.py seed 42,2026-08-31T00:00:00Z,MONTHLY,SYNTHETIC
ust_2y,2022-03-31,0.665598,PCT,SYNTHETIC,src/generate_history.py seed 42,2026-08-31T00:00:00Z,MONTHLY,SYNTHETIC
ust_2y,2022-04-30,0.974883,PCT,SYNTHETIC,src/generate_history.py seed 42,2026-08-31T00:00:00Z,MONTHLY,SYNTHETIC
ust_2y,2022-05-31,1.046417,PCT,SYNTHETIC,src/generate_history.py seed 42,2026-08-31T00:00:00Z,MONTHLY,SYNTHETIC
ust_2y,2022-06-30,1.000708,PCT,SYNTHETIC,src/generate_history.py seed 42,2026-08-31T00:00:00Z,MONTHLY,SYNTHETIC
ust_2y,2022-07-31,1.054083,PCT,SYNTHETIC,src/generate_history.py seed 42,2026-08-31T00:00:00Z,MONTHLY,SYNTHETIC
ust_2y,2022-08-31,1.01019,PCT,SYNTHETIC,src/generate_history.py seed 42,2026-08-31T00:00:00Z,MONTHLY,SYNTHETIC
ust_2y,2022-09-30,0.883562,PCT,SYNTHETIC,src/generate_history.py seed 42,2026-08-31T00:00:00Z,MONTHLY,SYNTHETIC
ust_2y,2022-10-31,0.816313,PCT,SYNTHETIC,src/generate_history.py seed 42,2026-08-31T00:00:00Z,MONTHLY,SYNTHETIC
ust_2y,2022-11-30,1.004664,PCT,SYNTHETIC,src/generate_history.py seed 42,2026-08-31T00:00:00Z,MONTHLY,SYNTHETIC
ust_2y,2022-12-31,1.158315,PCT,SYNTHETIC,src/generate_history.py seed 42,2026-08-31T00:00:00Z,MONTHLY,SYNTHETIC
ust_2y,2023-01-31,0.660005,PCT,SYNTHETIC,src/generate_history.py seed 42,2026-08-31T00:00:00Z,MONTHLY,SYNTHETIC
ust_2y,2023-02-28,1.056762,PCT,SYNTHETIC,src/generate_history.py seed 42,2026-08-31T00:00:00Z,MONTHLY,SYNTHETIC
ust_2y,2023-03-31,1.009493,PCT,SYNTHETIC,src/generate_history.py seed 42,2026-08-31T00:00:00Z,MONTHLY,SYNTHETIC
ust_2y,2023-04-30,1.189234,PCT,SYNTHETIC,src/generate_history.py seed 42,2026-08-31T00:00:00Z,MONTHLY,SYNTHETIC
ust_2y,2023-05-31,1.268361,PCT,SYNTHETIC,src/generate_history.py seed 42,2026-08-31T00:00:00Z,MONTHLY,SYNTHETIC
ust_2y,2023-06-30,1.431839,PCT,SYNTHETIC,src/generate_history.py seed 42,2026-08-31T00:00:00Z,MONTHLY,SYNTHETIC
ust_2y,2023-07-31,0.634224,PCT,SYNTHETIC,src/generate_history.py seed 42,2026-08-31T00:00:00Z,MONTHLY,SYNTHETIC
ust_2y,2023-08-31,1.118165,PCT,SYNTHETIC,src/generate_history.py seed 42,2026-08-31T00:00:00Z,MONTHLY,SYNTHETIC
ust_2y,2023-09-30,0.987312,PCT,SYNTHETIC,src/generate_history.py seed 42,2026-08-31T00:00:00Z,MONTHLY,SYNTHETIC
ust_2y,2023-10-31,1.519512,PCT,SYNTHETIC,src/generate_history.py seed 42,2026-08-31T00:00:00Z,MONTHLY,SYNTHETIC
ust_2y,2023-11-30,0.852703,PCT,SYNTHETIC,src/generate_history.py seed 42,2026-08-31T00:00:00Z,MONTHLY,SYNTHETIC
ust_2y,2023-12-31,0.975535,PCT,SYNTHETIC,src/generate_history.py seed 42,2026-08-31T00:00:00Z,MONTHLY,SYNTHETIC
ust_2y,2024-01-31,1.098452,PCT,SYNTHETIC,src/generate_history.py seed 42,2026-08-31T00:00:00Z,MONTHLY,SYNTHETIC
ust_2y,2024-02-29,0.760442,PCT,SYNTHETIC,src/generate_history.py seed 42,2026-08-31T00:00:00Z,MONTHLY,SYNTHETIC
ust_2y,2024-03-31,1.097064,PCT,SYNTHETIC,src/generate_history.py seed 42,2026-08-31T00:00:00Z,MONTHLY,SYNTHETIC
ust_2y,2024-04-30,0.906508,PCT,SYNTHETIC,src/generate_history.py seed 42,2026-08-31T00:00:00Z,MONTHLY,SYNTHETIC
ust_2y,2024-05-31,1.499903,PCT,SYNTHETIC,src/generate_history.py seed 42,2026-08-31T00:00:00Z,MONTHLY,SYNTHETIC
ust_2y,2024-06-30,1.269493,PCT,SYNTHETIC,src/generate_history.py seed 42,2026-08-31T00:00:00Z,MONTHLY,SYNTHETIC
ust_2y,2024-07-31,1.483416,PCT,SYNTHETIC,src/generate_history.py seed 42,2026-08-31T00:00:00Z,MONTHLY,SYNTHETIC
ust_2y,2024-08-31,1.04745,PCT,SYNTHETIC,src/generate_history.py seed 42,2026-08-31T00:00:00Z,MONTHLY,SYNTHETIC
ust_2y,2024-09-30,0.832251,PCT,SYNTHETIC,src/generate_history.py seed 42,2026-08-31T00:00:00Z,MONTHLY,SYNTHETIC
ust_2y,2024-10-31,0.699301,PCT,SYNTHETIC,src/generate_history.py seed 42,2026-08-31T00:00:00Z,MONTHLY,SYNTHETIC
ust_2y,2024-11-30,1.292391,PCT,SYNTHETIC,src/generate_history.py seed 42,2026-08-31T00:00:00Z,MONTHLY,SYNTHETIC
ust_2y,2024-12-31,0.763817,PCT,SYNTHETIC,src/generate_history.py seed 42,2026-08-31T00:00:00Z,MONTHLY,SYNTHETIC
ust_2y,2025-01-31,1.413448,PCT,SYNTHETIC,src/generate_history.py seed 42,2026-08-31T00:00:00Z,MONTHLY,SYNTHETIC
ust_2y,2025-02-28,1.112409,PCT,SYNTHETIC,src/generate_history.py seed 42,2026-08-31T00:00:00Z,MONTHLY,SYNTHETIC
ust_2y,2025-03-31,0.702475,PCT,SYNTHETIC,src/generate_history.py seed 42,2026-08-31T00:00:00Z,MONTHLY,SYNTHETIC
ust_2y,2025-04-30,0.549273,PCT,SYNTHETIC,src/generate_history.py seed 42,2026-08-31T00:00:00Z,MONTHLY,SYNTHETIC
ust_2y,2025-05-31,1.424695,PCT,SYNTHETIC,src/generate_history.py seed 42,2026-08-31T00:00:00Z,MONTHLY,SYNTHETIC
ust_2y,2025-06-30,1.02671,PCT,SYNTHETIC,src/generate_history.py seed 42,2026-08-31T00:00:00Z,MONTHLY,SYNTHETIC
ust_2y,2025-07-31,1.198356,PCT,SYNTHETIC,src/generate_history.py seed 42,2026-08-31T00:00:00Z,MONTHLY,SYNTHETIC
ust_2y,2025-08-31,0.747743,PCT,SYNTHETIC,src/generate_history.py seed 42,2026-08-31T00:00:00Z,MONTHLY,SYNTHETIC
ust_2y,2025-09-30,0.958778,PCT,SYNTHETIC,src/generate_history.py seed 42,2026-08-31T00:00:00Z,MONTHLY,SYNTHETIC
ust_2y,2025-10-31,0.928142,PCT,SYNTHETIC,src/generate_history.py seed 42,2026-08-31T00:00:00Z,MONTHLY,SYNTHETIC
ust_2y,2025-11-30,1.027797,PCT,SYNTHETIC,src/generate_history.py seed 42,2026-08-31T00:00:00Z,MONTHLY,SYNTHETIC
ust_2y,2025-12-31,0.760357,PCT,SYNTHETIC,src/generate_history.py seed 42,2026-08-31T00:00:00Z,MONTHLY,SYNTHETIC
ust_2y,2026-01-31,0.911095,PCT,SYNTHETIC,src/generate_history.py seed 42,2026-08-31T00:00:00Z,MONTHLY,SYNTHETIC
ust_2y,2026-02-28,0.692063,PCT,SYNTHETIC,src/generate_history.py seed 42,2026-08-31T00:00:00Z,MONTHLY,SYNTHETIC
ust_2y,2026-03-31,0.948193,PCT,SYNTHETIC,src/generate_history.py seed 42,2026-08-31T00:00:00Z,MONTHLY,SYNTHETIC
ust_2y,2026-04-30,1.055421,PCT,SYNTHETIC,src/generate_history.py seed 42,2026-08-31T00:00:00Z,MONTHLY,SYNTHETIC
ust_2y,2026-05-31,1.023064,PCT,SYNTHETIC,src/generate_history.py seed 42,2026-08-31T00:00:00Z,MONTHLY,SYNTHETIC
ust_2y,2026-06-30,0.742723,PCT,SYNTHETIC,src/generate_history.py seed 42,2026-08-31T00:00:00Z,MONTHLY,SYNTHETIC
ust_2y,2026-07-31,0.305596,PCT,SYNTHETIC,src/generate_history.py seed 42,2026-08-31T00:00:00Z,MONTHLY,SYNTHETIC
